{
	"format_version": "1.21.6",
	"credit": "Made with Blockbench",
	"textures": {
		"0": "block/oak_planks",
		"1": "block/stripped_oak_log",
		"2": "block/stripped_oak_log_top",
		"particle": "block/stripped_oak_log"
	},
	"elements": [
		{
			"name": "Back_Support",
			"from": [14, 9, 12],
			"to": [16, 21, 16],
			"rotation": {"angle": 0, "axis": "y", "origin": [8, 7.5, 8]},
			"faces": {
				"north": {"uv": [6, 2, 8, 14], "texture": "#1"},
				"east": {"uv": [10, 0, 14, 12], "texture": "#1"},
				"south": {"uv": [5, 0, 7, 12], "texture": "#1"},
				"west": {"uv": [2, 2, 6, 14], "texture": "#1"},
				"up": {"uv": [0, 0, 2, 4], "texture": "#1"}
			}
		},
		{
			"name": "Back_Support",
			"from": [12, 9, 14],
			"to": [14, 21, 16],
			"rotation": {"angle": 0, "axis": "y", "origin": [8, 7.5, 8]},
			"faces": {
				"north": {"uv": [14, 2, 16, 14], "texture": "#1"},
				"east": {"uv": [8, 2, 10, 14], "texture": "#1"},
				"south": {"uv": [2, 2, 4, 14], "texture": "#1"},
				"west": {"uv": [8, 2, 10, 14], "texture": "#1"},
				"up": {"uv": [0, 0, 2, 2], "rotation": 270, "texture": "#1"}
			}
		},
		{
			"name": "Seat",
			"from": [1, 12, 14],
			"to": [12, 13, 16],
			"rotation": {"angle": 0, "axis": "y", "origin": [8, 7.5, 8]},
			"faces": {
				"north": {"uv": [2, 10, 13, 11], "texture": "#1"},
				"south": {"uv": [3, 0, 14, 1], "texture": "#1"},
				"west": {"uv": [6, 6, 8, 7], "rotation": 180, "texture": "#1"},
				"up": {"uv": [2, 8, 13, 10], "rotation": 180, "texture": "#1"},
				"down": {"uv": [2, 1, 13, 3], "texture": "#1"}
			}
		},
		{
			"name": "Leg2",
			"from": [2, 0, 14],
			"to": [4, 12, 16],
			"rotation": {"angle": 0, "axis": "y", "origin": [8, 7.5, 8]},
			"faces": {
				"north": {"uv": [8, 3, 10, 15], "texture": "#1"},
				"east": {"uv": [6, 3, 8, 15], "texture": "#1"},
				"south": {"uv": [4, 3, 6, 15], "texture": "#1"},
				"west": {"uv": [2, 3, 4, 15], "texture": "#1"},
				"down": {"uv": [0, 0, 2, 2], "rotation": 90, "texture": "#1"}
			}
		},
		{
			"name": "Leg3",
			"from": [2, 0, 14],
			"to": [4, 12, 16],
			"rotation": {"angle": 0, "axis": "y", "origin": [8, 7.5, 8]},
			"faces": {
				"north": {"uv": [8, 3, 10, 15], "texture": "#1"},
				"east": {"uv": [6, 3, 8, 15], "texture": "#1"},
				"south": {"uv": [4, 3, 6, 15], "texture": "#1"},
				"west": {"uv": [2, 3, 4, 15], "texture": "#1"},
				"down": {"uv": [0, 0, 2, 2], "rotation": 90, "texture": "#1"}
			}
		},
		{
			"name": "Leg3",
			"from": [12, 0, 14],
			"to": [14, 7, 16],
			"rotation": {"angle": 0, "axis": "y", "origin": [8, 7.5, 8]},
			"faces": {
				"north": {"uv": [10, 1, 12, 10], "texture": "#1"},
				"east": {"uv": [8, 1, 10, 10], "texture": "#1"},
				"south": {"uv": [0, 7, 2, 16], "texture": "#1"},
				"west": {"uv": [4, 1, 6, 10], "texture": "#1"},
				"down": {"uv": [0, 0, 2, 2], "rotation": 90, "texture": "#1"}
			}
		},
		{
			"name": "Leg3",
			"from": [4, 5, 14],
			"to": [12, 7, 15],
			"rotation": {"angle": 0, "axis": "y", "origin": [8, 7.5, 8]},
			"faces": {
				"north": {"uv": [4, 13, 12, 15], "texture": "#0"},
				"south": {"uv": [5, 9, 13, 11], "texture": "#0"},
				"down": {"uv": [7, 5, 15, 6], "rotation": 180, "texture": "#0"}
			}
		},
		{
			"name": "Leg4",
			"from": [4, 1, 14],
			"to": [12, 2, 15],
			"rotation": {"angle": 0, "axis": "y", "origin": [8, 7.5, 8]},
			"faces": {
				"north": {"uv": [4, 13, 12, 14], "texture": "#0"},
				"south": {"uv": [5, 9, 13, 10], "texture": "#0"},
				"up": {"uv": [2, 9, 10, 10], "texture": "#0"},
				"down": {"uv": [7, 5, 15, 6], "rotation": 180, "texture": "#0"}
			}
		},
		{
			"name": "Seat",
			"from": [4, 7, 14],
			"to": [14, 9, 16],
			"rotation": {"angle": 0, "axis": "y", "origin": [8, 7.5, 8]},
			"faces": {
				"east": {"uv": [0, 8, 2, 10], "rotation": 180, "texture": "#0"},
				"south": {"uv": [4, 10, 14, 12], "texture": "#0"},
				"west": {"uv": [0, 11, 2, 9], "texture": "#0"},
				"up": {"uv": [4, 11, 12, 13], "texture": "#0"},
				"down": {"uv": [3, 1, 11, 3], "rotation": 180, "texture": "#0"}
			}
		},
		{
			"name": "Seat",
			"from": [14, 7, 4],
			"to": [16, 9, 16],
			"rotation": {"angle": 0, "axis": "y", "origin": [8, 7.5, 8]},
			"faces": {
				"north": {"uv": [0, 8, 2, 10], "rotation": 180, "texture": "#0"},
				"east": {"uv": [4, 10, 16, 12], "texture": "#0"},
				"south": {"uv": [1, 10, 3, 12], "texture": "#0"},
				"up": {"uv": [4, 11, 12, 13], "rotation": 270, "texture": "#0"},
				"down": {"uv": [3, 1, 11, 3], "rotation": 270, "texture": "#0"}
			}
		},
		{
			"name": "Seat",
			"from": [14, 12, 1],
			"to": [16, 13, 12],
			"rotation": {"angle": 0, "axis": "y", "origin": [8, 7.5, 8]},
			"faces": {
				"north": {"uv": [6, 6, 8, 7], "rotation": 180, "texture": "#1"},
				"east": {"uv": [2, 10, 13, 11], "texture": "#1"},
				"west": {"uv": [3, 0, 14, 1], "texture": "#1"},
				"up": {"uv": [2, 8, 13, 10], "rotation": 270, "texture": "#1"},
				"down": {"uv": [2, 1, 13, 3], "rotation": 270, "texture": "#1"}
			}
		},
		{
			"name": "Leg1",
			"from": [14, 0, 2],
			"to": [16, 12, 4],
			"rotation": {"angle": 0, "axis": "y", "origin": [8, 7, 8.75]},
			"faces": {
				"north": {"uv": [5, 2, 7, 14], "texture": "#1"},
				"east": {"uv": [11, 2, 13, 14], "texture": "#1"},
				"south": {"uv": [9, 2, 11, 14], "texture": "#1"},
				"west": {"uv": [7, 2, 9, 14], "texture": "#1"},
				"down": {"uv": [0, 0, 2, 2], "texture": "#1"}
			}
		},
		{
			"name": "Leg5",
			"from": [14, 1, 4],
			"to": [15, 2, 12],
			"rotation": {"angle": 0, "axis": "y", "origin": [8, 7, 8]},
			"faces": {
				"east": {"uv": [0, 13, 8, 14], "texture": "#0"},
				"west": {"uv": [8, 10, 16, 11], "texture": "#0"},
				"up": {"uv": [3, 9, 11, 10], "rotation": 90, "texture": "#0"},
				"down": {"uv": [1, 10, 9, 11], "rotation": 90, "texture": "#0"}
			}
		},
		{
			"name": "Seat",
			"from": [4, 5, 3],
			"to": [14, 7, 4],
			"rotation": {"angle": 0, "axis": "y", "origin": [8, 7.5, 8]},
			"faces": {
				"north": {"uv": [3, 13, 13, 15], "texture": "#0"},
				"south": {"uv": [2, 9, 12, 11], "rotation": 180, "texture": "#0"},
				"down": {"uv": [3, 13, 13, 14], "texture": "#0"}
			}
		},
		{
			"name": "Seat",
			"from": [12, 5, 12],
			"to": [14, 7, 13],
			"rotation": {"angle": 0, "axis": "y", "origin": [8, 7.5, 8]},
			"faces": {
				"north": {"uv": [2, 9, 4, 11], "texture": "#0"},
				"south": {"uv": [3, 1, 15, 3], "rotation": 180, "texture": "#0"},
				"west": {"uv": [7, 8, 8, 10], "texture": "#0"},
				"down": {"uv": [3, 13, 5, 14], "texture": "#0"}
			}
		},
		{
			"name": "Leg4",
			"from": [14, 5, 4],
			"to": [15, 7, 12],
			"rotation": {"angle": 0, "axis": "y", "origin": [8, 7, 8]},
			"faces": {
				"east": {"uv": [5, 9, 13, 11], "texture": "#0"},
				"west": {"uv": [4, 13, 12, 15], "texture": "#0"},
				"down": {"uv": [7, 5, 15, 6], "rotation": 270, "texture": "#0"}
			}
		},
		{
			"name": "Seat",
			"from": [2, 7, 2],
			"to": [14, 9, 14],
			"rotation": {"angle": 0, "axis": "y", "origin": [13.5, 0, 13.5]},
			"faces": {
				"north": {"uv": [0, 2, 12, 4], "texture": "#0"},
				"east": {"uv": [4, 10, 16, 12], "texture": "#0"},
				"west": {"uv": [0, 2, 12, 4], "texture": "#0"},
				"up": {"uv": [2, 2, 14, 14], "rotation": 270, "texture": "#2"},
				"down": {"uv": [0, 5, 12, 15], "rotation": 90, "texture": "#0"}
			}
		},
		{
			"name": "Seat",
			"from": [3, 5, 3],
			"to": [4, 7, 14],
			"rotation": {"angle": 0, "axis": "y", "origin": [13.5, 0, 13.5]},
			"faces": {
				"north": {"uv": [5, 5, 6, 7], "texture": "#0"},
				"east": {"uv": [2, 9, 13, 11], "rotation": 180, "texture": "#0"},
				"west": {"uv": [3, 13, 14, 15], "texture": "#0"},
				"down": {"uv": [3, 13, 14, 14], "rotation": 90, "texture": "#0"}
			}
		},
		{
			"name": "Seat",
			"from": [12, 5, 13],
			"to": [13, 7, 14],
			"rotation": {"angle": 0, "axis": "y", "origin": [13.5, 0, 13.5]},
			"faces": {
				"east": {"uv": [3, 1, 15, 3], "rotation": 180, "texture": "#0"},
				"west": {"uv": [4, 9, 5, 11], "texture": "#0"},
				"down": {"uv": [3, 13, 4, 14], "rotation": 90, "texture": "#0"}
			}
		},
		{
			"name": "Leg4",
			"from": [14, 0, 12],
			"to": [16, 7, 16],
			"rotation": {"angle": 0, "axis": "y", "origin": [8, 7, 8]},
			"faces": {
				"north": {"uv": [4, 5, 6, 14], "texture": "#1"},
				"east": {"uv": [12, 7, 16, 16], "texture": "#1"},
				"south": {"uv": [2, 7, 4, 16], "texture": "#1"},
				"west": {"uv": [6, 5, 10, 14], "texture": "#1"},
				"down": {"uv": [0, 0, 2, 2], "texture": "#1"}
			}
		}
	],
	"display": {
		"thirdperson_righthand": {
			"rotation": [45, 0, 0],
			"translation": [0, 1, 0],
			"scale": [0.35, 0.35, 0.35]
		},
		"thirdperson_lefthand": {
			"rotation": [45, 0, 0],
			"translation": [0, 1, 0],
			"scale": [0.35, 0.35, 0.35]
		},
		"firstperson_righthand": {
			"rotation": [-10, 15, 0],
			"translation": [1, 0, 0],
			"scale": [0.4, 0.4, 0.4]
		},
		"firstperson_lefthand": {
			"rotation": [-10, 15, 0],
			"translation": [1, 0, 0],
			"scale": [0.4, 0.4, 0.4]
		},
		"ground": {
			"translation": [0, 1, 0],
			"scale": [0.3, 0.3, 0.3]
		},
		"gui": {
			"rotation": [35, -135, 0],
			"translation": [0, -1.5, 0],
			"scale": [0.5, 0.5, 0.5]
		},
		"head": {
			"translation": [0, 2.4, 0]
		}
	},
	"groups": [
		0,
		{
			"name": "Seat",
			"origin": [8, 7.5, 8],
			"color": 0,
			"children": [1, 2, 3, 4, 5, 6, 7, 8]
		},
		9,
		10,
		11,
		12,
		{
			"name": "Leg4",
			"origin": [8, 7, 8],
			"color": 0,
			"children": [
				13,
				14,
				15,
				{
					"name": "Leg4",
					"origin": [8, 7, 8],
					"color": 0,
					"children": [16, 17, 18]
				}
			]
		},
		19
	]
}