{
	"format_version": "1.21.6",
	"credit": "Made with Blockbench",
	"textures": {
		"0": "block/oak_planks",
		"1": "block/stripped_oak_log",
		"particle": "block/stripped_oak_log"
	},
	"elements": [
		{
			"name": "Seat",
			"from": [2, 7, 0],
			"to": [13, 9, 2],
			"rotation": {"angle": 0, "axis": "y", "origin": [8, 0, 8]},
			"faces": {
				"north": {"uv": [4, 10, 15, 12], "texture": "#0"},
				"east": {"uv": [0, 13, 2, 11], "texture": "#0"},
				"up": {"uv": [4, 12, 15, 14], "rotation": 180, "texture": "#0"},
				"down": {"uv": [3, 1, 14, 3], "texture": "#0"}
			}
		},
		{
			"name": "Seat",
			"from": [0, 7, 2],
			"to": [2, 9, 12],
			"rotation": {"angle": 0, "axis": "y", "origin": [8, 0, 8]},
			"faces": {
				"west": {"uv": [0, 2, 10, 4], "texture": "#0"},
				"up": {"uv": [6, 10, 16, 8], "rotation": 270, "texture": "#0"},
				"down": {"uv": [3, 2, 13, 4], "rotation": 270, "texture": "#0"}
			}
		},
		{
			"name": "Leg2",
			"from": [0, 0, 0],
			"to": [2, 9, 2],
			"rotation": {"angle": 0, "axis": "y", "origin": [8, 0, 6]},
			"faces": {
				"north": {"uv": [5, 2, 7, 14], "texture": "#1"},
				"east": {"uv": [11, 2, 13, 14], "texture": "#1"},
				"south": {"uv": [9, 2, 11, 14], "texture": "#1"},
				"west": {"uv": [7, 2, 9, 14], "texture": "#1"},
				"up": {"uv": [7, 6, 9, 8], "texture": "#1"},
				"down": {"uv": [0, 0, 2, 2], "texture": "#1"}
			}
		},
		{
			"name": "Back_Support",
			"from": [12, 9, 12],
			"to": [14, 21, 14],
			"rotation": {"angle": 0, "axis": "y", "origin": [8, 0, 8]},
			"faces": {
				"north": {"uv": [6, 2, 8, 14], "texture": "#1"},
				"east": {"uv": [11, 2, 13, 14], "texture": "#1"},
				"south": {"uv": [9, 2, 11, 14], "texture": "#1"},
				"west": {"uv": [2, 2, 4, 14], "texture": "#1"},
				"up": {"uv": [0, 0, 2, 2], "texture": "#1"}
			}
		},
		{
			"name": "Leg6",
			"from": [12, 0, 12],
			"to": [14, 9, 14],
			"rotation": {"angle": 0, "axis": "y", "origin": [8, 0, 8]},
			"faces": {
				"north": {"uv": [4, 5, 6, 14], "texture": "#1"},
				"east": {"uv": [10, 5, 12, 14], "texture": "#1"},
				"south": {"uv": [8, 5, 10, 14], "texture": "#1"},
				"west": {"uv": [6, 5, 8, 14], "texture": "#1"},
				"down": {"uv": [0, 0, 2, 2], "texture": "#1"}
			}
		},
		{
			"name": "Seat",
			"from": [2, 7, 2],
			"to": [13, 9, 12],
			"rotation": {"angle": 0, "axis": "y", "origin": [8, 0, 8]},
			"faces": {
				"east": {"uv": [2, 10, 16, 12], "texture": "#0"},
				"up": {"uv": [2, 1, 12, 12], "rotation": 270, "texture": "#0"},
				"down": {"uv": [0, 5, 14, 15], "rotation": 90, "texture": "#0"}
			}
		},
		{
			"name": "Seat",
			"from": [0, 7, 12],
			"to": [12, 9, 13],
			"rotation": {"angle": 0, "axis": "y", "origin": [8, 0, 8]},
			"faces": {
				"south": {"uv": [2, 10, 14, 12], "texture": "#0"},
				"west": {"uv": [5, 1, 6, 3], "texture": "#0"},
				"up": {"uv": [2, 11, 14, 12], "texture": "#0"}
			}
		},
		{
			"name": "Back_Beam",
			"from": [12.5, 17, 0],
			"to": [13.5, 19, 12],
			"rotation": {"angle": 0, "axis": "y", "origin": [8, 0, 8]},
			"faces": {
				"north": {"uv": [0, 5, 1, 7], "texture": "#0"},
				"east": {"uv": [2, 13, 12, 15], "texture": "#0"},
				"west": {"uv": [2, 12, 12, 14], "texture": "#0"},
				"up": {"uv": [2, 4, 12, 5], "rotation": 270, "texture": "#0"},
				"down": {"uv": [0, 0, 10, 1], "rotation": 90, "texture": "#0"}
			}
		},
		{
			"name": "Back_Beam",
			"from": [12.5, 14, 0],
			"to": [13.5, 16, 12],
			"rotation": {"angle": 0, "axis": "y", "origin": [8, 0, 8]},
			"faces": {
				"north": {"uv": [0, 1, 1, 3], "texture": "#0"},
				"east": {"uv": [0, 4, 10, 6], "texture": "#0"},
				"west": {"uv": [0, 4, 10, 6], "texture": "#0"},
				"up": {"uv": [2, 5, 12, 6], "rotation": 270, "texture": "#0"},
				"down": {"uv": [0, 0, 10, 1], "rotation": 90, "texture": "#0"}
			}
		},
		{
			"name": "Back_Beam",
			"from": [12.5, 11, 0],
			"to": [13.5, 13, 12],
			"rotation": {"angle": 0, "axis": "y", "origin": [8, 0, 8]},
			"faces": {
				"north": {"uv": [1, 5, 2, 7], "texture": "#0"},
				"east": {"uv": [2, 8, 12, 10], "texture": "#0"},
				"west": {"uv": [2, 9, 12, 11], "texture": "#0"},
				"up": {"uv": [2, 5, 12, 6], "rotation": 270, "texture": "#0"},
				"down": {"uv": [0, 0, 10, 1], "rotation": 90, "texture": "#0"}
			}
		},
		{
			"name": "Back_Beam",
			"from": [0, 11, 12.5],
			"to": [12, 13, 13.5],
			"rotation": {"angle": 0, "axis": "y", "origin": [8, 0, 8]},
			"faces": {
				"north": {"uv": [2, 9, 14, 11], "texture": "#0"},
				"south": {"uv": [2, 8, 14, 10], "texture": "#0"},
				"west": {"uv": [3, 1, 4, 3], "texture": "#0"},
				"up": {"uv": [2, 5, 14, 6], "texture": "#0"},
				"down": {"uv": [0, 0, 12, 1], "texture": "#0"}
			}
		},
		{
			"name": "Back_Beam",
			"from": [0, 14, 12.5],
			"to": [12, 16, 13.5],
			"rotation": {"angle": 0, "axis": "y", "origin": [8, 0, 8]},
			"faces": {
				"north": {"uv": [0, 4, 12, 6], "texture": "#0"},
				"south": {"uv": [0, 4, 12, 6], "texture": "#0"},
				"west": {"uv": [0, 0, 1, 2], "texture": "#0"},
				"up": {"uv": [2, 5, 14, 6], "texture": "#0"},
				"down": {"uv": [0, 0, 12, 1], "texture": "#0"}
			}
		},
		{
			"name": "Back_Beam",
			"from": [0, 17, 12.5],
			"to": [12, 19, 13.5],
			"rotation": {"angle": 0, "axis": "y", "origin": [8, 0, 8]},
			"faces": {
				"north": {"uv": [2, 12, 14, 14], "texture": "#0"},
				"south": {"uv": [2, 13, 14, 15], "texture": "#0"},
				"west": {"uv": [3, 1, 4, 3], "texture": "#0"},
				"up": {"uv": [2, 4, 14, 5], "texture": "#0"},
				"down": {"uv": [0, 0, 12, 1], "texture": "#0"}
			}
		},
		{
			"name": "Leg4",
			"from": [2, 5, 0],
			"to": [12, 7, 1],
			"rotation": {"angle": 0, "axis": "y", "origin": [8, 0, 8]},
			"faces": {
				"north": {"uv": [4, 7, 14, 9], "texture": "#0"},
				"south": {"uv": [4, 13, 14, 15], "texture": "#0"},
				"down": {"uv": [6, 5, 16, 6], "texture": "#0"}
			}
		},
		{
			"name": "Leg5",
			"from": [0, 5, 2],
			"to": [1, 7, 12],
			"rotation": {"angle": 0, "axis": "y", "origin": [8, 0, 8]},
			"faces": {
				"east": {"uv": [4, 13, 14, 15], "texture": "#0"},
				"west": {"uv": [2, 11, 12, 13], "texture": "#0"},
				"down": {"uv": [6, 5, 16, 6], "rotation": 90, "texture": "#0"}
			}
		},
		{
			"name": "Leg5",
			"from": [0, 5, 12],
			"to": [12, 7, 13],
			"rotation": {"angle": 0, "axis": "y", "origin": [8, 0, 8]},
			"faces": {
				"north": {"uv": [4, 13, 15, 15], "texture": "#0"},
				"south": {"uv": [5, 9, 16, 11], "texture": "#0"},
				"west": {"uv": [14, 9, 15, 11], "texture": "#0"},
				"down": {"uv": [5, 5, 16, 6], "rotation": 180, "texture": "#0"}
			}
		},
		{
			"name": "Leg6",
			"from": [12, 5, 0],
			"to": [13, 7, 12],
			"rotation": {"angle": 0, "axis": "y", "origin": [8, 0, 8]},
			"faces": {
				"north": {"uv": [2, 5, 3, 7], "texture": "#0"},
				"east": {"uv": [5, 9, 13, 11], "texture": "#0"},
				"west": {"uv": [4, 13, 12, 15], "texture": "#0"},
				"down": {"uv": [7, 5, 15, 6], "rotation": 270, "texture": "#0"}
			}
		}
	],
	"display": {
		"thirdperson_righthand": {
			"rotation": [45, 0, 0],
			"translation": [0, 1, 0],
			"scale": [0.35, 0.35, 0.35]
		},
		"thirdperson_lefthand": {
			"rotation": [45, 0, 0],
			"translation": [0, 1, 0],
			"scale": [0.35, 0.35, 0.35]
		},
		"firstperson_righthand": {
			"rotation": [-10, 15, 0],
			"translation": [1, 0, 0],
			"scale": [0.4, 0.4, 0.4]
		},
		"firstperson_lefthand": {
			"rotation": [-10, 15, 0],
			"translation": [1, 0, 0],
			"scale": [0.4, 0.4, 0.4]
		},
		"ground": {
			"translation": [0, 1, 0],
			"scale": [0.3, 0.3, 0.3]
		},
		"gui": {
			"rotation": [35, -135, 0],
			"translation": [0, -1.5, 0],
			"scale": [0.5, 0.5, 0.5]
		},
		"head": {
			"translation": [0, 2.4, 0]
		},
		"fixed": {
			"translation": [0, -1.6, 0]
		}
	},
	"groups": [
		{
			"name": "Back_Support",
			"origin": [8, 7.5, 8],
			"color": 0,
			"children": [0]
		},
		{
			"name": "Back_Support",
			"origin": [8, 7.5, 8],
			"color": 0,
			"children": [1, 2, 3, 4]
		},
		5,
		6,
		7,
		8,
		9,
		10,
		11,
		12,
		13,
		14,
		15,
		16
	]
}