{
    "type": "minecraft:crafting_shaped",
    "category": "misc",
    "group": "bench_basic",
    "key": {
      "#": "minecraft:birch_slab",
      "X": "minecraft:stick"
    },
    "pattern": [
      "#X ",
      "## ",
      "XX "
    ],
    "result": {
      "components": {
        "minecraft:item_model": "tac:bench/basic/birch_basic_bench",
        "minecraft:custom_model_data": {
          "floats": [0]
        },
        "minecraft:max_stack_size": 64,
        "minecraft:entity_data": {
          "id": "minecraft:armor_stand",
          "Tags": [
            "bench",
          "tac"
          ],
          "equipment":{
            "feet": {
              "id": "minecraft:armor_stand",
              "components": {
                "minecraft:custom_data": {
                  "model": "bench",
                  "type": "basic",
                  "mat": "birch",
                  "rotation": 0,
                  "tac": true
                }
              }
            }
          },
          "ArmorItems": [
            {
              "id": "minecraft:armor_stand",
              "components": {
                "minecraft:custom_data": {
                  "model": "bench",
                  "type": "basic",
                  "mat": "birch",
                  "rotation": 0,
                  "tac": true
                }
              }
            }
          ],
          "Invisible": true
        },
        "minecraft:custom_data": {
          "model": "bench",
          "type": "basic",
          "mat": "birch",
          "rotation": 0,
          "tac": true
        },
        "minecraft:custom_name": {"translate":"tac.bench.birch.basic","italic":false}
      },
      "count": 1,
      "id": "minecraft:armor_stand"
    }
  }