{
	"format_version": "1.21.6",
	"credit": "Made with Blockbench",
	"texture_size": [8, 8],
	"textures": {
		"0": "block/oak_planks",
		"particle": "block/oak_planks"
	},
	"elements": [
		{
			"from": [2.5, 8, 19.75],
			"to": [3.5, 9.5, 20.75],
			"rotation": {"angle": 0, "axis": "x", "origin": [11, 0.5, 28.25]},
			"faces": {
				"north": {"uv": [2.5, 0, 0.5, 3], "texture": "#0"},
				"east": {"uv": [5, 2, 3, 5], "texture": "#0"},
				"south": {"uv": [2.5, 0, 0.5, 3], "texture": "#0"},
				"west": {"uv": [5, 2, 3, 5], "texture": "#0"},
				"up": {"uv": [5, 2.5, 3, 4.5], "texture": "#0"},
				"down": {"uv": [2, 2.5, 0, 4.5], "texture": "#0"}
			}
		}
	],
	"display": {
		"thirdperson_righthand": {
			"translation": [0, 1.5, 0],
			"scale": [0.2, 0.2, 0.2]
		},
		"thirdperson_lefthand": {
			"translation": [0, 1.5, 0],
			"scale": [0.2, 0.2, 0.2]
		},
		"firstperson_righthand": {
			"translation": [0, 1.5, 0],
			"scale": [0.2, 0.2, 0.2]
		},
		"firstperson_lefthand": {
			"translation": [0, 1.5, 0],
			"scale": [0.2, 0.2, 0.2]
		},
		"ground": {
			"translation": [0, 1.5, 0],
			"scale": [0.2, 0.2, 0.2]
		},
		"gui": {
			"rotation": [30, 150, 0],
			"translation": [0.75, -2, 0],
			"scale": [0.5, 0.5, 0.5]
		},
		"head": {
			"translation": [0, 1.5, 0],
			"scale": [0.2, 0.2, 0.2]
		},
		"fixed": {
			"rotation": [-90, -90, 0],
			"translation": [0, 0, -6]
		}
	},
	"groups": [
		{
			"name": "Knarr",
			"origin": [8, 8, 8],
			"color": 0,
			"children": [
				{
					"name": "Hull",
					"origin": [8, 8, 8],
					"color": 0,
					"children": [
						{
							"name": "Right",
							"origin": [8, 8, 8],
							"color": 0,
							"children": [
								{
									"name": "0",
									"origin": [0, 0, 0],
									"color": 0,
									"children": [
										{
											"name": "Front",
											"origin": [0, 0, 0],
											"color": 0,
											"children": []
										},
										{
											"name": "Back",
											"origin": [0, 0, 0],
											"color": 0,
											"children": []
										},
										{
											"name": "Mid",
											"origin": [0, 0, 0],
											"color": 0,
											"children": []
										}
									]
								},
								{
									"name": "0",
									"origin": [0, 0, 0],
									"color": 0,
									"children": [
										{
											"name": "Front",
											"origin": [0, 0, 0],
											"color": 0,
											"children": []
										},
										{
											"name": "Back",
											"origin": [0, 0, 0],
											"color": 0,
											"children": []
										},
										{
											"name": "Mid",
											"origin": [0, 0, 0],
											"color": 0,
											"children": []
										}
									]
								},
								{
									"name": "0",
									"origin": [0, 0, 0],
									"color": 0,
									"children": [
										{
											"name": "Front",
											"origin": [0, 0, 0],
											"color": 0,
											"children": []
										},
										{
											"name": "Back",
											"origin": [0, 0, 0],
											"color": 0,
											"children": []
										},
										{
											"name": "Mid",
											"origin": [0, 0, 0],
											"color": 0,
											"children": []
										}
									]
								},
								{
									"name": "0",
									"origin": [0, 0, 0],
									"color": 0,
									"children": [
										{
											"name": "Front",
											"origin": [0, 0, 0],
											"color": 0,
											"children": []
										},
										{
											"name": "Back",
											"origin": [0, 0, 0],
											"color": 0,
											"children": [0]
										},
										{
											"name": "Mid",
											"origin": [0, 0, 0],
											"color": 0,
											"children": []
										}
									]
								},
								{
									"name": "0",
									"origin": [0, 0, 0],
									"color": 0,
									"children": [
										{
											"name": "Front",
											"origin": [0, 0, 0],
											"color": 0,
											"children": []
										},
										{
											"name": "Back",
											"origin": [0, 0, 0],
											"color": 0,
											"children": []
										},
										{
											"name": "Mid",
											"origin": [0, 0, 0],
											"color": 0,
											"children": []
										}
									]
								}
							]
						},
						{
							"name": "Left",
							"origin": [8, 8, 8],
							"color": 0,
							"children": [
								{
									"name": "0",
									"origin": [0, 0, 0],
									"color": 0,
									"children": [
										{
											"name": "Front",
											"origin": [0, 0, 0],
											"color": 0,
											"children": []
										},
										{
											"name": "Back",
											"origin": [0, 0, 0],
											"color": 0,
											"children": []
										},
										{
											"name": "Mid",
											"origin": [0, 0, 0],
											"color": 0,
											"children": []
										}
									]
								},
								{
									"name": "0",
									"origin": [0, 0, 0],
									"color": 0,
									"children": [
										{
											"name": "Front",
											"origin": [0, 0, 0],
											"color": 0,
											"children": []
										},
										{
											"name": "Back",
											"origin": [0, 0, 0],
											"color": 0,
											"children": []
										},
										{
											"name": "Mid",
											"origin": [0, 0, 0],
											"color": 0,
											"children": []
										}
									]
								},
								{
									"name": "0",
									"origin": [0, 0, 0],
									"color": 0,
									"children": [
										{
											"name": "Front",
											"origin": [0, 0, 0],
											"color": 0,
											"children": []
										},
										{
											"name": "Back",
											"origin": [0, 0, 0],
											"color": 0,
											"children": []
										},
										{
											"name": "Mid",
											"origin": [0, 0, 0],
											"color": 0,
											"children": []
										}
									]
								},
								{
									"name": "0",
									"origin": [0, 0, 0],
									"color": 0,
									"children": [
										{
											"name": "Front",
											"origin": [0, 0, 0],
											"color": 0,
											"children": []
										},
										{
											"name": "Back",
											"origin": [0, 0, 0],
											"color": 0,
											"children": []
										},
										{
											"name": "Mid",
											"origin": [0, 0, 0],
											"color": 0,
											"children": []
										}
									]
								},
								{
									"name": "0",
									"origin": [0, 0, 0],
									"color": 0,
									"children": [
										{
											"name": "Front",
											"origin": [0, 0, 0],
											"color": 0,
											"children": []
										},
										{
											"name": "Back",
											"origin": [0, 0, 0],
											"color": 0,
											"children": []
										},
										{
											"name": "Mid",
											"origin": [0, 0, 0],
											"color": 0,
											"children": []
										}
									]
								}
							]
						},
						{
							"name": "0",
							"origin": [0, 0, 0],
							"color": 0,
							"children": [
								{
									"name": "Front",
									"origin": [0, 0, 0],
									"color": 0,
									"children": []
								},
								{
									"name": "Back",
									"origin": [0, 0, 0],
									"color": 0,
									"children": []
								},
								{
									"name": "Mid",
									"origin": [0, 0, 0],
									"color": 0,
									"children": []
								}
							]
						}
					]
				},
				{
					"name": "Floor",
					"origin": [0, 0, 16],
					"color": 0,
					"children": []
				},
				{
					"name": "Mast",
					"origin": [8, 8, 8],
					"color": 0,
					"children": []
				},
				{
					"name": "Seats",
					"origin": [8, 8, 8],
					"color": 0,
					"children": []
				}
			]
		}
	]
}