{
  "type": "minecraft:crafting_shaped",
  "category": "misc",
  "group": "chair_throne",
  "key": {
    "#": "minecraft:gold_block",
    "X": "minecraft:stick"
  },
  "pattern": [
    "#X ",
    "###",
    "X X"
  ],
  "result": {
    "components": {
      "minecraft:item_model": "tac:chair/throne/gold_throne_chair",
      "minecraft:custom_model_data": {
        "strings": [""]
      },
      "minecraft:max_stack_size": 64,
      "minecraft:entity_data": {
        "id": "minecraft:armor_stand",
        "Tags": [
          "chair",
          "tac"
        ],
        "equipment":{
          "feet": {
            "id": "minecraft:armor_stand",
            "components": {
              "minecraft:custom_data": {
                "model": "chair",
                "type": "throne",
                "mat": "gold",
                "tac": true
              }
            }
          }
        },
        "ArmorItems": [
          {
            "id": "minecraft:armor_stand",
            "components": {
              "minecraft:custom_data": {
                "model": "chair",
                "type": "throne",
                "mat": "gold",
                "tac": true
              }
            }
          }
        ],
        "Invisible": true
      },
      "minecraft:custom_data": {
        "model": "chair",
        "type": "throne",
        "mat": "gold",
        "tac": true
      },
      "minecraft:custom_name": {"translate":"tac.chair.gold.throne","italic":false}
    },
    "count": 1,
    "id": "minecraft:armor_stand"
  }
}