{
	"format_version": "1.21.6",
	"credit": "Made with Blockbench",
	"texture_size": [8, 8],
	"textures": {
		"0": "block/oak_planks",
		"2": "block/oak_log",
		"3": "block/white_wool",
		"particle": "block/oak_planks"
	},
	"elements": [
		{
			"from": [5.5, 4, -14],
			"to": [7.5, 9, -13],
			"rotation": {"angle": 0, "axis": "y", "origin": [16, 0, 0]},
			"faces": {
				"north": {"uv": [4, 0, 0, 10], "texture": "#0"},
				"east": {"uv": [2.5, 2, 0.5, 12], "texture": "#0"},
				"south": {"uv": [4, 0, 0, 10], "texture": "#0"},
				"west": {"uv": [2.5, 2, 0.5, 12], "texture": "#0"},
				"up": {"uv": [7, 0, 3, 2], "texture": "#0"},
				"down": {"uv": [4, 0, 0, 2], "texture": "#0"}
			}
		},
		{
			"from": [5.5, 0, -6],
			"to": [7.5, 1, 0],
			"rotation": {"angle": 0, "axis": "y", "origin": [16, 0, 0]},
			"faces": {
				"north": {"uv": [4, 0, 0, 2], "texture": "#0"},
				"east": {"uv": [12.5, 2, 0.5, 4], "texture": "#0"},
				"south": {"uv": [4, 0, 0, 2], "texture": "#0"},
				"west": {"uv": [12.5, 2, 0.5, 4], "texture": "#0"},
				"up": {"uv": [7, 0, 3, 12], "texture": "#0"},
				"down": {"uv": [4, 0, 0, 12], "texture": "#0"}
			}
		},
		{
			"from": [5.5, -1, -1],
			"to": [7.5, 0, 6],
			"rotation": {"angle": 0, "axis": "y", "origin": [16, 0, 0]},
			"faces": {
				"north": {"uv": [4, 0, 0, 2], "texture": "#0"},
				"east": {"uv": [14.5, 2, 0.5, 4], "texture": "#0"},
				"south": {"uv": [4, 0, 0, 2], "texture": "#0"},
				"west": {"uv": [14.5, 2, 0.5, 4], "texture": "#0"},
				"up": {"uv": [7, 0, 3, 14], "texture": "#0"},
				"down": {"uv": [4, 0, 0, 14], "texture": "#0"}
			}
		},
		{
			"from": [5.5, 1, -10],
			"to": [7.5, 2, -5],
			"rotation": {"angle": 0, "axis": "y", "origin": [16, 0, 0]},
			"faces": {
				"north": {"uv": [4, 0, 0, 2], "texture": "#0"},
				"east": {"uv": [10.5, 2, 0.5, 4], "texture": "#0"},
				"south": {"uv": [4, 0, 0, 2], "texture": "#0"},
				"west": {"uv": [10.5, 2, 0.5, 4], "texture": "#0"},
				"up": {"uv": [7, 0, 3, 10], "texture": "#0"},
				"down": {"uv": [4, 0, 0, 10], "texture": "#0"}
			}
		},
		{
			"from": [5.5, 2, -12],
			"to": [7.5, 3, -9],
			"rotation": {"angle": 0, "axis": "y", "origin": [16, 0, 0]},
			"faces": {
				"north": {"uv": [4, 0, 0, 2], "texture": "#0"},
				"east": {"uv": [6.5, 2, 0.5, 4], "texture": "#0"},
				"south": {"uv": [4, 0, 0, 2], "texture": "#0"},
				"west": {"uv": [6.5, 2, 0.5, 4], "texture": "#0"},
				"up": {"uv": [7, 0, 3, 6], "texture": "#0"},
				"down": {"uv": [4, 0, 0, 6], "texture": "#0"}
			}
		},
		{
			"from": [5.5, 3, -13],
			"to": [7.5, 5, -12],
			"rotation": {"angle": 0, "axis": "y", "origin": [16, 0, 0]},
			"faces": {
				"north": {"uv": [4, 0, 0, 4], "texture": "#0"},
				"east": {"uv": [2.5, 2, 0.5, 6], "texture": "#0"},
				"south": {"uv": [4, 0, 0, 4], "texture": "#0"},
				"west": {"uv": [2.5, 2, 0.5, 6], "texture": "#0"},
				"up": {"uv": [7, 0, 3, 2], "texture": "#0"},
				"down": {"uv": [4, 0, 0, 2], "texture": "#0"}
			}
		},
		{
			"from": [5.5, 3, -12],
			"to": [7.5, 4, -11],
			"rotation": {"angle": 0, "axis": "x", "origin": [16, 0, 16]},
			"faces": {
				"north": {"uv": [4.5, 0, 0.5, 2], "texture": "#0"},
				"east": {"uv": [3, 2, 1, 4], "texture": "#0"},
				"south": {"uv": [4.5, 0, 0.5, 2], "texture": "#0"},
				"west": {"uv": [3, 2, 1, 4], "texture": "#0"},
				"up": {"uv": [7, 0.5, 3, 2.5], "texture": "#0"},
				"down": {"uv": [4, 0.5, 0, 2.5], "texture": "#0"}
			}
		},
		{
			"from": [5.5, 4, 29],
			"to": [7.5, 10, 30],
			"rotation": {"angle": 0, "axis": "x", "origin": [16, 0, 16]},
			"faces": {
				"north": {"uv": [4.5, 0, 0.5, 12], "texture": "#0"},
				"east": {"uv": [3, 2, 1, 14], "texture": "#0"},
				"south": {"uv": [4.5, 0, 0.5, 12], "texture": "#0"},
				"west": {"uv": [3, 2, 1, 14], "texture": "#0"},
				"up": {"uv": [7, 0.5, 3, 2.5], "texture": "#0"},
				"down": {"uv": [4, 0.5, 0, 2.5], "texture": "#0"}
			}
		},
		{
			"from": [5.5, 0, 16],
			"to": [7.5, 1, 22],
			"rotation": {"angle": 0, "axis": "x", "origin": [16, 0, 16]},
			"faces": {
				"north": {"uv": [4.5, 0, 0.5, 2], "texture": "#0"},
				"east": {"uv": [15, 2, 3, 4], "texture": "#0"},
				"south": {"uv": [4.5, 0, 0.5, 2], "texture": "#0"},
				"west": {"uv": [15, 2, 3, 4], "texture": "#0"},
				"up": {"uv": [7, 2.5, 3, 14.5], "texture": "#0"},
				"down": {"uv": [4, 2.5, 0, 14.5], "texture": "#0"}
			}
		},
		{
			"from": [5.5, -1, 10],
			"to": [7.5, 0, 17],
			"rotation": {"angle": 0, "axis": "x", "origin": [16, 0, 16]},
			"faces": {
				"north": {"uv": [4.5, 0, 0.5, 2], "texture": "#0"},
				"east": {"uv": [16, 2, 2, 4], "texture": "#0"},
				"south": {"uv": [4.5, 0, 0.5, 2], "texture": "#0"},
				"west": {"uv": [16, 2, 2, 4], "texture": "#0"},
				"up": {"uv": [7, 2, 3, 16], "texture": "#0"},
				"down": {"uv": [4, 2, 0, 16], "texture": "#0"}
			}
		},
		{
			"from": [5.5, 1, 21],
			"to": [7.5, 2, 26],
			"rotation": {"angle": 0, "axis": "x", "origin": [16, 0, 16]},
			"faces": {
				"north": {"uv": [4.5, 0, 0.5, 2], "texture": "#0"},
				"east": {"uv": [12.5, 2, 2.5, 4], "texture": "#0"},
				"south": {"uv": [4.5, 0, 0.5, 2], "texture": "#0"},
				"west": {"uv": [12.5, 2, 2.5, 4], "texture": "#0"},
				"up": {"uv": [7, 2, 3, 12], "texture": "#0"},
				"down": {"uv": [4, 2, 0, 12], "texture": "#0"}
			}
		},
		{
			"from": [5.5, 2, 25],
			"to": [7.5, 3, 28],
			"rotation": {"angle": 0, "axis": "x", "origin": [16, 0, 16]},
			"faces": {
				"north": {"uv": [4.5, 0, 0.5, 2], "texture": "#0"},
				"east": {"uv": [7.5, 2, 1.5, 4], "texture": "#0"},
				"south": {"uv": [4.5, 0, 0.5, 2], "texture": "#0"},
				"west": {"uv": [7.5, 2, 1.5, 4], "texture": "#0"},
				"up": {"uv": [7, 1, 3, 7], "texture": "#0"},
				"down": {"uv": [4, 1, 0, 7], "texture": "#0"}
			}
		},
		{
			"from": [5.5, 3, 28],
			"to": [7.5, 5, 29],
			"rotation": {"angle": 0, "axis": "x", "origin": [16, 0, 16]},
			"faces": {
				"north": {"uv": [4.5, 0, 0.5, 4], "texture": "#0"},
				"east": {"uv": [3, 2, 1, 6], "texture": "#0"},
				"south": {"uv": [4.5, 0, 0.5, 4], "texture": "#0"},
				"west": {"uv": [3, 2, 1, 6], "texture": "#0"},
				"up": {"uv": [7, 0.5, 3, 2.5], "texture": "#0"},
				"down": {"uv": [4, 0.5, 0, 2.5], "texture": "#0"}
			}
		},
		{
			"from": [5.5, 3, 27],
			"to": [7.5, 4, 28],
			"rotation": {"angle": 0, "axis": "x", "origin": [16, 0, 16]},
			"faces": {
				"north": {"uv": [4.5, 0, 0.5, 2], "texture": "#0"},
				"east": {"uv": [3, 2, 1, 4], "texture": "#0"},
				"south": {"uv": [4.5, 0, 0.5, 2], "texture": "#0"},
				"west": {"uv": [3, 2, 1, 4], "texture": "#0"},
				"up": {"uv": [7, 0.5, 3, 2.5], "texture": "#0"},
				"down": {"uv": [4, 0.5, 0, 2.5], "texture": "#0"}
			}
		},
		{
			"from": [5.5, -2, 4],
			"to": [7.5, -1, 12],
			"rotation": {"angle": 0, "axis": "y", "origin": [16, 0, 0]},
			"faces": {
				"north": {"uv": [4, 0, 0, 2], "texture": "#0"},
				"east": {"uv": [16, 2, 0, 4], "texture": "#0"},
				"south": {"uv": [4, 0, 0, 2], "texture": "#0"},
				"west": {"uv": [16, 2, 0, 4], "texture": "#0"},
				"up": {"uv": [7, 0, 3, 16], "texture": "#0"},
				"down": {"uv": [4, 0, 0, 16], "texture": "#0"}
			}
		},
		{
			"from": [3.5, 1, -6],
			"to": [5.5, 2, 0],
			"rotation": {"angle": 0, "axis": "y", "origin": [16, 0, 0]},
			"faces": {
				"north": {"uv": [4, 0, 0, 2], "texture": "#0"},
				"east": {"uv": [12.5, 2, 0.5, 4], "texture": "#0"},
				"south": {"uv": [4, 0, 0, 2], "texture": "#0"},
				"west": {"uv": [12.5, 2, 0.5, 4], "texture": "#0"},
				"up": {"uv": [7, 0, 3, 12], "texture": "#0"},
				"down": {"uv": [4, 0, 0, 12], "texture": "#0"}
			}
		},
		{
			"from": [3.5, 0, -1],
			"to": [5.5, 1, 6],
			"rotation": {"angle": 0, "axis": "y", "origin": [16, 0, 0]},
			"faces": {
				"north": {"uv": [4, 0, 0, 2], "texture": "#0"},
				"east": {"uv": [14.5, 2, 0.5, 4], "texture": "#0"},
				"south": {"uv": [4, 0, 0, 2], "texture": "#0"},
				"west": {"uv": [14.5, 2, 0.5, 4], "texture": "#0"},
				"up": {"uv": [7, 0, 3, 14], "texture": "#0"},
				"down": {"uv": [4, 0, 0, 14], "texture": "#0"}
			}
		},
		{
			"from": [3.5, 2, -10],
			"to": [5.5, 3, -5],
			"rotation": {"angle": 0, "axis": "y", "origin": [16, 0, 0]},
			"faces": {
				"north": {"uv": [4, 0, 0, 2], "texture": "#0"},
				"east": {"uv": [10.5, 2, 0.5, 4], "texture": "#0"},
				"south": {"uv": [4, 0, 0, 2], "texture": "#0"},
				"west": {"uv": [10.5, 2, 0.5, 4], "texture": "#0"},
				"up": {"uv": [7, 0, 3, 10], "texture": "#0"},
				"down": {"uv": [4, 0, 0, 10], "texture": "#0"}
			}
		},
		{
			"from": [3.5, 3, -12],
			"to": [5.5, 4, -9],
			"rotation": {"angle": 0, "axis": "y", "origin": [16, 0, 0]},
			"faces": {
				"north": {"uv": [4, 0, 0, 2], "texture": "#0"},
				"east": {"uv": [6.5, 2, 0.5, 4], "texture": "#0"},
				"south": {"uv": [4, 0, 0, 2], "texture": "#0"},
				"west": {"uv": [6.5, 2, 0.5, 4], "texture": "#0"},
				"up": {"uv": [7, 0, 3, 6], "texture": "#0"},
				"down": {"uv": [4, 0, 0, 6], "texture": "#0"}
			}
		},
		{
			"from": [3.5, 4, -13],
			"to": [5.5, 8, -12],
			"rotation": {"angle": 0, "axis": "x", "origin": [16, 0, 16]},
			"faces": {
				"north": {"uv": [4.5, 0, 0.5, 8], "texture": "#0"},
				"east": {"uv": [3, 2, 1, 10], "texture": "#0"},
				"south": {"uv": [4.5, 0, 0.5, 8], "texture": "#0"},
				"west": {"uv": [3, 2, 1, 10], "texture": "#0"},
				"up": {"uv": [7, 0.5, 3, 2.5], "texture": "#0"},
				"down": {"uv": [4, 0.5, 0, 2.5], "texture": "#0"}
			}
		},
		{
			"from": [3.5, 1, 16],
			"to": [5.5, 2, 22],
			"rotation": {"angle": 0, "axis": "x", "origin": [16, 0, 16]},
			"faces": {
				"north": {"uv": [4.5, 0, 0.5, 2], "texture": "#0"},
				"east": {"uv": [15, 2, 3, 4], "texture": "#0"},
				"south": {"uv": [4.5, 0, 0.5, 2], "texture": "#0"},
				"west": {"uv": [15, 2, 3, 4], "texture": "#0"},
				"up": {"uv": [7, 2.5, 3, 14.5], "texture": "#0"},
				"down": {"uv": [4, 2.5, 0, 14.5], "texture": "#0"}
			}
		},
		{
			"from": [3.5, 0, 10],
			"to": [5.5, 1, 17],
			"rotation": {"angle": 0, "axis": "x", "origin": [16, 0, 16]},
			"faces": {
				"north": {"uv": [4.5, 0, 0.5, 2], "texture": "#0"},
				"east": {"uv": [16, 2, 2, 4], "texture": "#0"},
				"south": {"uv": [4.5, 0, 0.5, 2], "texture": "#0"},
				"west": {"uv": [16, 2, 2, 4], "texture": "#0"},
				"up": {"uv": [7, 2, 3, 16], "texture": "#0"},
				"down": {"uv": [4, 2, 0, 16], "texture": "#0"}
			}
		},
		{
			"from": [3.5, 2, 21],
			"to": [5.5, 3, 26],
			"rotation": {"angle": 0, "axis": "x", "origin": [16, 0, 16]},
			"faces": {
				"north": {"uv": [4.5, 0, 0.5, 2], "texture": "#0"},
				"east": {"uv": [12.5, 2, 2.5, 4], "texture": "#0"},
				"south": {"uv": [4.5, 0, 0.5, 2], "texture": "#0"},
				"west": {"uv": [12.5, 2, 2.5, 4], "texture": "#0"},
				"up": {"uv": [7, 2, 3, 12], "texture": "#0"},
				"down": {"uv": [4, 2, 0, 12], "texture": "#0"}
			}
		},
		{
			"from": [3.5, 3, 25],
			"to": [5.5, 4, 28],
			"rotation": {"angle": 0, "axis": "x", "origin": [16, 0, 16]},
			"faces": {
				"north": {"uv": [4.5, 0, 0.5, 2], "texture": "#0"},
				"east": {"uv": [7.5, 2, 1.5, 4], "texture": "#0"},
				"south": {"uv": [4.5, 0, 0.5, 2], "texture": "#0"},
				"west": {"uv": [7.5, 2, 1.5, 4], "texture": "#0"},
				"up": {"uv": [7, 1, 3, 7], "texture": "#0"},
				"down": {"uv": [4, 1, 0, 7], "texture": "#0"}
			}
		},
		{
			"from": [3.5, 4, 28],
			"to": [5.5, 9, 29],
			"rotation": {"angle": 0, "axis": "x", "origin": [16, 0, 16]},
			"faces": {
				"north": {"uv": [4.5, 0, 0.5, 10], "texture": "#0"},
				"east": {"uv": [3, 2, 1, 12], "texture": "#0"},
				"south": {"uv": [4.5, 0, 0.5, 10], "texture": "#0"},
				"west": {"uv": [3, 2, 1, 12], "texture": "#0"},
				"up": {"uv": [7, 0.5, 3, 2.5], "texture": "#0"},
				"down": {"uv": [4, 0.5, 0, 2.5], "texture": "#0"}
			}
		},
		{
			"from": [3.5, -1, 4],
			"to": [5.5, 0, 12],
			"rotation": {"angle": 0, "axis": "y", "origin": [16, 0, 0]},
			"faces": {
				"north": {"uv": [4, 0, 0, 2], "texture": "#0"},
				"east": {"uv": [16, 2, 0, 4], "texture": "#0"},
				"south": {"uv": [4, 0, 0, 2], "texture": "#0"},
				"west": {"uv": [16, 2, 0, 4], "texture": "#0"},
				"up": {"uv": [7, 0, 3, 16], "texture": "#0"},
				"down": {"uv": [4, 0, 0, 16], "texture": "#0"}
			}
		},
		{
			"from": [2.5, 2, -6],
			"to": [3.5, 3, 0],
			"rotation": {"angle": 0, "axis": "y", "origin": [16, 0, 0]},
			"faces": {
				"north": {"uv": [2, 0, 0, 2], "texture": "#0"},
				"east": {"uv": [12.5, 2, 0.5, 4], "texture": "#0"},
				"south": {"uv": [2, 0, 0, 2], "texture": "#0"},
				"west": {"uv": [12.5, 2, 0.5, 4], "texture": "#0"},
				"up": {"uv": [5, 0, 3, 12], "texture": "#0"},
				"down": {"uv": [2, 0, 0, 12], "texture": "#0"}
			}
		},
		{
			"from": [2.5, 1, -1],
			"to": [3.5, 2, 6],
			"rotation": {"angle": 0, "axis": "y", "origin": [16, 0, 0]},
			"faces": {
				"north": {"uv": [2, 0, 0, 2], "texture": "#0"},
				"east": {"uv": [14.5, 2, 0.5, 4], "texture": "#0"},
				"south": {"uv": [2, 0, 0, 2], "texture": "#0"},
				"west": {"uv": [14.5, 2, 0.5, 4], "texture": "#0"},
				"up": {"uv": [5, 0, 3, 14], "texture": "#0"},
				"down": {"uv": [2, 0, 0, 14], "texture": "#0"}
			}
		},
		{
			"from": [2.5, 3, -10],
			"to": [3.5, 4, -5],
			"rotation": {"angle": 0, "axis": "y", "origin": [16, 0, 0]},
			"faces": {
				"north": {"uv": [2, 0, 0, 2], "texture": "#0"},
				"east": {"uv": [10.5, 2, 0.5, 4], "texture": "#0"},
				"south": {"uv": [2, 0, 0, 2], "texture": "#0"},
				"west": {"uv": [10.5, 2, 0.5, 4], "texture": "#0"},
				"up": {"uv": [5, 0, 3, 10], "texture": "#0"},
				"down": {"uv": [2, 0, 0, 10], "texture": "#0"}
			}
		},
		{
			"from": [2.5, 4, -12],
			"to": [3.5, 7, -9],
			"rotation": {"angle": 0, "axis": "y", "origin": [16, 0, 0]},
			"faces": {
				"north": {"uv": [2, 0, 0, 6], "texture": "#0"},
				"east": {"uv": [6.5, 2, 0.5, 8], "texture": "#0"},
				"south": {"uv": [2, 0, 0, 6], "texture": "#0"},
				"west": {"uv": [6.5, 2, 0.5, 8], "texture": "#0"},
				"up": {"uv": [5, 0, 3, 6], "texture": "#0"},
				"down": {"uv": [2, 0, 0, 6], "texture": "#0"}
			}
		},
		{
			"from": [2.5, 2, 16],
			"to": [3.5, 3, 22],
			"rotation": {"angle": 0, "axis": "x", "origin": [16, 0, 16]},
			"faces": {
				"north": {"uv": [2.5, 0, 0.5, 2], "texture": "#0"},
				"east": {"uv": [15, 2, 3, 4], "texture": "#0"},
				"south": {"uv": [2.5, 0, 0.5, 2], "texture": "#0"},
				"west": {"uv": [15, 2, 3, 4], "texture": "#0"},
				"up": {"uv": [5, 2.5, 3, 14.5], "texture": "#0"},
				"down": {"uv": [2, 2.5, 0, 14.5], "texture": "#0"}
			}
		},
		{
			"from": [2.5, 1, 10],
			"to": [3.5, 2, 17],
			"rotation": {"angle": 0, "axis": "x", "origin": [16, 0, 16]},
			"faces": {
				"north": {"uv": [2.5, 0, 0.5, 2], "texture": "#0"},
				"east": {"uv": [16, 2, 2, 4], "texture": "#0"},
				"south": {"uv": [2.5, 0, 0.5, 2], "texture": "#0"},
				"west": {"uv": [16, 2, 2, 4], "texture": "#0"},
				"up": {"uv": [5, 2, 3, 16], "texture": "#0"},
				"down": {"uv": [2, 2, 0, 16], "texture": "#0"}
			}
		},
		{
			"from": [2.5, 3, 21],
			"to": [3.5, 4, 26],
			"rotation": {"angle": 0, "axis": "x", "origin": [16, 0, 16]},
			"faces": {
				"north": {"uv": [2.5, 0, 0.5, 2], "texture": "#0"},
				"east": {"uv": [12.5, 2, 2.5, 4], "texture": "#0"},
				"south": {"uv": [2.5, 0, 0.5, 2], "texture": "#0"},
				"west": {"uv": [12.5, 2, 2.5, 4], "texture": "#0"},
				"up": {"uv": [5, 2, 3, 12], "texture": "#0"},
				"down": {"uv": [2, 2, 0, 12], "texture": "#0"}
			}
		},
		{
			"from": [2.5, 4, 25],
			"to": [3.5, 8, 28],
			"rotation": {"angle": 0, "axis": "x", "origin": [16, 0, 16]},
			"faces": {
				"north": {"uv": [2.5, 0, 0.5, 8], "texture": "#0"},
				"east": {"uv": [8.5, 2, 2.5, 10], "texture": "#0"},
				"south": {"uv": [2.5, 0, 0.5, 8], "texture": "#0"},
				"west": {"uv": [8.5, 2, 2.5, 10], "texture": "#0"},
				"up": {"uv": [5, 2, 3, 8], "texture": "#0"},
				"down": {"uv": [2, 2, 0, 8], "texture": "#0"}
			}
		},
		{
			"from": [2.5, 0, 4],
			"to": [3.5, 1, 12],
			"rotation": {"angle": 0, "axis": "y", "origin": [16, 0, 0]},
			"faces": {
				"north": {"uv": [2, 0, 0, 2], "texture": "#0"},
				"east": {"uv": [16, 2, 0, 4], "texture": "#0"},
				"south": {"uv": [2, 0, 0, 2], "texture": "#0"},
				"west": {"uv": [16, 2, 0, 4], "texture": "#0"},
				"up": {"uv": [5, 0, 3, 16], "texture": "#0"},
				"down": {"uv": [2, 0, 0, 16], "texture": "#0"}
			}
		},
		{
			"from": [1.5, 3, -6],
			"to": [2.5, 4, 0],
			"rotation": {"angle": 0, "axis": "y", "origin": [16, 0, 0]},
			"faces": {
				"north": {"uv": [2, 0, 0, 2], "texture": "#0"},
				"east": {"uv": [12.5, 2, 0.5, 4], "texture": "#0"},
				"south": {"uv": [2, 0, 0, 2], "texture": "#0"},
				"west": {"uv": [12.5, 2, 0.5, 4], "texture": "#0"},
				"up": {"uv": [5, 0, 3, 12], "texture": "#0"},
				"down": {"uv": [2, 0, 0, 12], "texture": "#0"}
			}
		},
		{
			"from": [1.5, 4, -10],
			"to": [2.5, 7, -4],
			"rotation": {"angle": 0, "axis": "y", "origin": [16, 0, 0]},
			"faces": {
				"north": {"uv": [2, 0, 0, 6], "texture": "#0"},
				"east": {"uv": [12.5, 2, 0.5, 8], "texture": "#0"},
				"south": {"uv": [2, 0, 0, 6], "texture": "#0"},
				"west": {"uv": [12.5, 2, 0.5, 8], "texture": "#0"},
				"up": {"uv": [5, 0, 3, 12], "texture": "#0"},
				"down": {"uv": [2, 0, 0, 12], "texture": "#0"}
			}
		},
		{
			"from": [1.5, 2, -1],
			"to": [2.5, 3, 6],
			"rotation": {"angle": 0, "axis": "y", "origin": [16, 0, 0]},
			"faces": {
				"north": {"uv": [2, 0, 0, 2], "texture": "#0"},
				"east": {"uv": [14.5, 2, 0.5, 4], "texture": "#0"},
				"south": {"uv": [2, 0, 0, 2], "texture": "#0"},
				"west": {"uv": [14.5, 2, 0.5, 4], "texture": "#0"},
				"up": {"uv": [5, 0, 3, 14], "texture": "#0"},
				"down": {"uv": [2, 0, 0, 14], "texture": "#0"}
			}
		},
		{
			"from": [1.5, 3, 16],
			"to": [2.5, 4, 22],
			"rotation": {"angle": 0, "axis": "x", "origin": [16, 0, 16]},
			"faces": {
				"north": {"uv": [2.5, 0, 0.5, 2], "texture": "#0"},
				"east": {"uv": [15, 2, 3, 4], "texture": "#0"},
				"south": {"uv": [2.5, 0, 0.5, 2], "texture": "#0"},
				"west": {"uv": [15, 2, 3, 4], "texture": "#0"},
				"up": {"uv": [5, 2.5, 3, 14.5], "texture": "#0"},
				"down": {"uv": [2, 2.5, 0, 14.5], "texture": "#0"}
			}
		},
		{
			"from": [1.5, 4, 21],
			"to": [2.5, 7, 26],
			"rotation": {"angle": 0, "axis": "x", "origin": [16, 0, 16]},
			"faces": {
				"north": {"uv": [2.5, 0, 0.5, 6], "texture": "#0"},
				"east": {"uv": [13, 2, 3, 8], "texture": "#0"},
				"south": {"uv": [2.5, 0, 0.5, 6], "texture": "#0"},
				"west": {"uv": [13, 2, 3, 8], "texture": "#0"},
				"up": {"uv": [5, 2.5, 3, 12.5], "texture": "#0"},
				"down": {"uv": [2, 2.5, 0, 12.5], "texture": "#0"}
			}
		},
		{
			"from": [1.5, 2, 10],
			"to": [2.5, 3, 17],
			"rotation": {"angle": 0, "axis": "x", "origin": [16, 0, 16]},
			"faces": {
				"north": {"uv": [2.5, 0, 0.5, 2], "texture": "#0"},
				"east": {"uv": [16, 2, 2, 4], "texture": "#0"},
				"south": {"uv": [2.5, 0, 0.5, 2], "texture": "#0"},
				"west": {"uv": [16, 2, 2, 4], "texture": "#0"},
				"up": {"uv": [5, 2, 3, 16], "texture": "#0"},
				"down": {"uv": [2, 2, 0, 16], "texture": "#0"}
			}
		},
		{
			"from": [1.5, 1, 4],
			"to": [2.5, 2, 12],
			"rotation": {"angle": 0, "axis": "y", "origin": [16, 0, 0]},
			"faces": {
				"north": {"uv": [2, 0, 0, 2], "texture": "#0"},
				"east": {"uv": [16, 2, 0, 4], "texture": "#0"},
				"south": {"uv": [2, 0, 0, 2], "texture": "#0"},
				"west": {"uv": [16, 2, 0, 4], "texture": "#0"},
				"up": {"uv": [5, 0, 3, 16], "texture": "#0"},
				"down": {"uv": [2, 0, 0, 16], "texture": "#0"}
			}
		},
		{
			"from": [0.5, 3, -1],
			"to": [1.5, 4, 5],
			"rotation": {"angle": 0, "axis": "y", "origin": [16, 0, 0]},
			"faces": {
				"north": {"uv": [2, 0, 0, 2], "texture": "#0"},
				"east": {"uv": [12.5, 2, 0.5, 4], "texture": "#0"},
				"south": {"uv": [2, 0, 0, 2], "texture": "#0"},
				"west": {"uv": [12.5, 2, 0.5, 4], "texture": "#0"},
				"up": {"uv": [5, 0, 3, 12], "texture": "#0"},
				"down": {"uv": [2, 0, 0, 12], "texture": "#0"}
			}
		},
		{
			"from": [0.5, 4, -5],
			"to": [1.5, 7, 0],
			"rotation": {"angle": 0, "axis": "y", "origin": [16, 0, 0]},
			"faces": {
				"north": {"uv": [2, 0, 0, 6], "texture": "#0"},
				"east": {"uv": [10.5, 2, 0.5, 8], "texture": "#0"},
				"south": {"uv": [2, 0, 0, 6], "texture": "#0"},
				"west": {"uv": [10.5, 2, 0.5, 8], "texture": "#0"},
				"up": {"uv": [5, 0, 3, 10], "texture": "#0"},
				"down": {"uv": [2, 0, 0, 10], "texture": "#0"}
			}
		},
		{
			"from": [0.5, 3, 11],
			"to": [1.5, 4, 17],
			"rotation": {"angle": 0, "axis": "x", "origin": [16, 0, 16]},
			"faces": {
				"north": {"uv": [2.5, 0, 0.5, 2], "texture": "#0"},
				"east": {"uv": [15.5, 2, 3.5, 4], "texture": "#0"},
				"south": {"uv": [2.5, 0, 0.5, 2], "texture": "#0"},
				"west": {"uv": [15.5, 2, 3.5, 4], "texture": "#0"},
				"up": {"uv": [5, 3, 3, 15], "texture": "#0"},
				"down": {"uv": [2, 3, 0, 15], "texture": "#0"}
			}
		},
		{
			"from": [0.5, 4, 16],
			"to": [1.5, 7, 22],
			"rotation": {"angle": 0, "axis": "x", "origin": [16, 0, 16]},
			"faces": {
				"north": {"uv": [2.5, 0, 0.5, 6], "texture": "#0"},
				"east": {"uv": [15.5, 2, 3.5, 8], "texture": "#0"},
				"south": {"uv": [2.5, 0, 0.5, 6], "texture": "#0"},
				"west": {"uv": [15.5, 2, 3.5, 8], "texture": "#0"},
				"up": {"uv": [5, 3, 3, 15], "texture": "#0"},
				"down": {"uv": [2, 3, 0, 15], "texture": "#0"}
			}
		},
		{
			"from": [0.5, 2, 4],
			"to": [1.5, 3, 12],
			"rotation": {"angle": 0, "axis": "y", "origin": [16, 0, 0]},
			"faces": {
				"north": {"uv": [2, 0, 0, 2], "texture": "#0"},
				"east": {"uv": [16, 2, 0, 4], "texture": "#0"},
				"south": {"uv": [2, 0, 0, 2], "texture": "#0"},
				"west": {"uv": [16, 2, 0, 4], "texture": "#0"},
				"up": {"uv": [5, 0, 3, 16], "texture": "#0"},
				"down": {"uv": [2, 0, 0, 16], "texture": "#0"}
			}
		},
		{
			"from": [-0.5, 4, -1],
			"to": [0.5, 6, 5],
			"rotation": {"angle": 0, "axis": "y", "origin": [16, 0, 0]},
			"faces": {
				"north": {"uv": [2, 0, 0, 4], "texture": "#0"},
				"east": {"uv": [12.5, 2, 0.5, 6], "texture": "#0"},
				"south": {"uv": [2, 0, 0, 4], "texture": "#0"},
				"west": {"uv": [12.5, 2, 0.5, 6], "texture": "#0"},
				"up": {"uv": [5, 0, 3, 12], "texture": "#0"},
				"down": {"uv": [2, 0, 0, 12], "texture": "#0"}
			}
		},
		{
			"from": [-0.5, 4, 11],
			"to": [0.5, 6, 17],
			"rotation": {"angle": 0, "axis": "x", "origin": [16, 0, 16]},
			"faces": {
				"north": {"uv": [2.5, 0, 0.5, 4], "texture": "#0"},
				"east": {"uv": [15.5, 2, 3.5, 6], "texture": "#0"},
				"south": {"uv": [2.5, 0, 0.5, 4], "texture": "#0"},
				"west": {"uv": [15.5, 2, 3.5, 6], "texture": "#0"},
				"up": {"uv": [5, 3, 3, 15], "texture": "#0"},
				"down": {"uv": [2, 3, 0, 15], "texture": "#0"}
			}
		},
		{
			"from": [-0.5, 3, 4],
			"to": [0.5, 4, 12],
			"rotation": {"angle": 0, "axis": "y", "origin": [16, 0, 0]},
			"faces": {
				"north": {"uv": [2, 0, 0, 2], "texture": "#0"},
				"east": {"uv": [16, 2, 0, 4], "texture": "#0"},
				"south": {"uv": [2, 0, 0, 2], "texture": "#0"},
				"west": {"uv": [16, 2, 0, 4], "texture": "#0"},
				"up": {"uv": [5, 0, 3, 16], "texture": "#0"},
				"down": {"uv": [2, 0, 0, 16], "texture": "#0"}
			}
		},
		{
			"from": [-1.5, 4, 4],
			"to": [-0.5, 6, 12],
			"rotation": {"angle": 0, "axis": "y", "origin": [16, 0, 0]},
			"faces": {
				"north": {"uv": [2, 0, 0, 4], "texture": "#0"},
				"east": {"uv": [16, 2, 0, 6], "texture": "#0"},
				"south": {"uv": [2, 0, 0, 4], "texture": "#0"},
				"west": {"uv": [16, 2, 0, 6], "texture": "#0"},
				"up": {"uv": [5, 0, 3, 16], "texture": "#0"},
				"down": {"uv": [2, 0, 0, 16], "texture": "#0"}
			}
		},
		{
			"from": [8.5, 4, -14],
			"to": [10.5, 9, -13],
			"faces": {
				"north": {"uv": [0, 0, 4, 10], "texture": "#0"},
				"east": {"uv": [0.5, 2, 2.5, 12], "texture": "#0"},
				"south": {"uv": [0, 0, 4, 10], "texture": "#0"},
				"west": {"uv": [0.5, 2, 2.5, 12], "texture": "#0"},
				"up": {"uv": [3, 0, 7, 2], "texture": "#0"},
				"down": {"uv": [0, 0, 4, 2], "texture": "#0"}
			}
		},
		{
			"from": [8.5, 0, -6],
			"to": [10.5, 1, 0],
			"faces": {
				"north": {"uv": [0, 0, 4, 2], "texture": "#0"},
				"east": {"uv": [0.5, 2, 12.5, 4], "texture": "#0"},
				"south": {"uv": [0, 0, 4, 2], "texture": "#0"},
				"west": {"uv": [0.5, 2, 12.5, 4], "texture": "#0"},
				"up": {"uv": [3, 0, 7, 12], "texture": "#0"},
				"down": {"uv": [0, 0, 4, 12], "texture": "#0"}
			}
		},
		{
			"from": [8.5, -1, -1],
			"to": [10.5, 0, 6],
			"faces": {
				"north": {"uv": [0, 0, 4, 2], "texture": "#0"},
				"east": {"uv": [0.5, 2, 14.5, 4], "texture": "#0"},
				"south": {"uv": [0, 0, 4, 2], "texture": "#0"},
				"west": {"uv": [0.5, 2, 14.5, 4], "texture": "#0"},
				"up": {"uv": [3, 0, 7, 14], "texture": "#0"},
				"down": {"uv": [0, 0, 4, 14], "texture": "#0"}
			}
		},
		{
			"from": [8.5, 1, -10],
			"to": [10.5, 2, -5],
			"faces": {
				"north": {"uv": [0, 0, 4, 2], "texture": "#0"},
				"east": {"uv": [0.5, 2, 10.5, 4], "texture": "#0"},
				"south": {"uv": [0, 0, 4, 2], "texture": "#0"},
				"west": {"uv": [0.5, 2, 10.5, 4], "texture": "#0"},
				"up": {"uv": [3, 0, 7, 10], "texture": "#0"},
				"down": {"uv": [0, 0, 4, 10], "texture": "#0"}
			}
		},
		{
			"from": [8.5, 2, -12],
			"to": [10.5, 3, -9],
			"faces": {
				"north": {"uv": [0, 0, 4, 2], "texture": "#0"},
				"east": {"uv": [0.5, 2, 6.5, 4], "texture": "#0"},
				"south": {"uv": [0, 0, 4, 2], "texture": "#0"},
				"west": {"uv": [0.5, 2, 6.5, 4], "texture": "#0"},
				"up": {"uv": [3, 0, 7, 6], "texture": "#0"},
				"down": {"uv": [0, 0, 4, 6], "texture": "#0"}
			}
		},
		{
			"from": [8.5, 3, -13],
			"to": [10.5, 5, -12],
			"faces": {
				"north": {"uv": [0, 0, 4, 4], "texture": "#0"},
				"east": {"uv": [0.5, 2, 2.5, 6], "texture": "#0"},
				"south": {"uv": [0, 0, 4, 4], "texture": "#0"},
				"west": {"uv": [0.5, 2, 2.5, 6], "texture": "#0"},
				"up": {"uv": [3, 0, 7, 2], "texture": "#0"},
				"down": {"uv": [0, 0, 4, 2], "texture": "#0"}
			}
		},
		{
			"from": [8.5, 3, -12],
			"to": [10.5, 4, -11],
			"rotation": {"angle": 0, "axis": "x", "origin": [0, 0, 16]},
			"faces": {
				"north": {"uv": [0.5, 0, 4.5, 2], "texture": "#0"},
				"east": {"uv": [1, 2, 3, 4], "texture": "#0"},
				"south": {"uv": [0.5, 0, 4.5, 2], "texture": "#0"},
				"west": {"uv": [1, 2, 3, 4], "texture": "#0"},
				"up": {"uv": [3, 0.5, 7, 2.5], "texture": "#0"},
				"down": {"uv": [0, 0.5, 4, 2.5], "texture": "#0"}
			}
		},
		{
			"from": [8.5, 4, 29],
			"to": [10.5, 10, 30],
			"rotation": {"angle": 0, "axis": "x", "origin": [0, 0, 16]},
			"faces": {
				"north": {"uv": [0.5, 0, 4.5, 12], "texture": "#0"},
				"east": {"uv": [1, 2, 3, 14], "texture": "#0"},
				"south": {"uv": [0.5, 0, 4.5, 12], "texture": "#0"},
				"west": {"uv": [1, 2, 3, 14], "texture": "#0"},
				"up": {"uv": [3, 0.5, 7, 2.5], "texture": "#0"},
				"down": {"uv": [0, 0.5, 4, 2.5], "texture": "#0"}
			}
		},
		{
			"from": [8.5, 0, 16],
			"to": [10.5, 1, 22],
			"rotation": {"angle": 0, "axis": "x", "origin": [0, 0, 16]},
			"faces": {
				"north": {"uv": [0.5, 0, 4.5, 2], "texture": "#0"},
				"east": {"uv": [3, 2, 15, 4], "texture": "#0"},
				"south": {"uv": [0.5, 0, 4.5, 2], "texture": "#0"},
				"west": {"uv": [3, 2, 15, 4], "texture": "#0"},
				"up": {"uv": [3, 2.5, 7, 14.5], "texture": "#0"},
				"down": {"uv": [0, 2.5, 4, 14.5], "texture": "#0"}
			}
		},
		{
			"from": [8.5, -1, 10],
			"to": [10.5, 0, 17],
			"rotation": {"angle": 0, "axis": "x", "origin": [0, 0, 16]},
			"faces": {
				"north": {"uv": [0.5, 0, 4.5, 2], "texture": "#0"},
				"east": {"uv": [2, 2, 16, 4], "texture": "#0"},
				"south": {"uv": [0.5, 0, 4.5, 2], "texture": "#0"},
				"west": {"uv": [2, 2, 16, 4], "texture": "#0"},
				"up": {"uv": [3, 2, 7, 16], "texture": "#0"},
				"down": {"uv": [0, 2, 4, 16], "texture": "#0"}
			}
		},
		{
			"from": [8.5, 1, 21],
			"to": [10.5, 2, 26],
			"rotation": {"angle": 0, "axis": "x", "origin": [0, 0, 16]},
			"faces": {
				"north": {"uv": [0.5, 0, 4.5, 2], "texture": "#0"},
				"east": {"uv": [2.5, 2, 12.5, 4], "texture": "#0"},
				"south": {"uv": [0.5, 0, 4.5, 2], "texture": "#0"},
				"west": {"uv": [2.5, 2, 12.5, 4], "texture": "#0"},
				"up": {"uv": [3, 2, 7, 12], "texture": "#0"},
				"down": {"uv": [0, 2, 4, 12], "texture": "#0"}
			}
		},
		{
			"from": [8.5, 2, 25],
			"to": [10.5, 3, 28],
			"rotation": {"angle": 0, "axis": "x", "origin": [0, 0, 16]},
			"faces": {
				"north": {"uv": [0.5, 0, 4.5, 2], "texture": "#0"},
				"east": {"uv": [1.5, 2, 7.5, 4], "texture": "#0"},
				"south": {"uv": [0.5, 0, 4.5, 2], "texture": "#0"},
				"west": {"uv": [1.5, 2, 7.5, 4], "texture": "#0"},
				"up": {"uv": [3, 1, 7, 7], "texture": "#0"},
				"down": {"uv": [0, 1, 4, 7], "texture": "#0"}
			}
		},
		{
			"from": [8.5, 3, 28],
			"to": [10.5, 5, 29],
			"rotation": {"angle": 0, "axis": "x", "origin": [0, 0, 16]},
			"faces": {
				"north": {"uv": [0.5, 0, 4.5, 4], "texture": "#0"},
				"east": {"uv": [1, 2, 3, 6], "texture": "#0"},
				"south": {"uv": [0.5, 0, 4.5, 4], "texture": "#0"},
				"west": {"uv": [1, 2, 3, 6], "texture": "#0"},
				"up": {"uv": [3, 0.5, 7, 2.5], "texture": "#0"},
				"down": {"uv": [0, 0.5, 4, 2.5], "texture": "#0"}
			}
		},
		{
			"from": [8.5, 3, 27],
			"to": [10.5, 4, 28],
			"rotation": {"angle": 0, "axis": "x", "origin": [0, 0, 16]},
			"faces": {
				"north": {"uv": [0.5, 0, 4.5, 2], "texture": "#0"},
				"east": {"uv": [1, 2, 3, 4], "texture": "#0"},
				"south": {"uv": [0.5, 0, 4.5, 2], "texture": "#0"},
				"west": {"uv": [1, 2, 3, 4], "texture": "#0"},
				"up": {"uv": [3, 0.5, 7, 2.5], "texture": "#0"},
				"down": {"uv": [0, 0.5, 4, 2.5], "texture": "#0"}
			}
		},
		{
			"from": [8.5, -2, 4],
			"to": [10.5, -1, 12],
			"faces": {
				"north": {"uv": [0, 0, 4, 2], "texture": "#0"},
				"east": {"uv": [0, 2, 16, 4], "texture": "#0"},
				"south": {"uv": [0, 0, 4, 2], "texture": "#0"},
				"west": {"uv": [0, 2, 16, 4], "texture": "#0"},
				"up": {"uv": [3, 0, 7, 16], "texture": "#0"},
				"down": {"uv": [0, 0, 4, 16], "texture": "#0"}
			}
		},
		{
			"from": [10.5, 1, -6],
			"to": [12.5, 2, 0],
			"faces": {
				"north": {"uv": [0, 0, 4, 2], "texture": "#0"},
				"east": {"uv": [0.5, 2, 12.5, 4], "texture": "#0"},
				"south": {"uv": [0, 0, 4, 2], "texture": "#0"},
				"west": {"uv": [0.5, 2, 12.5, 4], "texture": "#0"},
				"up": {"uv": [3, 0, 7, 12], "texture": "#0"},
				"down": {"uv": [0, 0, 4, 12], "texture": "#0"}
			}
		},
		{
			"from": [10.5, 0, -1],
			"to": [12.5, 1, 6],
			"faces": {
				"north": {"uv": [0, 0, 4, 2], "texture": "#0"},
				"east": {"uv": [0.5, 2, 14.5, 4], "texture": "#0"},
				"south": {"uv": [0, 0, 4, 2], "texture": "#0"},
				"west": {"uv": [0.5, 2, 14.5, 4], "texture": "#0"},
				"up": {"uv": [3, 0, 7, 14], "texture": "#0"},
				"down": {"uv": [0, 0, 4, 14], "texture": "#0"}
			}
		},
		{
			"from": [10.5, 2, -10],
			"to": [12.5, 3, -5],
			"faces": {
				"north": {"uv": [0, 0, 4, 2], "texture": "#0"},
				"east": {"uv": [0.5, 2, 10.5, 4], "texture": "#0"},
				"south": {"uv": [0, 0, 4, 2], "texture": "#0"},
				"west": {"uv": [0.5, 2, 10.5, 4], "texture": "#0"},
				"up": {"uv": [3, 0, 7, 10], "texture": "#0"},
				"down": {"uv": [0, 0, 4, 10], "texture": "#0"}
			}
		},
		{
			"from": [10.5, 3, -12],
			"to": [12.5, 4, -9],
			"faces": {
				"north": {"uv": [0, 0, 4, 2], "texture": "#0"},
				"east": {"uv": [0.5, 2, 6.5, 4], "texture": "#0"},
				"south": {"uv": [0, 0, 4, 2], "texture": "#0"},
				"west": {"uv": [0.5, 2, 6.5, 4], "texture": "#0"},
				"up": {"uv": [3, 0, 7, 6], "texture": "#0"},
				"down": {"uv": [0, 0, 4, 6], "texture": "#0"}
			}
		},
		{
			"from": [10.5, 4, -13],
			"to": [12.5, 8, -12],
			"rotation": {"angle": 0, "axis": "x", "origin": [0, 0, 16]},
			"faces": {
				"north": {"uv": [0.5, 0, 4.5, 8], "texture": "#0"},
				"east": {"uv": [1, 2, 3, 10], "texture": "#0"},
				"south": {"uv": [0.5, 0, 4.5, 8], "texture": "#0"},
				"west": {"uv": [1, 2, 3, 10], "texture": "#0"},
				"up": {"uv": [3, 0.5, 7, 2.5], "texture": "#0"},
				"down": {"uv": [0, 0.5, 4, 2.5], "texture": "#0"}
			}
		},
		{
			"from": [10.5, 1, 16],
			"to": [12.5, 2, 22],
			"rotation": {"angle": 0, "axis": "x", "origin": [0, 0, 16]},
			"faces": {
				"north": {"uv": [0.5, 0, 4.5, 2], "texture": "#0"},
				"east": {"uv": [3, 2, 15, 4], "texture": "#0"},
				"south": {"uv": [0.5, 0, 4.5, 2], "texture": "#0"},
				"west": {"uv": [3, 2, 15, 4], "texture": "#0"},
				"up": {"uv": [3, 2.5, 7, 14.5], "texture": "#0"},
				"down": {"uv": [0, 2.5, 4, 14.5], "texture": "#0"}
			}
		},
		{
			"from": [10.5, 0, 10],
			"to": [12.5, 1, 17],
			"rotation": {"angle": 0, "axis": "x", "origin": [0, 0, 16]},
			"faces": {
				"north": {"uv": [0.5, 0, 4.5, 2], "texture": "#0"},
				"east": {"uv": [2, 2, 16, 4], "texture": "#0"},
				"south": {"uv": [0.5, 0, 4.5, 2], "texture": "#0"},
				"west": {"uv": [2, 2, 16, 4], "texture": "#0"},
				"up": {"uv": [3, 2, 7, 16], "texture": "#0"},
				"down": {"uv": [0, 2, 4, 16], "texture": "#0"}
			}
		},
		{
			"from": [10.5, 2, 21],
			"to": [12.5, 3, 26],
			"rotation": {"angle": 0, "axis": "x", "origin": [0, 0, 16]},
			"faces": {
				"north": {"uv": [0.5, 0, 4.5, 2], "texture": "#0"},
				"east": {"uv": [2.5, 2, 12.5, 4], "texture": "#0"},
				"south": {"uv": [0.5, 0, 4.5, 2], "texture": "#0"},
				"west": {"uv": [2.5, 2, 12.5, 4], "texture": "#0"},
				"up": {"uv": [3, 2, 7, 12], "texture": "#0"},
				"down": {"uv": [0, 2, 4, 12], "texture": "#0"}
			}
		},
		{
			"from": [10.5, 3, 25],
			"to": [12.5, 4, 28],
			"rotation": {"angle": 0, "axis": "x", "origin": [0, 0, 16]},
			"faces": {
				"north": {"uv": [0.5, 0, 4.5, 2], "texture": "#0"},
				"east": {"uv": [1.5, 2, 7.5, 4], "texture": "#0"},
				"south": {"uv": [0.5, 0, 4.5, 2], "texture": "#0"},
				"west": {"uv": [1.5, 2, 7.5, 4], "texture": "#0"},
				"up": {"uv": [3, 1, 7, 7], "texture": "#0"},
				"down": {"uv": [0, 1, 4, 7], "texture": "#0"}
			}
		},
		{
			"from": [10.5, 4, 28],
			"to": [12.5, 9, 29],
			"rotation": {"angle": 0, "axis": "x", "origin": [0, 0, 16]},
			"faces": {
				"north": {"uv": [0.5, 0, 4.5, 10], "texture": "#0"},
				"east": {"uv": [1, 2, 3, 12], "texture": "#0"},
				"south": {"uv": [0.5, 0, 4.5, 10], "texture": "#0"},
				"west": {"uv": [1, 2, 3, 12], "texture": "#0"},
				"up": {"uv": [3, 0.5, 7, 2.5], "texture": "#0"},
				"down": {"uv": [0, 0.5, 4, 2.5], "texture": "#0"}
			}
		},
		{
			"from": [10.5, -1, 4],
			"to": [12.5, 0, 12],
			"faces": {
				"north": {"uv": [0, 0, 4, 2], "texture": "#0"},
				"east": {"uv": [0, 2, 16, 4], "texture": "#0"},
				"south": {"uv": [0, 0, 4, 2], "texture": "#0"},
				"west": {"uv": [0, 2, 16, 4], "texture": "#0"},
				"up": {"uv": [3, 0, 7, 16], "texture": "#0"},
				"down": {"uv": [0, 0, 4, 16], "texture": "#0"}
			}
		},
		{
			"from": [12.5, 2, -6],
			"to": [13.5, 3, 0],
			"faces": {
				"north": {"uv": [0, 0, 2, 2], "texture": "#0"},
				"east": {"uv": [0.5, 2, 12.5, 4], "texture": "#0"},
				"south": {"uv": [0, 0, 2, 2], "texture": "#0"},
				"west": {"uv": [0.5, 2, 12.5, 4], "texture": "#0"},
				"up": {"uv": [3, 0, 5, 12], "texture": "#0"},
				"down": {"uv": [0, 0, 2, 12], "texture": "#0"}
			}
		},
		{
			"from": [12.5, 1, -1],
			"to": [13.5, 2, 6],
			"faces": {
				"north": {"uv": [0, 0, 2, 2], "texture": "#0"},
				"east": {"uv": [0.5, 2, 14.5, 4], "texture": "#0"},
				"south": {"uv": [0, 0, 2, 2], "texture": "#0"},
				"west": {"uv": [0.5, 2, 14.5, 4], "texture": "#0"},
				"up": {"uv": [3, 0, 5, 14], "texture": "#0"},
				"down": {"uv": [0, 0, 2, 14], "texture": "#0"}
			}
		},
		{
			"from": [12.5, 3, -10],
			"to": [13.5, 4, -5],
			"faces": {
				"north": {"uv": [0, 0, 2, 2], "texture": "#0"},
				"east": {"uv": [0.5, 2, 10.5, 4], "texture": "#0"},
				"south": {"uv": [0, 0, 2, 2], "texture": "#0"},
				"west": {"uv": [0.5, 2, 10.5, 4], "texture": "#0"},
				"up": {"uv": [3, 0, 5, 10], "texture": "#0"},
				"down": {"uv": [0, 0, 2, 10], "texture": "#0"}
			}
		},
		{
			"from": [12.5, 4, -12],
			"to": [13.5, 7, -9],
			"faces": {
				"north": {"uv": [0, 0, 2, 6], "texture": "#0"},
				"east": {"uv": [0.5, 2, 6.5, 8], "texture": "#0"},
				"south": {"uv": [0, 0, 2, 6], "texture": "#0"},
				"west": {"uv": [0.5, 2, 6.5, 8], "texture": "#0"},
				"up": {"uv": [3, 0, 5, 6], "texture": "#0"},
				"down": {"uv": [0, 0, 2, 6], "texture": "#0"}
			}
		},
		{
			"from": [12.5, 2, 16],
			"to": [13.5, 3, 22],
			"rotation": {"angle": 0, "axis": "x", "origin": [0, 0, 16]},
			"faces": {
				"north": {"uv": [0.5, 0, 2.5, 2], "texture": "#0"},
				"east": {"uv": [3, 2, 15, 4], "texture": "#0"},
				"south": {"uv": [0.5, 0, 2.5, 2], "texture": "#0"},
				"west": {"uv": [3, 2, 15, 4], "texture": "#0"},
				"up": {"uv": [3, 2.5, 5, 14.5], "texture": "#0"},
				"down": {"uv": [0, 2.5, 2, 14.5], "texture": "#0"}
			}
		},
		{
			"from": [12.5, 1, 10],
			"to": [13.5, 2, 17],
			"rotation": {"angle": 0, "axis": "x", "origin": [0, 0, 16]},
			"faces": {
				"north": {"uv": [0.5, 0, 2.5, 2], "texture": "#0"},
				"east": {"uv": [2, 2, 16, 4], "texture": "#0"},
				"south": {"uv": [0.5, 0, 2.5, 2], "texture": "#0"},
				"west": {"uv": [2, 2, 16, 4], "texture": "#0"},
				"up": {"uv": [3, 2, 5, 16], "texture": "#0"},
				"down": {"uv": [0, 2, 2, 16], "texture": "#0"}
			}
		},
		{
			"from": [12.5, 3, 21],
			"to": [13.5, 4, 26],
			"rotation": {"angle": 0, "axis": "x", "origin": [0, 0, 16]},
			"faces": {
				"north": {"uv": [0.5, 0, 2.5, 2], "texture": "#0"},
				"east": {"uv": [2.5, 2, 12.5, 4], "texture": "#0"},
				"south": {"uv": [0.5, 0, 2.5, 2], "texture": "#0"},
				"west": {"uv": [2.5, 2, 12.5, 4], "texture": "#0"},
				"up": {"uv": [3, 2, 5, 12], "texture": "#0"},
				"down": {"uv": [0, 2, 2, 12], "texture": "#0"}
			}
		},
		{
			"from": [12.5, 4, 25],
			"to": [13.5, 8, 28],
			"rotation": {"angle": 0, "axis": "x", "origin": [0, 0, 16]},
			"faces": {
				"north": {"uv": [0.5, 0, 2.5, 8], "texture": "#0"},
				"east": {"uv": [2.5, 2, 8.5, 10], "texture": "#0"},
				"south": {"uv": [0.5, 0, 2.5, 8], "texture": "#0"},
				"west": {"uv": [2.5, 2, 8.5, 10], "texture": "#0"},
				"up": {"uv": [3, 2, 5, 8], "texture": "#0"},
				"down": {"uv": [0, 2, 2, 8], "texture": "#0"}
			}
		},
		{
			"from": [12.5, 0, 4],
			"to": [13.5, 1, 12],
			"faces": {
				"north": {"uv": [0, 0, 2, 2], "texture": "#0"},
				"east": {"uv": [0, 2, 16, 4], "texture": "#0"},
				"south": {"uv": [0, 0, 2, 2], "texture": "#0"},
				"west": {"uv": [0, 2, 16, 4], "texture": "#0"},
				"up": {"uv": [3, 0, 5, 16], "texture": "#0"},
				"down": {"uv": [0, 0, 2, 16], "texture": "#0"}
			}
		},
		{
			"from": [13.5, 3, -6],
			"to": [14.5, 4, 0],
			"faces": {
				"north": {"uv": [0, 0, 2, 2], "texture": "#0"},
				"east": {"uv": [0.5, 2, 12.5, 4], "texture": "#0"},
				"south": {"uv": [0, 0, 2, 2], "texture": "#0"},
				"west": {"uv": [0.5, 2, 12.5, 4], "texture": "#0"},
				"up": {"uv": [3, 0, 5, 12], "texture": "#0"},
				"down": {"uv": [0, 0, 2, 12], "texture": "#0"}
			}
		},
		{
			"from": [13.5, 4, -10],
			"to": [14.5, 7, -4],
			"faces": {
				"north": {"uv": [0, 0, 2, 6], "texture": "#0"},
				"east": {"uv": [0.5, 2, 12.5, 8], "texture": "#0"},
				"south": {"uv": [0, 0, 2, 6], "texture": "#0"},
				"west": {"uv": [0.5, 2, 12.5, 8], "texture": "#0"},
				"up": {"uv": [3, 0, 5, 12], "texture": "#0"},
				"down": {"uv": [0, 0, 2, 12], "texture": "#0"}
			}
		},
		{
			"from": [13.5, 2, -1],
			"to": [14.5, 3, 6],
			"faces": {
				"north": {"uv": [0, 0, 2, 2], "texture": "#0"},
				"east": {"uv": [0.5, 2, 14.5, 4], "texture": "#0"},
				"south": {"uv": [0, 0, 2, 2], "texture": "#0"},
				"west": {"uv": [0.5, 2, 14.5, 4], "texture": "#0"},
				"up": {"uv": [3, 0, 5, 14], "texture": "#0"},
				"down": {"uv": [0, 0, 2, 14], "texture": "#0"}
			}
		},
		{
			"from": [13.5, 3, 16],
			"to": [14.5, 4, 22],
			"rotation": {"angle": 0, "axis": "x", "origin": [0, 0, 16]},
			"faces": {
				"north": {"uv": [0.5, 0, 2.5, 2], "texture": "#0"},
				"east": {"uv": [3, 2, 15, 4], "texture": "#0"},
				"south": {"uv": [0.5, 0, 2.5, 2], "texture": "#0"},
				"west": {"uv": [3, 2, 15, 4], "texture": "#0"},
				"up": {"uv": [3, 2.5, 5, 14.5], "texture": "#0"},
				"down": {"uv": [0, 2.5, 2, 14.5], "texture": "#0"}
			}
		},
		{
			"from": [13.5, 4, 21],
			"to": [14.5, 7, 26],
			"rotation": {"angle": 0, "axis": "x", "origin": [0, 0, 16]},
			"faces": {
				"north": {"uv": [0.5, 0, 2.5, 6], "texture": "#0"},
				"east": {"uv": [3, 2, 13, 8], "texture": "#0"},
				"south": {"uv": [0.5, 0, 2.5, 6], "texture": "#0"},
				"west": {"uv": [3, 2, 13, 8], "texture": "#0"},
				"up": {"uv": [3, 2.5, 5, 12.5], "texture": "#0"},
				"down": {"uv": [0, 2.5, 2, 12.5], "texture": "#0"}
			}
		},
		{
			"from": [13.5, 2, 10],
			"to": [14.5, 3, 17],
			"rotation": {"angle": 0, "axis": "x", "origin": [0, 0, 16]},
			"faces": {
				"north": {"uv": [0.5, 0, 2.5, 2], "texture": "#0"},
				"east": {"uv": [2, 2, 16, 4], "texture": "#0"},
				"south": {"uv": [0.5, 0, 2.5, 2], "texture": "#0"},
				"west": {"uv": [2, 2, 16, 4], "texture": "#0"},
				"up": {"uv": [3, 2, 5, 16], "texture": "#0"},
				"down": {"uv": [0, 2, 2, 16], "texture": "#0"}
			}
		},
		{
			"from": [13.5, 1, 4],
			"to": [14.5, 2, 12],
			"faces": {
				"north": {"uv": [0, 0, 2, 2], "texture": "#0"},
				"east": {"uv": [0, 2, 16, 4], "texture": "#0"},
				"south": {"uv": [0, 0, 2, 2], "texture": "#0"},
				"west": {"uv": [0, 2, 16, 4], "texture": "#0"},
				"up": {"uv": [3, 0, 5, 16], "texture": "#0"},
				"down": {"uv": [0, 0, 2, 16], "texture": "#0"}
			}
		},
		{
			"from": [14.5, 3, -1],
			"to": [15.5, 4, 5],
			"faces": {
				"north": {"uv": [0, 0, 2, 2], "texture": "#0"},
				"east": {"uv": [0.5, 2, 12.5, 4], "texture": "#0"},
				"south": {"uv": [0, 0, 2, 2], "texture": "#0"},
				"west": {"uv": [0.5, 2, 12.5, 4], "texture": "#0"},
				"up": {"uv": [3, 0, 5, 12], "texture": "#0"},
				"down": {"uv": [0, 0, 2, 12], "texture": "#0"}
			}
		},
		{
			"from": [14.5, 4, -5],
			"to": [15.5, 7, 0],
			"faces": {
				"north": {"uv": [0, 0, 2, 6], "texture": "#0"},
				"east": {"uv": [0.5, 2, 10.5, 8], "texture": "#0"},
				"south": {"uv": [0, 0, 2, 6], "texture": "#0"},
				"west": {"uv": [0.5, 2, 10.5, 8], "texture": "#0"},
				"up": {"uv": [3, 0, 5, 10], "texture": "#0"},
				"down": {"uv": [0, 0, 2, 10], "texture": "#0"}
			}
		},
		{
			"from": [14.5, 3, 11],
			"to": [15.5, 4, 17],
			"rotation": {"angle": 0, "axis": "x", "origin": [0, 0, 16]},
			"faces": {
				"north": {"uv": [0.5, 0, 2.5, 2], "texture": "#0"},
				"east": {"uv": [3.5, 2, 15.5, 4], "texture": "#0"},
				"south": {"uv": [0.5, 0, 2.5, 2], "texture": "#0"},
				"west": {"uv": [3.5, 2, 15.5, 4], "texture": "#0"},
				"up": {"uv": [3, 3, 5, 15], "texture": "#0"},
				"down": {"uv": [0, 3, 2, 15], "texture": "#0"}
			}
		},
		{
			"from": [14.5, 4, 16],
			"to": [15.5, 7, 22],
			"rotation": {"angle": 0, "axis": "x", "origin": [0, 0, 16]},
			"faces": {
				"north": {"uv": [0.5, 0, 2.5, 6], "texture": "#0"},
				"east": {"uv": [3.5, 2, 15.5, 8], "texture": "#0"},
				"south": {"uv": [0.5, 0, 2.5, 6], "texture": "#0"},
				"west": {"uv": [3.5, 2, 15.5, 8], "texture": "#0"},
				"up": {"uv": [3, 3, 5, 15], "texture": "#0"},
				"down": {"uv": [0, 3, 2, 15], "texture": "#0"}
			}
		},
		{
			"from": [14.5, 2, 4],
			"to": [15.5, 3, 12],
			"faces": {
				"north": {"uv": [0, 0, 2, 2], "texture": "#0"},
				"east": {"uv": [0, 2, 16, 4], "texture": "#0"},
				"south": {"uv": [0, 0, 2, 2], "texture": "#0"},
				"west": {"uv": [0, 2, 16, 4], "texture": "#0"},
				"up": {"uv": [3, 0, 5, 16], "texture": "#0"},
				"down": {"uv": [0, 0, 2, 16], "texture": "#0"}
			}
		},
		{
			"from": [15.5, 4, -1],
			"to": [16.5, 6, 5],
			"faces": {
				"north": {"uv": [0, 0, 2, 4], "texture": "#0"},
				"east": {"uv": [0.5, 2, 12.5, 6], "texture": "#0"},
				"south": {"uv": [0, 0, 2, 4], "texture": "#0"},
				"west": {"uv": [0.5, 2, 12.5, 6], "texture": "#0"},
				"up": {"uv": [3, 0, 5, 12], "texture": "#0"},
				"down": {"uv": [0, 0, 2, 12], "texture": "#0"}
			}
		},
		{
			"from": [15.5, 4, 11],
			"to": [16.5, 6, 17],
			"rotation": {"angle": 0, "axis": "x", "origin": [0, 0, 16]},
			"faces": {
				"north": {"uv": [0.5, 0, 2.5, 4], "texture": "#0"},
				"east": {"uv": [3.5, 2, 15.5, 6], "texture": "#0"},
				"south": {"uv": [0.5, 0, 2.5, 4], "texture": "#0"},
				"west": {"uv": [3.5, 2, 15.5, 6], "texture": "#0"},
				"up": {"uv": [3, 3, 5, 15], "texture": "#0"},
				"down": {"uv": [0, 3, 2, 15], "texture": "#0"}
			}
		},
		{
			"from": [15.5, 3, 4],
			"to": [16.5, 4, 12],
			"faces": {
				"north": {"uv": [0, 0, 2, 2], "texture": "#0"},
				"east": {"uv": [0, 2, 16, 4], "texture": "#0"},
				"south": {"uv": [0, 0, 2, 2], "texture": "#0"},
				"west": {"uv": [0, 2, 16, 4], "texture": "#0"},
				"up": {"uv": [3, 0, 5, 16], "texture": "#0"},
				"down": {"uv": [0, 0, 2, 16], "texture": "#0"}
			}
		},
		{
			"from": [16.5, 4, 4],
			"to": [17.5, 6, 12],
			"faces": {
				"north": {"uv": [0, 0, 2, 4], "texture": "#0"},
				"east": {"uv": [0, 2, 16, 6], "texture": "#0"},
				"south": {"uv": [0, 0, 2, 4], "texture": "#0"},
				"west": {"uv": [0, 2, 16, 6], "texture": "#0"},
				"up": {"uv": [3, 0, 5, 16], "texture": "#0"},
				"down": {"uv": [0, 0, 2, 16], "texture": "#0"}
			}
		},
		{
			"from": [7.5, 3, -15],
			"to": [8.5, 10, -14],
			"faces": {
				"north": {"uv": [0, 0, 2, 14], "texture": "#0"},
				"east": {"uv": [0.5, 2, 2.5, 16], "texture": "#0"},
				"south": {"uv": [0, 0, 2, 14], "texture": "#0"},
				"west": {"uv": [0.5, 2, 2.5, 16], "texture": "#0"},
				"up": {"uv": [3, 0, 5, 2], "texture": "#0"},
				"down": {"uv": [0, 0, 2, 2], "texture": "#0"}
			}
		},
		{
			"from": [7.5, -1, -7],
			"to": [8.5, 0, -1],
			"faces": {
				"north": {"uv": [0, 0, 2, 2], "texture": "#0"},
				"east": {"uv": [0.5, 2, 12.5, 4], "texture": "#0"},
				"south": {"uv": [0, 0, 2, 2], "texture": "#0"},
				"west": {"uv": [0.5, 2, 12.5, 4], "texture": "#0"},
				"up": {"uv": [3, 0, 5, 12], "texture": "#0"},
				"down": {"uv": [0, 0, 2, 12], "texture": "#0"}
			}
		},
		{
			"from": [7.5, -2, -2],
			"to": [8.5, -1, 5],
			"faces": {
				"north": {"uv": [0, 0, 2, 2], "texture": "#0"},
				"east": {"uv": [0.5, 2, 14.5, 4], "texture": "#0"},
				"south": {"uv": [0, 0, 2, 2], "texture": "#0"},
				"west": {"uv": [0.5, 2, 14.5, 4], "texture": "#0"},
				"up": {"uv": [3, 0, 5, 14], "texture": "#0"},
				"down": {"uv": [0, 0, 2, 14], "texture": "#0"}
			}
		},
		{
			"from": [7.5, 0, -11],
			"to": [8.5, 1, -6],
			"faces": {
				"north": {"uv": [0, 0, 2, 2], "texture": "#0"},
				"east": {"uv": [0.5, 2, 10.5, 4], "texture": "#0"},
				"south": {"uv": [0, 0, 2, 2], "texture": "#0"},
				"west": {"uv": [0.5, 2, 10.5, 4], "texture": "#0"},
				"up": {"uv": [3, 0, 5, 10], "texture": "#0"},
				"down": {"uv": [0, 0, 2, 10], "texture": "#0"}
			}
		},
		{
			"from": [7.5, 1, -13],
			"to": [8.5, 2, -10],
			"faces": {
				"north": {"uv": [0, 0, 2, 2], "texture": "#0"},
				"east": {"uv": [0.5, 2, 6.5, 4], "texture": "#0"},
				"south": {"uv": [0, 0, 2, 2], "texture": "#0"},
				"west": {"uv": [0.5, 2, 6.5, 4], "texture": "#0"},
				"up": {"uv": [3, 0, 5, 6], "texture": "#0"},
				"down": {"uv": [0, 0, 2, 6], "texture": "#0"}
			}
		},
		{
			"from": [7.5, 2, -14],
			"to": [8.5, 4, -13],
			"faces": {
				"north": {"uv": [0, 0, 2, 4], "texture": "#0"},
				"east": {"uv": [0.5, 2, 2.5, 6], "texture": "#0"},
				"south": {"uv": [0, 0, 2, 4], "texture": "#0"},
				"west": {"uv": [0.5, 2, 2.5, 6], "texture": "#0"},
				"up": {"uv": [3, 0, 5, 2], "texture": "#0"},
				"down": {"uv": [0, 0, 2, 2], "texture": "#0"}
			}
		},
		{
			"from": [7.5, 2, -13],
			"to": [8.5, 3, -12],
			"rotation": {"angle": 0, "axis": "x", "origin": [0, 0, 16]},
			"faces": {
				"north": {"uv": [0.5, 0, 2.5, 2], "texture": "#0"},
				"east": {"uv": [1, 2, 3, 4], "texture": "#0"},
				"south": {"uv": [0.5, 0, 2.5, 2], "texture": "#0"},
				"west": {"uv": [1, 2, 3, 4], "texture": "#0"},
				"up": {"uv": [3, 0.5, 5, 2.5], "texture": "#0"},
				"down": {"uv": [0, 0.5, 2, 2.5], "texture": "#0"}
			}
		},
		{
			"from": [7.5, 3, 30],
			"to": [8.5, 11, 31],
			"rotation": {"angle": 0, "axis": "x", "origin": [0, 0, 16]},
			"faces": {
				"north": {"uv": [0.5, 0, 2.5, 16], "texture": "#0"},
				"east": {"uv": [1, 0, 3, 16], "texture": "#0"},
				"south": {"uv": [0.5, 0, 2.5, 16], "texture": "#0"},
				"west": {"uv": [1, 0, 3, 16], "texture": "#0"},
				"up": {"uv": [3, 0.5, 5, 2.5], "texture": "#0"},
				"down": {"uv": [0, 0.5, 2, 2.5], "texture": "#0"}
			}
		},
		{
			"from": [7.5, -1, 17],
			"to": [8.5, 0, 23],
			"rotation": {"angle": 0, "axis": "x", "origin": [0, 0, 16]},
			"faces": {
				"north": {"uv": [0.5, 0, 2.5, 2], "texture": "#0"},
				"east": {"uv": [3, 2, 15, 4], "texture": "#0"},
				"south": {"uv": [0.5, 0, 2.5, 2], "texture": "#0"},
				"west": {"uv": [3, 2, 15, 4], "texture": "#0"},
				"up": {"uv": [3, 2.5, 5, 14.5], "texture": "#0"},
				"down": {"uv": [0, 2.5, 2, 14.5], "texture": "#0"}
			}
		},
		{
			"from": [7.5, -2, 11],
			"to": [8.5, -1, 18],
			"rotation": {"angle": 0, "axis": "x", "origin": [0, 0, 16]},
			"faces": {
				"north": {"uv": [0.5, 0, 2.5, 2], "texture": "#0"},
				"east": {"uv": [2, 2, 16, 4], "texture": "#0"},
				"south": {"uv": [0.5, 0, 2.5, 2], "texture": "#0"},
				"west": {"uv": [2, 2, 16, 4], "texture": "#0"},
				"up": {"uv": [3, 2, 5, 16], "texture": "#0"},
				"down": {"uv": [0, 2, 2, 16], "texture": "#0"}
			}
		},
		{
			"from": [7.5, 0, 22],
			"to": [8.5, 1, 27],
			"rotation": {"angle": 0, "axis": "x", "origin": [0, 0, 16]},
			"faces": {
				"north": {"uv": [0.5, 0, 2.5, 2], "texture": "#0"},
				"east": {"uv": [2.5, 2, 12.5, 4], "texture": "#0"},
				"south": {"uv": [0.5, 0, 2.5, 2], "texture": "#0"},
				"west": {"uv": [2.5, 2, 12.5, 4], "texture": "#0"},
				"up": {"uv": [3, 2, 5, 12], "texture": "#0"},
				"down": {"uv": [0, 2, 2, 12], "texture": "#0"}
			}
		},
		{
			"from": [7.5, 1, 26],
			"to": [8.5, 2, 29],
			"rotation": {"angle": 0, "axis": "x", "origin": [0, 0, 16]},
			"faces": {
				"north": {"uv": [0.5, 0, 2.5, 2], "texture": "#0"},
				"east": {"uv": [1.5, 2, 7.5, 4], "texture": "#0"},
				"south": {"uv": [0.5, 0, 2.5, 2], "texture": "#0"},
				"west": {"uv": [1.5, 2, 7.5, 4], "texture": "#0"},
				"up": {"uv": [3, 1, 5, 7], "texture": "#0"},
				"down": {"uv": [0, 1, 2, 7], "texture": "#0"}
			}
		},
		{
			"from": [7.5, 2, 29],
			"to": [8.5, 4, 30],
			"rotation": {"angle": 0, "axis": "x", "origin": [0, 0, 16]},
			"faces": {
				"north": {"uv": [2, 0, 0, 4], "texture": "#0"},
				"east": {"uv": [2.5, 2, 0.5, 6], "texture": "#0"},
				"south": {"uv": [2, 0, 0, 4], "texture": "#0"},
				"west": {"uv": [2.5, 2, 0.5, 6], "texture": "#0"},
				"up": {"uv": [3, 2, 5, 0], "texture": "#0"},
				"down": {"uv": [0, 2, 2, 0], "texture": "#0"}
			}
		},
		{
			"from": [7.5, 2, 28],
			"to": [8.5, 3, 29],
			"rotation": {"angle": 0, "axis": "x", "origin": [0, 0, 16]},
			"faces": {
				"north": {"uv": [0.5, 0, 2.5, 2], "texture": "#0"},
				"east": {"uv": [1, 2, 3, 4], "texture": "#0"},
				"south": {"uv": [0.5, 0, 2.5, 2], "texture": "#0"},
				"west": {"uv": [1, 2, 3, 4], "texture": "#0"},
				"up": {"uv": [3, 0.5, 5, 2.5], "texture": "#0"},
				"down": {"uv": [0, 0.5, 2, 2.5], "texture": "#0"}
			}
		},
		{
			"from": [7.5, -3, 4],
			"to": [8.5, -2, 12],
			"faces": {
				"north": {"uv": [0, 0, 2, 2], "texture": "#0"},
				"east": {"uv": [0, 2, 16, 4], "texture": "#0"},
				"south": {"uv": [0, 0, 2, 2], "texture": "#0"},
				"west": {"uv": [0, 2, 16, 4], "texture": "#0"},
				"up": {"uv": [3, 0, 5, 16], "texture": "#0"},
				"down": {"uv": [0, 0, 2, 16], "texture": "#0"}
			}
		},
		{
			"name": "-4",
			"from": [1.5, 3, 0],
			"to": [2.5, 3.025, 2],
			"rotation": {"angle": 0, "axis": "x", "origin": [16, 0, 16]},
			"faces": {
				"north": {"uv": [2.5, 0, 0.5, 0.05], "texture": "#0"},
				"east": {"uv": [4, 0, 0, 0.05], "texture": "#0"},
				"south": {"uv": [2.5, 0, 0.5, 0.05], "texture": "#0"},
				"west": {"uv": [4, 0, 0, 0.05], "texture": "#0"},
				"up": {"uv": [0, 2, 4, 0], "rotation": 90, "texture": "#0"},
				"down": {"uv": [2, 0, 0, 4], "texture": "#0"}
			}
		},
		{
			"name": "-3",
			"from": [2.5, 3, -5],
			"to": [3.5, 3.025, 2],
			"rotation": {"angle": 0, "axis": "x", "origin": [16, 0, 16]},
			"faces": {
				"north": {"uv": [2.5, 0, 0.5, 0.05], "texture": "#0"},
				"east": {"uv": [14, 0, 0, 0.05], "texture": "#0"},
				"south": {"uv": [2.5, 0, 0.5, 0.05], "texture": "#0"},
				"west": {"uv": [14, 0, 0, 0.05], "texture": "#0"},
				"up": {"uv": [0, 2, 14, 0], "rotation": 90, "texture": "#0"},
				"down": {"uv": [2, 0, 0, 14], "texture": "#0"}
			}
		},
		{
			"name": "-2",
			"from": [3.5, 3, -9],
			"to": [5.5, 3.025, 2],
			"rotation": {"angle": 0, "axis": "x", "origin": [16, 0, 16]},
			"faces": {
				"north": {"uv": [4.5, 0, 0.5, 0.05], "texture": "#0"},
				"east": {"uv": [16, 0, 0, 0.05], "texture": "#0"},
				"south": {"uv": [4.5, 0, 0.5, 0.05], "texture": "#0"},
				"west": {"uv": [16, 0, 0, 0.05], "texture": "#0"},
				"up": {"uv": [0, 4, 16, 0], "rotation": 90, "texture": "#0"},
				"down": {"uv": [4, 0, 0, 16], "texture": "#0"}
			}
		},
		{
			"name": "-1",
			"from": [5.5, 3, -11],
			"to": [7.5, 3.025, 2],
			"rotation": {"angle": 0, "axis": "x", "origin": [16, 0, 16]},
			"faces": {
				"north": {"uv": [4.5, 0, 0.5, 0.05], "texture": "#0"},
				"east": {"uv": [16, 0, 0, 0.05], "texture": "#0"},
				"south": {"uv": [4.5, 0, 0.5, 0.05], "texture": "#0"},
				"west": {"uv": [16, 0, 0, 0.05], "texture": "#0"},
				"up": {"uv": [0, 4, 16, 0], "rotation": 90, "texture": "#0"},
				"down": {"uv": [4, 0, 0, 16], "texture": "#0"}
			}
		},
		{
			"name": "0",
			"from": [7.5, 3, -13],
			"to": [8.5, 3.025, 2],
			"rotation": {"angle": 0, "axis": "x", "origin": [0, 0, 16]},
			"faces": {
				"north": {"uv": [0.5, 0, 2.5, 0.05], "texture": "#0"},
				"east": {"uv": [0, 0, 16, 0.05], "texture": "#0"},
				"south": {"uv": [0.5, 0, 2.5, 0.05], "texture": "#0"},
				"west": {"uv": [0, 0, 16, 0.05], "texture": "#0"},
				"up": {"uv": [0, 0, 16, 2], "rotation": 90, "texture": "#0"},
				"down": {"uv": [0, 0, 2, 16], "texture": "#0"}
			}
		},
		{
			"name": "1",
			"from": [8.5, 3, -11],
			"to": [10.5, 3.025, 2],
			"rotation": {"angle": 0, "axis": "x", "origin": [0, 0, 16]},
			"faces": {
				"north": {"uv": [0.5, 0, 4.5, 0.05], "texture": "#0"},
				"east": {"uv": [0, 0, 16, 0.05], "texture": "#0"},
				"south": {"uv": [0.5, 0, 4.5, 0.05], "texture": "#0"},
				"west": {"uv": [0, 0, 16, 0.05], "texture": "#0"},
				"up": {"uv": [0, 0, 16, 4], "rotation": 90, "texture": "#0"},
				"down": {"uv": [0, 0, 4, 16], "texture": "#0"}
			}
		},
		{
			"name": "2",
			"from": [10.5, 3, -9],
			"to": [12.5, 3.025, 2],
			"rotation": {"angle": 0, "axis": "x", "origin": [0, 0, 16]},
			"faces": {
				"north": {"uv": [0.5, 0, 4.5, 0.05], "texture": "#0"},
				"east": {"uv": [0, 0, 16, 0.05], "texture": "#0"},
				"south": {"uv": [0.5, 0, 4.5, 0.05], "texture": "#0"},
				"west": {"uv": [0, 0, 16, 0.05], "texture": "#0"},
				"up": {"uv": [0, 0, 16, 4], "rotation": 90, "texture": "#0"},
				"down": {"uv": [0, 0, 4, 16], "texture": "#0"}
			}
		},
		{
			"name": "3",
			"from": [12.5, 3, -5],
			"to": [13.5, 3.025, 2],
			"rotation": {"angle": 0, "axis": "x", "origin": [0, 0, 16]},
			"faces": {
				"north": {"uv": [0.5, 0, 2.5, 0.05], "texture": "#0"},
				"east": {"uv": [0, 0, 14, 0.05], "texture": "#0"},
				"south": {"uv": [0.5, 0, 2.5, 0.05], "texture": "#0"},
				"west": {"uv": [0, 0, 14, 0.05], "texture": "#0"},
				"up": {"uv": [0, 0, 14, 2], "rotation": 90, "texture": "#0"},
				"down": {"uv": [0, 0, 2, 14], "texture": "#0"}
			}
		},
		{
			"name": "4",
			"from": [13.5, 3, 0],
			"to": [14.5, 3.025, 2],
			"rotation": {"angle": 0, "axis": "x", "origin": [0, 0, 16]},
			"faces": {
				"north": {"uv": [0.5, 0, 2.5, 0.05], "texture": "#0"},
				"east": {"uv": [0, 0, 4, 0.05], "texture": "#0"},
				"south": {"uv": [0.5, 0, 2.5, 0.05], "texture": "#0"},
				"west": {"uv": [0, 0, 4, 0.05], "texture": "#0"},
				"up": {"uv": [0, 0, 4, 2], "rotation": 90, "texture": "#0"},
				"down": {"uv": [0, 0, 2, 4], "texture": "#0"}
			}
		},
		{
			"name": "-5",
			"from": [1.5, 2, 6],
			"to": [2.5, 2.025, 10],
			"rotation": {"angle": 0, "axis": "x", "origin": [16, 0, 16]},
			"faces": {
				"north": {"uv": [2.5, 0, 0.5, 0.05], "texture": "#0"},
				"east": {"uv": [8, 0, 0, 0.05], "texture": "#0"},
				"south": {"uv": [2.5, 0, 0.5, 0.05], "texture": "#0"},
				"west": {"uv": [8, 0, 0, 0.05], "texture": "#0"},
				"up": {"uv": [0, 2, 8, 0], "rotation": 90, "texture": "#0"},
				"down": {"uv": [2, 0, 0, 8], "texture": "#0"}
			}
		},
		{
			"name": "-4",
			"from": [2.5, 2, 2],
			"to": [3.5, 2.025, 14],
			"rotation": {"angle": 0, "axis": "x", "origin": [16, 0, 16]},
			"faces": {
				"north": {"uv": [2.5, 0, 0.5, 0.05], "texture": "#0"},
				"east": {"uv": [16, 0, 0, 0.05], "texture": "#0"},
				"south": {"uv": [2.5, 0, 0.5, 0.05], "texture": "#0"},
				"west": {"uv": [16, 0, 0, 0.05], "texture": "#0"},
				"up": {"uv": [0, 2, 16, 0], "rotation": 90, "texture": "#0"},
				"down": {"uv": [2, 0, 0, 16], "texture": "#0"}
			}
		},
		{
			"name": "-3",
			"from": [3.5, 2, 2],
			"to": [5.5, 2.025, 14],
			"rotation": {"angle": 0, "axis": "x", "origin": [16, 0, 16]},
			"faces": {
				"north": {"uv": [4.5, 0, 0.5, 0.05], "texture": "#0"},
				"east": {"uv": [16, 0, 0, 0.05], "texture": "#0"},
				"south": {"uv": [4.5, 0, 0.5, 0.05], "texture": "#0"},
				"west": {"uv": [16, 0, 0, 0.05], "texture": "#0"},
				"up": {"uv": [0, 4, 16, 0], "rotation": 90, "texture": "#0"},
				"down": {"uv": [4, 0, 0, 16], "texture": "#0"}
			}
		},
		{
			"name": "-2",
			"from": [5.5, 2, 2],
			"to": [7.5, 2.025, 14],
			"rotation": {"angle": 0, "axis": "x", "origin": [16, 0, 16]},
			"faces": {
				"north": {"uv": [4.5, 0, 0.5, 0.05], "texture": "#0"},
				"east": {"uv": [16, 0, 0, 0.05], "texture": "#0"},
				"south": {"uv": [4.5, 0, 0.5, 0.05], "texture": "#0"},
				"west": {"uv": [16, 0, 0, 0.05], "texture": "#0"},
				"up": {"uv": [0, 4, 16, 0], "rotation": 90, "texture": "#0"},
				"down": {"uv": [4, 0, 0, 16], "texture": "#0"}
			}
		},
		{
			"name": "1",
			"from": [7.5, 2, 2],
			"to": [8.5, 2.025, 14],
			"rotation": {"angle": 0, "axis": "x", "origin": [0, 0, 16]},
			"faces": {
				"north": {"uv": [0.5, 0, 2.5, 0.05], "texture": "#0"},
				"east": {"uv": [0, 0, 16, 0.05], "texture": "#0"},
				"south": {"uv": [0.5, 0, 2.5, 0.05], "texture": "#0"},
				"west": {"uv": [0, 0, 16, 0.05], "texture": "#0"},
				"up": {"uv": [0, 0, 16, 2], "rotation": 90, "texture": "#0"},
				"down": {"uv": [0, 0, 2, 16], "texture": "#0"}
			}
		},
		{
			"name": "2",
			"from": [8.5, 2, 2],
			"to": [10.5, 2.025, 14],
			"rotation": {"angle": 0, "axis": "x", "origin": [0, 0, 16]},
			"faces": {
				"north": {"uv": [0.5, 0, 4.5, 0.05], "texture": "#0"},
				"east": {"uv": [0, 0, 16, 0.05], "texture": "#0"},
				"south": {"uv": [0.5, 0, 4.5, 0.05], "texture": "#0"},
				"west": {"uv": [0, 0, 16, 0.05], "texture": "#0"},
				"up": {"uv": [0, 0, 16, 4], "rotation": 90, "texture": "#0"},
				"down": {"uv": [0, 0, 4, 16], "texture": "#0"}
			}
		},
		{
			"name": "3",
			"from": [10.5, 2, 2],
			"to": [12.5, 2.025, 14],
			"rotation": {"angle": 0, "axis": "x", "origin": [0, 0, 16]},
			"faces": {
				"north": {"uv": [0.5, 0, 4.5, 0.05], "texture": "#0"},
				"east": {"uv": [0, 0, 16, 0.05], "texture": "#0"},
				"south": {"uv": [0.5, 0, 4.5, 0.05], "texture": "#0"},
				"west": {"uv": [0, 0, 16, 0.05], "texture": "#0"},
				"up": {"uv": [0, 0, 16, 4], "rotation": 90, "texture": "#0"},
				"down": {"uv": [0, 0, 4, 16], "texture": "#0"}
			}
		},
		{
			"name": "4",
			"from": [12.5, 2, 2],
			"to": [13.5, 2.025, 14],
			"rotation": {"angle": 0, "axis": "x", "origin": [0, 0, 16]},
			"faces": {
				"north": {"uv": [0.5, 0, 2.5, 0.05], "texture": "#0"},
				"east": {"uv": [0, 0, 16, 0.05], "texture": "#0"},
				"south": {"uv": [0.5, 0, 2.5, 0.05], "texture": "#0"},
				"west": {"uv": [0, 0, 16, 0.05], "texture": "#0"},
				"up": {"uv": [0, 0, 16, 2], "rotation": 90, "texture": "#0"},
				"down": {"uv": [0, 0, 2, 16], "texture": "#0"}
			}
		},
		{
			"name": "5",
			"from": [13.5, 2, 6],
			"to": [14.5, 2.025, 10],
			"rotation": {"angle": 0, "axis": "x", "origin": [0, 0, 16]},
			"faces": {
				"north": {"uv": [0.5, 0, 2.5, 0.05], "texture": "#0"},
				"east": {"uv": [0, 0, 8, 0.05], "texture": "#0"},
				"south": {"uv": [0.5, 0, 2.5, 0.05], "texture": "#0"},
				"west": {"uv": [0, 0, 8, 0.05], "texture": "#0"},
				"up": {"uv": [0, 0, 8, 2], "rotation": 90, "texture": "#0"},
				"down": {"uv": [0, 0, 2, 8], "texture": "#0"}
			}
		},
		{
			"name": "-5",
			"from": [1.5, 3, 14],
			"to": [2.5, 3.025, 16],
			"rotation": {"angle": 0, "axis": "x", "origin": [16, 0, 0]},
			"faces": {
				"north": {"uv": [0.5, 0, 2.5, 0.05], "texture": "#0"},
				"east": {"uv": [0, 0, 4, 0.05], "texture": "#0"},
				"south": {"uv": [0.5, 0, 2.5, 0.05], "texture": "#0"},
				"west": {"uv": [0, 0, 4, 0.05], "texture": "#0"},
				"up": {"uv": [4, 2, 0, 0], "rotation": 90, "texture": "#0"},
				"down": {"uv": [2, 4, 0, 0], "texture": "#0"}
			}
		},
		{
			"name": "-4",
			"from": [2.5, 3, 14],
			"to": [3.5, 3.025, 21],
			"rotation": {"angle": 0, "axis": "x", "origin": [16, 0, 0]},
			"faces": {
				"north": {"uv": [0.5, 0, 2.5, 0.05], "texture": "#0"},
				"east": {"uv": [0, 0, 14, 0.05], "texture": "#0"},
				"south": {"uv": [0.5, 0, 2.5, 0.05], "texture": "#0"},
				"west": {"uv": [0, 0, 14, 0.05], "texture": "#0"},
				"up": {"uv": [14, 2, 0, 0], "rotation": 90, "texture": "#0"},
				"down": {"uv": [2, 14, 0, 0], "texture": "#0"}
			}
		},
		{
			"name": "-3",
			"from": [3.5, 3, 14],
			"to": [5.5, 3.025, 25],
			"rotation": {"angle": 0, "axis": "x", "origin": [16, 0, 0]},
			"faces": {
				"north": {"uv": [0.5, 0, 4.5, 0.05], "texture": "#0"},
				"east": {"uv": [0, 0, 16, 0.05], "texture": "#0"},
				"south": {"uv": [0.5, 0, 4.5, 0.05], "texture": "#0"},
				"west": {"uv": [0, 0, 16, 0.05], "texture": "#0"},
				"up": {"uv": [16, 4, 0, 0], "rotation": 90, "texture": "#0"},
				"down": {"uv": [4, 16, 0, 0], "texture": "#0"}
			}
		},
		{
			"name": "-2",
			"from": [5.5, 3, 14],
			"to": [7.5, 3.025, 27],
			"rotation": {"angle": 0, "axis": "x", "origin": [16, 0, 0]},
			"faces": {
				"north": {"uv": [0.5, 0, 4.5, 0.05], "texture": "#0"},
				"east": {"uv": [0, 0, 16, 0.05], "texture": "#0"},
				"south": {"uv": [0.5, 0, 4.5, 0.05], "texture": "#0"},
				"west": {"uv": [0, 0, 16, 0.05], "texture": "#0"},
				"up": {"uv": [16, 4, 0, 0], "rotation": 90, "texture": "#0"},
				"down": {"uv": [4, 16, 0, 0], "texture": "#0"}
			}
		},
		{
			"name": "1",
			"from": [7.5, 3, 14],
			"to": [8.5, 3.025, 29],
			"faces": {
				"north": {"uv": [2.5, 0, 0.5, 0.05], "texture": "#0"},
				"east": {"uv": [16, 0, 0, 0.05], "texture": "#0"},
				"south": {"uv": [2.5, 0, 0.5, 0.05], "texture": "#0"},
				"west": {"uv": [16, 0, 0, 0.05], "texture": "#0"},
				"up": {"uv": [16, 0, 0, 2], "rotation": 90, "texture": "#0"},
				"down": {"uv": [0, 16, 2, 0], "texture": "#0"}
			}
		},
		{
			"name": "2",
			"from": [8.5, 3, 14],
			"to": [10.5, 3.025, 27],
			"faces": {
				"north": {"uv": [4.5, 0, 0.5, 0.05], "texture": "#0"},
				"east": {"uv": [16, 0, 0, 0.05], "texture": "#0"},
				"south": {"uv": [4.5, 0, 0.5, 0.05], "texture": "#0"},
				"west": {"uv": [16, 0, 0, 0.05], "texture": "#0"},
				"up": {"uv": [16, 0, 0, 4], "rotation": 90, "texture": "#0"},
				"down": {"uv": [0, 16, 4, 0], "texture": "#0"}
			}
		},
		{
			"name": "3",
			"from": [10.5, 3, 14],
			"to": [12.5, 3.025, 25],
			"faces": {
				"north": {"uv": [4.5, 0, 0.5, 0.05], "texture": "#0"},
				"east": {"uv": [16, 0, 0, 0.05], "texture": "#0"},
				"south": {"uv": [4.5, 0, 0.5, 0.05], "texture": "#0"},
				"west": {"uv": [16, 0, 0, 0.05], "texture": "#0"},
				"up": {"uv": [16, 0, 0, 4], "rotation": 90, "texture": "#0"},
				"down": {"uv": [0, 16, 4, 0], "texture": "#0"}
			}
		},
		{
			"name": "4",
			"from": [12.5, 3, 14],
			"to": [13.5, 3.025, 21],
			"faces": {
				"north": {"uv": [2.5, 0, 0.5, 0.05], "texture": "#0"},
				"east": {"uv": [14, 0, 0, 0.05], "texture": "#0"},
				"south": {"uv": [2.5, 0, 0.5, 0.05], "texture": "#0"},
				"west": {"uv": [14, 0, 0, 0.05], "texture": "#0"},
				"up": {"uv": [14, 0, 0, 2], "rotation": 90, "texture": "#0"},
				"down": {"uv": [0, 14, 2, 0], "texture": "#0"}
			}
		},
		{
			"name": "5",
			"from": [13.5, 3, 14],
			"to": [14.5, 3.025, 16],
			"faces": {
				"north": {"uv": [2.5, 0, 0.5, 0.05], "texture": "#0"},
				"east": {"uv": [4, 0, 0, 0.05], "texture": "#0"},
				"south": {"uv": [2.5, 0, 0.5, 0.05], "texture": "#0"},
				"west": {"uv": [4, 0, 0, 0.05], "texture": "#0"},
				"up": {"uv": [4, 0, 0, 2], "rotation": 90, "texture": "#0"},
				"down": {"uv": [0, 4, 2, 0], "texture": "#0"}
			}
		},
		{
			"name": "Front Trim",
			"from": [2.5, 2, 1],
			"to": [13.5, 3, 2],
			"rotation": {"angle": 0, "axis": "x", "origin": [0, 0, 16]},
			"faces": {
				"north": {"uv": [0, 0, 16, 2], "texture": "#0"},
				"east": {"uv": [0, 0, 2, 2], "texture": "#0"},
				"south": {"uv": [0, 0, 2, 16], "rotation": 90, "texture": "#0"},
				"west": {"uv": [0, 0, 2, 2], "texture": "#0"},
				"up": {"uv": [0, 0, 2, 16], "rotation": 90, "texture": "#0"},
				"down": {"uv": [0, 0, 16, 2], "texture": "#0"}
			}
		},
		{
			"name": "Back Trim",
			"from": [2.5, 2, 14],
			"to": [13.5, 3, 15],
			"rotation": {"angle": 0, "axis": "x", "origin": [0, 0, 16]},
			"faces": {
				"north": {"uv": [0, 0, 2, 16], "rotation": 90, "texture": "#0"},
				"east": {"uv": [0, 0, 2, 2], "texture": "#0"},
				"south": {"uv": [0, 0, 16, 2], "texture": "#0"},
				"west": {"uv": [0, 0, 2, 2], "texture": "#0"},
				"up": {"uv": [0, 0, 2, 16], "rotation": 90, "texture": "#0"},
				"down": {"uv": [0, 0, 16, 2], "texture": "#0"}
			}
		},
		{
			"name": "1",
			"from": [7.5, -2, 7.5],
			"to": [8.5, 32, 8.5],
			"rotation": {"angle": 0, "axis": "x", "origin": [0, 0, 16]},
			"faces": {
				"north": {"uv": [0.5, 0, 2.5, 16], "texture": "#2"},
				"east": {"uv": [0, 0, 2, 16], "texture": "#2"},
				"south": {"uv": [0.5, 0, 2.5, 16], "texture": "#2"},
				"west": {"uv": [0, 0, 2, 16], "texture": "#2"},
				"up": {"uv": [0, 0, 2, 2], "texture": "#2"},
				"down": {"uv": [0, 0, 2, 2], "texture": "#2"}
			}
		},
		{
			"name": "1",
			"from": [7.9, 29.3, 8.5],
			"to": [8.1, 31.7, 11.5],
			"rotation": {"angle": 0, "axis": "x", "origin": [8, 30.5, 8.6]},
			"faces": {
				"north": {"uv": [0.5, 0, 0.9, 4.8], "texture": "#3"},
				"east": {"uv": [0, 0, 6, 4.8], "texture": "#3"},
				"south": {"uv": [0.5, 0, 0.9, 4.8], "texture": "#3"},
				"west": {"uv": [0, 0, 6, 4.8], "texture": "#3"},
				"up": {"uv": [0, 0, 0.4, 6], "texture": "#3"},
				"down": {"uv": [0, 0, 0.4, 6], "texture": "#3"}
			}
		},
		{
			"name": "2",
			"from": [7.4, 29.25, 7.4],
			"to": [8.6, 31.75, 8.6],
			"rotation": {"angle": 0, "axis": "x", "origin": [0, 0, 16]},
			"faces": {
				"north": {"uv": [0.5, 0, 2.9, 5], "texture": "#3"},
				"east": {"uv": [0, 0, 2.4, 5], "texture": "#3"},
				"south": {"uv": [0.5, 0, 2.9, 5], "texture": "#3"},
				"west": {"uv": [0, 0, 2.4, 5], "texture": "#3"},
				"up": {"uv": [0, 0, 2.4, 2.4], "texture": "#3"},
				"down": {"uv": [0, 0, 2.4, 2.4], "texture": "#3"}
			}
		},
		{
			"name": "2",
			"from": [7.9, 28.8, 11.5],
			"to": [8.1, 30.7, 14.5],
			"rotation": {"angle": 0, "axis": "x", "origin": [0, 0, 16]},
			"faces": {
				"north": {"uv": [0.5, 0, 0.9, 3.8], "texture": "#3"},
				"east": {"uv": [0, 0, 6, 3.8], "texture": "#3"},
				"south": {"uv": [0.5, 0, 0.9, 3.8], "texture": "#3"},
				"west": {"uv": [0, 0, 6, 3.8], "texture": "#3"},
				"up": {"uv": [0, 0, 0.4, 6], "texture": "#3"},
				"down": {"uv": [0, 0, 0.4, 6], "texture": "#3"}
			}
		},
		{
			"name": "3",
			"from": [7.9, 28.3, 14.5],
			"to": [8.1, 29.7, 17.5],
			"rotation": {"angle": 0, "axis": "x", "origin": [0, 0, 16]},
			"faces": {
				"north": {"uv": [0.5, 0, 0.9, 2.8], "texture": "#3"},
				"east": {"uv": [0, 0, 6, 2.8], "texture": "#3"},
				"south": {"uv": [0.5, 0, 0.9, 2.8], "texture": "#3"},
				"west": {"uv": [0, 0, 6, 2.8], "texture": "#3"},
				"up": {"uv": [0, 0, 0.4, 6], "texture": "#3"},
				"down": {"uv": [0, 0, 0.4, 6], "texture": "#3"}
			}
		},
		{
			"from": [2.5, 4, 22.5],
			"to": [13.5, 4.5, 25],
			"rotation": {"angle": 0, "axis": "x", "origin": [0, 0, 16]},
			"faces": {
				"north": {"uv": [0, 0, 16, 1], "texture": "#0"},
				"east": {"uv": [2.5, 2, 7.5, 3], "texture": "#0"},
				"south": {"uv": [0, 0, 16, 1], "texture": "#0"},
				"west": {"uv": [2.5, 2, 7.5, 3], "texture": "#0"},
				"up": {"uv": [0, 2, 16, 7], "texture": "#0"},
				"down": {"uv": [0, 2, 16, 7], "texture": "#0"}
			}
		},
		{
			"from": [2.5, 4, -9],
			"to": [13.5, 4.5, -6.5],
			"rotation": {"angle": 0, "axis": "x", "origin": [0, 0, 16]},
			"faces": {
				"north": {"uv": [0, 0, 16, 1], "texture": "#0"},
				"east": {"uv": [2.5, 2, 7.5, 3], "texture": "#0"},
				"south": {"uv": [0, 0, 16, 1], "texture": "#0"},
				"west": {"uv": [2.5, 2, 7.5, 3], "texture": "#0"},
				"up": {"uv": [0, 2, 16, 7], "texture": "#0"},
				"down": {"uv": [0, 2, 16, 7], "texture": "#0"}
			}
		}
	],
	"display": {
		"thirdperson_righthand": {
			"translation": [0, 1.5, 0],
			"scale": [0.2, 0.2, 0.2]
		},
		"thirdperson_lefthand": {
			"translation": [0, 1.5, 0],
			"scale": [0.2, 0.2, 0.2]
		},
		"firstperson_righthand": {
			"translation": [0, 1.5, 0],
			"scale": [0.2, 0.2, 0.2]
		},
		"firstperson_lefthand": {
			"translation": [0, 1.5, 0],
			"scale": [0.2, 0.2, 0.2]
		},
		"ground": {
			"translation": [0, 1.5, 0],
			"scale": [0.2, 0.2, 0.2]
		},
		"gui": {
			"rotation": [30, 150, 0],
			"translation": [0.75, -2, 0],
			"scale": [0.5, 0.5, 0.5]
		},
		"head": {
			"translation": [0, 1.5, 0],
			"scale": [0.2, 0.2, 0.2]
		},
		"fixed": {
			"rotation": [-90, -90, 0],
			"translation": [0, 0, -6]
		}
	},
	"groups": [
		{
			"name": "Knarr",
			"origin": [8, 8, 8],
			"color": 0,
			"children": [
				{
					"name": "Hull",
					"origin": [8, 8, 8],
					"color": 0,
					"children": [
						{
							"name": "Right",
							"origin": [8, 8, 8],
							"color": 0,
							"children": [
								{
									"name": "0",
									"origin": [0, 0, 0],
									"color": 0,
									"children": [
										{
											"name": "Front",
											"origin": [0, 0, 0],
											"color": 0,
											"children": [0, 1, 2, 3, 4, 5, 6]
										},
										{
											"name": "Back",
											"origin": [0, 0, 0],
											"color": 0,
											"children": [7, 8, 9, 10, 11, 12, 13]
										},
										{
											"name": "Mid",
											"origin": [0, 0, 0],
											"color": 0,
											"children": [14]
										}
									]
								},
								{
									"name": "0",
									"origin": [0, 0, 0],
									"color": 0,
									"children": [
										{
											"name": "Front",
											"origin": [0, 0, 0],
											"color": 0,
											"children": [15, 16, 17, 18, 19]
										},
										{
											"name": "Back",
											"origin": [0, 0, 0],
											"color": 0,
											"children": [20, 21, 22, 23, 24]
										},
										{
											"name": "Mid",
											"origin": [0, 0, 0],
											"color": 0,
											"children": [25]
										}
									]
								},
								{
									"name": "0",
									"origin": [0, 0, 0],
									"color": 0,
									"children": [
										{
											"name": "Front",
											"origin": [0, 0, 0],
											"color": 0,
											"children": [26, 27, 28, 29]
										},
										{
											"name": "Back",
											"origin": [0, 0, 0],
											"color": 0,
											"children": [30, 31, 32, 33]
										},
										{
											"name": "Mid",
											"origin": [0, 0, 0],
											"color": 0,
											"children": [34]
										}
									]
								},
								{
									"name": "0",
									"origin": [0, 0, 0],
									"color": 0,
									"children": [
										{
											"name": "Front",
											"origin": [0, 0, 0],
											"color": 0,
											"children": [35, 36, 37]
										},
										{
											"name": "Back",
											"origin": [0, 0, 0],
											"color": 0,
											"children": [38, 39, 40]
										},
										{
											"name": "Mid",
											"origin": [0, 0, 0],
											"color": 0,
											"children": [41]
										}
									]
								},
								{
									"name": "0",
									"origin": [0, 0, 0],
									"color": 0,
									"children": [
										{
											"name": "Front",
											"origin": [0, 0, 0],
											"color": 0,
											"children": [42, 43]
										},
										{
											"name": "Back",
											"origin": [0, 0, 0],
											"color": 0,
											"children": [44, 45]
										},
										{
											"name": "Mid",
											"origin": [0, 0, 0],
											"color": 0,
											"children": [46]
										}
									]
								},
								{
									"name": "0",
									"origin": [0, 0, 0],
									"color": 0,
									"children": [
										{
											"name": "Front",
											"origin": [0, 0, 0],
											"color": 0,
											"children": [47]
										},
										{
											"name": "Back",
											"origin": [0, 0, 0],
											"color": 0,
											"children": [48]
										},
										{
											"name": "Mid",
											"origin": [0, 0, 0],
											"color": 0,
											"children": [49]
										}
									]
								},
								{
									"name": "0",
									"origin": [0, 0, 0],
									"color": 0,
									"children": [
										{
											"name": "Front",
											"origin": [0, 0, 0],
											"color": 0,
											"children": []
										},
										{
											"name": "Back",
											"origin": [0, 0, 0],
											"color": 0,
											"children": []
										},
										{
											"name": "Mid",
											"origin": [0, 0, 0],
											"color": 0,
											"children": [50]
										}
									]
								}
							]
						},
						{
							"name": "Left",
							"origin": [8, 8, 8],
							"color": 0,
							"children": [
								{
									"name": "0",
									"origin": [0, 0, 0],
									"color": 0,
									"children": [
										{
											"name": "Front",
											"origin": [0, 0, 0],
											"color": 0,
											"children": [51, 52, 53, 54, 55, 56, 57]
										},
										{
											"name": "Back",
											"origin": [0, 0, 0],
											"color": 0,
											"children": [58, 59, 60, 61, 62, 63, 64]
										},
										{
											"name": "Mid",
											"origin": [0, 0, 0],
											"color": 0,
											"children": [65]
										}
									]
								},
								{
									"name": "0",
									"origin": [0, 0, 0],
									"color": 0,
									"children": [
										{
											"name": "Front",
											"origin": [0, 0, 0],
											"color": 0,
											"children": [66, 67, 68, 69, 70]
										},
										{
											"name": "Back",
											"origin": [0, 0, 0],
											"color": 0,
											"children": [71, 72, 73, 74, 75]
										},
										{
											"name": "Mid",
											"origin": [0, 0, 0],
											"color": 0,
											"children": [76]
										}
									]
								},
								{
									"name": "0",
									"origin": [0, 0, 0],
									"color": 0,
									"children": [
										{
											"name": "Front",
											"origin": [0, 0, 0],
											"color": 0,
											"children": [77, 78, 79, 80]
										},
										{
											"name": "Back",
											"origin": [0, 0, 0],
											"color": 0,
											"children": [81, 82, 83, 84]
										},
										{
											"name": "Mid",
											"origin": [0, 0, 0],
											"color": 0,
											"children": [85]
										}
									]
								},
								{
									"name": "0",
									"origin": [0, 0, 0],
									"color": 0,
									"children": [
										{
											"name": "Front",
											"origin": [0, 0, 0],
											"color": 0,
											"children": [86, 87, 88]
										},
										{
											"name": "Back",
											"origin": [0, 0, 0],
											"color": 0,
											"children": [89, 90, 91]
										},
										{
											"name": "Mid",
											"origin": [0, 0, 0],
											"color": 0,
											"children": [92]
										}
									]
								},
								{
									"name": "0",
									"origin": [0, 0, 0],
									"color": 0,
									"children": [
										{
											"name": "Front",
											"origin": [0, 0, 0],
											"color": 0,
											"children": [93, 94]
										},
										{
											"name": "Back",
											"origin": [0, 0, 0],
											"color": 0,
											"children": [95, 96]
										},
										{
											"name": "Mid",
											"origin": [0, 0, 0],
											"color": 0,
											"children": [97]
										}
									]
								},
								{
									"name": "0",
									"origin": [0, 0, 0],
									"color": 0,
									"children": [
										{
											"name": "Front",
											"origin": [0, 0, 0],
											"color": 0,
											"children": [98]
										},
										{
											"name": "Back",
											"origin": [0, 0, 0],
											"color": 0,
											"children": [99]
										},
										{
											"name": "Mid",
											"origin": [0, 0, 0],
											"color": 0,
											"children": [100]
										}
									]
								},
								{
									"name": "0",
									"origin": [0, 0, 0],
									"color": 0,
									"children": [
										{
											"name": "Front",
											"origin": [0, 0, 0],
											"color": 0,
											"children": []
										},
										{
											"name": "Back",
											"origin": [0, 0, 0],
											"color": 0,
											"children": []
										},
										{
											"name": "Mid",
											"origin": [0, 0, 0],
											"color": 0,
											"children": [101]
										}
									]
								}
							]
						},
						{
							"name": "0",
							"origin": [0, 0, 0],
							"color": 0,
							"children": [
								{
									"name": "Front",
									"origin": [0, 0, 0],
									"color": 0,
									"children": [102, 103, 104, 105, 106, 107, 108]
								},
								{
									"name": "Back",
									"origin": [0, 0, 0],
									"color": 0,
									"children": [109, 110, 111, 112, 113, 114, 115]
								},
								{
									"name": "Mid",
									"origin": [0, 0, 0],
									"color": 0,
									"children": [116]
								}
							]
						}
					]
				},
				{
					"name": "Floor",
					"origin": [0, 0, 16],
					"color": 0,
					"children": [
						{
							"name": "Front",
							"origin": [0, 0, 16],
							"color": 0,
							"children": [117, 118, 119, 120, 121, 122, 123, 124, 125]
						},
						{
							"name": "Mid",
							"origin": [0, 0, 16],
							"color": 0,
							"children": [126, 127, 128, 129, 130, 131, 132, 133, 134]
						},
						{
							"name": "Back",
							"origin": [0, 0, 16],
							"color": 0,
							"children": [135, 136, 137, 138, 139, 140, 141, 142, 143]
						},
						144,
						145
					]
				},
				{
					"name": "Mast",
					"origin": [8, 8, 8],
					"color": 0,
					"children": [146]
				},
				{
					"name": "Flag",
					"origin": [0, 0, 16],
					"color": 0,
					"children": [147, 148, 149, 150]
				},
				{
					"name": "Seats",
					"origin": [8, 8, 8],
					"color": 0,
					"children": [151, 152]
				}
			]
		}
	]
}