{
	"credit": "Made with Blockbench",
	"textures": {
		"2": "block/shulker_box"
	},
	"elements": [
		{
			"name": "Seat",
			"from": [5, 9.02, 5],
			"to": [11, 10.02, 11],
			"rotation": {"angle": 0, "axis": "y", "origin": [8, -2, 8]},
			"faces": {
				"up": {"uv": [5, 5, 11, 11], "texture": "#2"}
			}
		},
		{
			"name": "Seat",
			"from": [11, 9.02, 2],
			"to": [13, 10.02, 3],
			"rotation": {"angle": 0, "axis": "y", "origin": [8, -2, 8]},
			"faces": {
				"north": {"uv": [13, 15, 15, 16], "texture": "#2"},
				"east": {"uv": [13, 15, 14, 16], "rotation": 90, "texture": "#2"},
				"up": {"uv": [13, 15, 15, 16], "texture": "#2"}
			}
		},
		{
			"name": "Seat",
			"from": [3, 9.02, 2],
			"to": [5, 10.02, 3],
			"rotation": {"angle": 0, "axis": "y", "origin": [8, -2, 8]},
			"faces": {
				"north": {"uv": [13, 15, 15, 16], "texture": "#2"},
				"west": {"uv": [0, 0, 1, 1], "texture": "#2"},
				"up": {"uv": [13, 15, 15, 16], "texture": "#2"}
			}
		},
		{
			"name": "Seat",
			"from": [2, 9.02, 5],
			"to": [5, 10.02, 11],
			"rotation": {"angle": 0, "axis": "y", "origin": [8, -2, 8]},
			"faces": {
				"west": {"uv": [15, 3, 16, 9], "rotation": 270, "texture": "#2"},
				"up": {"uv": [13, 3, 16, 9], "rotation": 180, "texture": "#2"}
			}
		},
		{
			"name": "Seat",
			"from": [5, 9.02, 11],
			"to": [11, 10.02, 14],
			"rotation": {"angle": 0, "axis": "y", "origin": [8, -2, 8]},
			"faces": {
				"south": {"uv": [7, 15, 13, 16], "rotation": 180, "texture": "#2"},
				"up": {"uv": [7, 13, 13, 16], "texture": "#2"}
			}
		},
		{
			"name": "Seat",
			"from": [11, 9.02, 5],
			"to": [14, 10.02, 11],
			"rotation": {"angle": 0, "axis": "y", "origin": [8, -2, 8]},
			"faces": {
				"east": {"uv": [15, 3, 16, 9], "rotation": 90, "texture": "#2"},
				"up": {"uv": [13, 3, 16, 9], "texture": "#2"}
			}
		},
		{
			"name": "Seat",
			"from": [5, 9.02, 2],
			"to": [11, 10.02, 5],
			"rotation": {"angle": 0, "axis": "y", "origin": [8, -2, 8]},
			"faces": {
				"north": {"uv": [7, 15, 13, 16], "texture": "#2"},
				"up": {"uv": [7, 13, 13, 16], "rotation": 180, "texture": "#2"}
			}
		},
		{
			"name": "Seat",
			"from": [2, 9.02, 11],
			"to": [5, 10.02, 14],
			"rotation": {"angle": 0, "axis": "y", "origin": [8, -2, 8]},
			"faces": {
				"south": {"uv": [13, 15, 16, 16], "rotation": 180, "texture": "#2"},
				"west": {"uv": [15, 13, 16, 16], "rotation": 270, "texture": "#2"},
				"up": {"uv": [13, 13, 16, 16], "rotation": 90, "texture": "#2"}
			}
		},
		{
			"name": "Seat",
			"from": [11, 9.02, 3],
			"to": [14, 10.02, 5],
			"rotation": {"angle": 0, "axis": "y", "origin": [8, -2, 8]},
			"faces": {
				"north": {"uv": [13, 2, 16, 3], "texture": "#2"},
				"east": {"uv": [15, 1, 16, 3], "rotation": 90, "texture": "#2"},
				"up": {"uv": [13, 1, 16, 3], "texture": "#2"}
			}
		},
		{
			"name": "Seat",
			"from": [11, 9.02, 11],
			"to": [14, 10.02, 14],
			"rotation": {"angle": 0, "axis": "y", "origin": [8, -2, 8]},
			"faces": {
				"east": {"uv": [15, 13, 16, 16], "rotation": 90, "texture": "#2"},
				"south": {"uv": [13, 15, 16, 16], "texture": "#2"},
				"up": {"uv": [13, 13, 16, 16], "texture": "#2"}
			}
		},
		{
			"name": "Seat",
			"from": [2, 9.02, 3],
			"to": [5, 10.02, 5],
			"rotation": {"angle": 0, "axis": "y", "origin": [8, -2, 8]},
			"faces": {
				"north": {"uv": [13, 13, 16, 14], "texture": "#2"},
				"west": {"uv": [15, 13, 16, 15], "rotation": 270, "texture": "#2"},
				"up": {"uv": [13, 13, 16, 15], "rotation": 180, "texture": "#2"}
			}
		},
		{
			"name": "Arm",
			"from": [13.49, 14.01, 3],
			"to": [15.51, 15.01, 13],
			"rotation": {"angle": 0, "axis": "y", "origin": [8, -2, 8]},
			"faces": {
				"north": {"uv": [14, 8, 16, 9], "rotation": 180, "texture": "#2"},
				"east": {"uv": [15, 3, 16, 13], "rotation": 90, "texture": "#2"},
				"south": {"uv": [14, 3, 16, 4], "texture": "#2"},
				"west": {"uv": [14, 3, 15, 13], "rotation": 270, "texture": "#2"},
				"up": {"uv": [14, 3, 16, 13], "texture": "#2"}
			}
		},
		{
			"name": "Arm",
			"from": [12.99, 14.5, -0.03],
			"to": [16.01, 15.5, 2.99],
			"rotation": {"angle": 0, "axis": "y", "origin": [8, -2, 8]},
			"faces": {
				"north": {"uv": [13, 15, 16, 16], "rotation": 180, "texture": "#2"},
				"east": {"uv": [15, 13, 16, 16], "rotation": 270, "texture": "#2"},
				"south": {"uv": [13, 13, 16, 14], "texture": "#2"},
				"west": {"uv": [13, 13, 14, 16], "rotation": 90, "texture": "#2"},
				"up": {"uv": [13, 13, 16, 16], "rotation": 270, "texture": "#2"}
			}
		},
		{
			"name": "Arm",
			"from": [0.49, 14.01, 3],
			"to": [2.51, 15.01, 13],
			"rotation": {"angle": 0, "axis": "y", "origin": [8, -2, 8]},
			"faces": {
				"north": {"uv": [14, 8, 16, 9], "rotation": 180, "texture": "#2"},
				"east": {"uv": [14, 3, 15, 13], "rotation": 90, "texture": "#2"},
				"south": {"uv": [14, 3, 16, 4], "rotation": 180, "texture": "#2"},
				"west": {"uv": [15, 3, 16, 13], "rotation": 90, "texture": "#2"},
				"up": {"uv": [14, 3, 16, 13], "rotation": 180, "texture": "#2"}
			}
		},
		{
			"name": "Arm",
			"from": [-0.01, 14.5, -0.03],
			"to": [3.01, 15.5, 2.99],
			"rotation": {"angle": 0, "axis": "y", "origin": [8, -2, 8]},
			"faces": {
				"north": {"uv": [13, 15, 16, 16], "texture": "#2"},
				"east": {"uv": [13, 13, 14, 16], "rotation": 270, "texture": "#2"},
				"south": {"uv": [13, 13, 16, 14], "texture": "#2"},
				"west": {"uv": [15, 13, 16, 16], "rotation": 90, "texture": "#2"},
				"up": {"uv": [13, 13, 16, 16], "rotation": 180, "texture": "#2"}
			}
		},
		{
			"name": "Back",
			"from": [11, 26, 13.74],
			"to": [13.01, 29, 14.74],
			"rotation": {"angle": 0, "axis": "y", "origin": [8, -2, 8]},
			"faces": {
				"north": {"uv": [13, 12, 15, 15], "rotation": 180, "texture": "#2"},
				"east": {"uv": [15, 12, 16, 15], "rotation": 180, "texture": "#2"},
				"up": {"uv": [13, 15, 16, 16], "texture": "#2"}
			}
		},
		{
			"name": "Back",
			"from": [11, 18, 13.74],
			"to": [13.01, 26, 14.74],
			"rotation": {"angle": 0, "axis": "y", "origin": [8, -2, 8]},
			"faces": {
				"north": {"uv": [13, 4, 15, 12], "rotation": 180, "texture": "#2"},
				"east": {"uv": [15, 4, 16, 12], "rotation": 180, "texture": "#2"}
			}
		},
		{
			"name": "Back",
			"from": [11, 15, 13.74],
			"to": [13.01, 18, 14.74],
			"rotation": {"angle": 0, "axis": "y", "origin": [8, -2, 8]},
			"faces": {
				"north": {"uv": [1, 12, 3, 15], "texture": "#2"},
				"east": {"uv": [15, 1, 16, 4], "rotation": 180, "texture": "#2"},
				"down": {"uv": [13, 2, 16, 3], "rotation": 180, "texture": "#2"}
			}
		},
		{
			"name": "Back",
			"from": [5, 26, 13.74],
			"to": [11, 29, 14.74],
			"rotation": {"angle": 0, "axis": "y", "origin": [8, -2, 8]},
			"faces": {
				"north": {"uv": [7, 12, 13, 15], "rotation": 180, "texture": "#2"},
				"up": {"uv": [7, 15, 13, 16], "rotation": 180, "texture": "#2"}
			}
		},
		{
			"name": "Back",
			"from": [5, 18, 13.74],
			"to": [11, 26, 14.74],
			"rotation": {"angle": 0, "axis": "y", "origin": [8, -2, 8]},
			"faces": {
				"north": {"uv": [5, 3, 11, 11], "rotation": 180, "texture": "#2"}
			}
		},
		{
			"name": "Back",
			"from": [5, 15, 13.74],
			"to": [11, 18, 14.74],
			"rotation": {"angle": 0, "axis": "y", "origin": [8, -2, 8]},
			"faces": {
				"north": {"uv": [7, 12, 13, 15], "texture": "#2"},
				"down": {"uv": [7, 15, 13, 16], "rotation": 180, "texture": "#2"}
			}
		},
		{
			"name": "Back",
			"from": [2.99, 26, 13.74],
			"to": [5, 29, 14.74],
			"rotation": {"angle": 0, "axis": "y", "origin": [8, -2, 8]},
			"faces": {
				"north": {"uv": [12, 13, 15, 15], "rotation": 270, "texture": "#2"},
				"west": {"uv": [15, 12, 16, 15], "rotation": 180, "texture": "#2"},
				"up": {"uv": [13, 15, 16, 16], "rotation": 180, "texture": "#2"}
			}
		},
		{
			"name": "Back",
			"from": [2.99, 18, 13.74],
			"to": [5, 26, 14.74],
			"rotation": {"angle": 0, "axis": "y", "origin": [8, -2, 8]},
			"faces": {
				"north": {"uv": [13, 4, 15, 12], "texture": "#2"},
				"west": {"uv": [15, 4, 16, 12], "rotation": 180, "texture": "#2"}
			}
		},
		{
			"name": "Back",
			"from": [2.99, 15, 13.74],
			"to": [5, 18, 14.74],
			"rotation": {"angle": 0, "axis": "y", "origin": [8, -2, 8]},
			"faces": {
				"north": {"uv": [13, 12, 15, 15], "texture": "#2"},
				"west": {"uv": [15, 13, 16, 16], "rotation": 180, "texture": "#2"},
				"down": {"uv": [13, 13, 16, 14], "rotation": 180, "texture": "#2"}
			}
		}
	],
	"display": {
		"thirdperson_righthand": {
			"scale": [0.85, 0.85, 0.85]
		},
		"thirdperson_lefthand": {
			"rotation": [90, 90, 0],
			"translation": [-4, -2, -5],
			"scale": [2.01, 2.01, 2.01]
		},
		"firstperson_lefthand": {
			"scale": [0.2, 0.2, 0.2]
		},
		"gui": {
			"rotation": [30, 35, 0],
			"translation": [0, -4, 0],
			"scale": [0.5, 0.5, 0.5]
		},
		"head": {
			"rotation": [0, 180, 0],
			"translation": [0, -0.475, 0]
		},
		"fixed": {
			"translation": [0, -4, 0],
			"scale": [0.5, 0.5, 0.5]
		}
	}
}