{
  "type": "minecraft:crafting_shaped",
  "category": "misc",
  "group": "chair_refined",
  "key": {
    "#": "minecraft:stripped_spruce_log",
    "X": "minecraft:stick"
  },
  "pattern": [
    "#X ",
    "## ",
    "XX "
  ],
    "result": {
      "components": {
        "minecraft:item_model": "tac:chair/refined/spruce_refined_chair",
        "minecraft:custom_model_data": {
          "strings": [""]
        },
        "minecraft:max_stack_size": 64,
        "minecraft:entity_data": {
          "id": "minecraft:armor_stand",
          "Tags": [
            "chair",
            "tac"
          ],
          "equipment":{
            "feet": {
              "id": "minecraft:armor_stand",
              "components": {
                "minecraft:custom_data": {
                  "model": "chair",
                  "type": "refined",
                  "mat": "spruce",
                  "tac": true
                }
              }
            }
          },
          "ArmorItems": [
            {
              "id": "minecraft:armor_stand",
              "components": {
                "minecraft:custom_data": {
                  "model": "chair",
                  "type": "refined",
                  "mat": "spruce",
                  "tac": true
                }
              }
            }
          ],
          "Invisible": true
        },
        "minecraft:custom_data": {
          "model": "chair",
          "type": "refined",
          "mat": "spruce",
          "tac": true
        },
        "minecraft:custom_name": {"translate":"tac.chair.spruce.refined","italic":false}
      },
      "count": 1,
      "id": "minecraft:armor_stand"
    }
  }