{
  "parent": "minecraft:recipes/root",
  "criteria": {
    "has_planks_and_stick": {
      "conditions": {
        "items": [
          {
            "items": "minecraft:acacia_planks"
          },
          {
            "items": "minecraft:stick"
          }
        ]
      },
      "trigger": "minecraft:inventory_changed"
    },
    "has_the_recipe": {
      "conditions": {
        "recipe": "tac:chair/basic/acacia_basic_chair"
      },
      "trigger": "minecraft:recipe_unlocked"
    }
  },
  "requirements": [
    [
      "has_the_recipe",
      "has_planks_and_stick"
    ]
  ],
  "rewards": {
    "recipes": [
      "tac:table/basic/acacia_basic_table",
      "tac:table/pedestal_basic/acacia_pedestal_basic_table",
      "tac:tablexxx/carved/acacia_carved_table",
      "tac:tablexxx/pedestal_carved/acacia_pedestal_carved_table"
    ]
  }
}