{
  "parent": "minecraft:recipes/root",
  "criteria": {
    "has_log": {
      "conditions": {
        "items": [
          {
            "items": "minecraft:stripped_crimson_stem"
          }
        ]
      },
      "trigger": "minecraft:inventory_changed"
    },
    "has_the_recipe": {
      "conditions": {
        "recipe": "tac:chair/neat/crimson_neat_chair"
      },
      "trigger": "minecraft:recipe_unlocked"
    }
  },
  "requirements": [
    [
      "has_the_recipe",
      "has_log"
    ]
  ],
  "rewards": {
    "recipes": [
      "tac:chair/neat/crimson_neat_chair",
      "tac:chair/refined/crimson_refined_chair",
      "tac:chair/throne/crimson_throne_chair"
    ]
  }
}