{
	"format_version": "1.21.6",
	"credit": "Made with Blockbench",
	"texture_size": [8, 8],
	"textures": {
		"0": "block/oak_planks",
		"particle": "block/oak_planks"
	},
	"elements": [
		{
			"from": [15.6, 6, 20],
			"to": [16, 9, 21],
			"rotation": {"angle": 0, "axis": "x", "origin": [24, 0, 28]},
			"faces": {
				"north": {"uv": [1.3, 0, 0.5, 6], "texture": "#0"},
				"east": {"uv": [4.5, 2, 2.5, 8], "texture": "#0"},
				"south": {"uv": [1.3, 0, 0.5, 6], "texture": "#0"},
				"west": {"uv": [4.5, 2, 2.5, 8], "texture": "#0"},
				"up": {"uv": [3.8, 2, 3, 4], "texture": "#0"},
				"down": {"uv": [0.8, 2, 0, 4], "texture": "#0"}
			}
		},
		{
			"from": [13.6, 8, 20],
			"to": [15.6, 9, 21],
			"rotation": {"angle": 0, "axis": "x", "origin": [24, 0, 28]},
			"faces": {
				"north": {"uv": [4.5, 0, 0.5, 2], "texture": "#0"},
				"east": {"uv": [4.5, 2, 2.5, 4], "texture": "#0"},
				"south": {"uv": [4.5, 0, 0.5, 2], "texture": "#0"},
				"west": {"uv": [4.5, 2, 2.5, 4], "texture": "#0"},
				"up": {"uv": [7, 2, 3, 4], "texture": "#0"},
				"down": {"uv": [4, 2, 0, 4], "texture": "#0"}
			}
		},
		{
			"from": [15.6, 2, 20],
			"to": [16, 6, 21.25],
			"rotation": {"angle": 0, "axis": "x", "origin": [24, 0, 28]},
			"faces": {
				"north": {"uv": [1.3, 0, 0.5, 8], "texture": "#0"},
				"east": {"uv": [5, 2, 2.5, 10], "texture": "#0"},
				"south": {"uv": [1.3, 0, 0.5, 8], "texture": "#0"},
				"west": {"uv": [5, 2, 2.5, 10], "texture": "#0"},
				"up": {"uv": [3.8, 2, 3, 4.5], "texture": "#0"},
				"down": {"uv": [0.8, 2, 0, 4.5], "texture": "#0"}
			}
		},
		{
			"from": [15.6, 1, 20],
			"to": [16, 2, 23],
			"rotation": {"angle": 0, "axis": "x", "origin": [24, 0, 28]},
			"faces": {
				"north": {"uv": [1.3, 0, 0.5, 2], "texture": "#0"},
				"east": {"uv": [8.5, 2, 2.5, 4], "texture": "#0"},
				"south": {"uv": [1.3, 0, 0.5, 2], "texture": "#0"},
				"west": {"uv": [8.5, 2, 2.5, 4], "texture": "#0"},
				"up": {"uv": [3.8, 2, 3, 8], "texture": "#0"},
				"down": {"uv": [0.8, 2, 0, 8], "texture": "#0"}
			}
		},
		{
			"from": [15.6, -1, 21],
			"to": [16, 1, 24.5],
			"rotation": {"angle": 0, "axis": "x", "origin": [24, 0, 28]},
			"faces": {
				"north": {"uv": [1.3, 0, 0.5, 4], "texture": "#0"},
				"east": {"uv": [9.5, 2, 2.5, 6], "texture": "#0"},
				"south": {"uv": [1.3, 0, 0.5, 4], "texture": "#0"},
				"west": {"uv": [9.5, 2, 2.5, 6], "texture": "#0"},
				"up": {"uv": [3.8, 2, 3, 9], "texture": "#0"},
				"down": {"uv": [0.8, 2, 0, 9], "texture": "#0"}
			}
		}
	],
	"display": {
		"thirdperson_righthand": {
			"translation": [0, 1.5, 0],
			"scale": [0.2, 0.2, 0.2]
		},
		"thirdperson_lefthand": {
			"translation": [0, 1.5, 0],
			"scale": [0.2, 0.2, 0.2]
		},
		"firstperson_righthand": {
			"translation": [0, 1.5, 0],
			"scale": [0.2, 0.2, 0.2]
		},
		"firstperson_lefthand": {
			"translation": [0, 1.5, 0],
			"scale": [0.2, 0.2, 0.2]
		},
		"ground": {
			"translation": [0, 1.5, 0],
			"scale": [0.2, 0.2, 0.2]
		},
		"gui": {
			"rotation": [30, 150, 0],
			"translation": [0.75, -2, 0],
			"scale": [0.5, 0.5, 0.5]
		},
		"head": {
			"translation": [0, 1.5, 0],
			"scale": [0.2, 0.2, 0.2]
		},
		"fixed": {
			"rotation": [-90, -90, 0],
			"translation": [0, 0, -6]
		}
	},
	"groups": [
		{
			"name": "Knarr",
			"origin": [8, 8, 8],
			"color": 0,
			"children": [
				{
					"name": "Rudder",
					"origin": [8, 8, 8],
					"color": 0,
					"children": [0, 1, 2, 3, 4]
				}
			]
		}
	]
}