{
  "parent": "minecraft:recipes/root",
  "criteria": {
    "has_planks_and_stick": {
      "conditions": {
        "items": [
          {
            "items": "minecraft:cherry_planks"
          },
          {
            "items": "minecraft:stick"
          }
        ]
      },
      "trigger": "minecraft:inventory_changed"
    },
    "has_the_recipe": {
      "conditions": {
        "recipe": "tac:chair/basic/cherry_basic_chair"
      },
      "trigger": "minecraft:recipe_unlocked"
    }
  },
  "requirements": [
    [
      "has_the_recipe",
      "has_planks_and_stick"
    ]
  ],
  "rewards": {
    "recipes": [
      "tac:chair/basic/cherry_basic_chair",
      "tac:chair/carved/cherry_carved_chair",
      "tac:bench/basic/cherry_basic_bench"
    ]
  }
}