{
  "parent": "minecraft:item/generated",
  "overrides": [
    {
      "model": "elytra_chestplate:item/elytra_iron_chestplate_quartz_trim",
      "predicate": {
        "trim_type": 0.1
      }
    },
    {
      "model": "elytra_chestplate:item/elytra_iron_chestplate_iron_trim",
      "predicate": {
        "trim_type": 0.2
      }
    },
    {
      "model": "elytra_chestplate:item/elytra_iron_chestplate_netherite_trim",
      "predicate": {
        "trim_type": 0.3
      }
    },
    {
      "model": "elytra_chestplate:item/elytra_iron_chestplate_redstone_trim",
      "predicate": {
        "trim_type": 0.4
      }
    },
    {
      "model": "elytra_chestplate:item/elytra_iron_chestplate_copper_trim",
      "predicate": {
        "trim_type": 0.5
      }
    },
    {
      "model": "elytra_chestplate:item/elytra_iron_chestplate_gold_trim",
      "predicate": {
        "trim_type": 0.6
      }
    },
    {
      "model": "elytra_chestplate:item/elytra_iron_chestplate_emerald_trim",
      "predicate": {
        "trim_type": 0.7
      }
    },
    {
      "model": "elytra_chestplate:item/elytra_iron_chestplate_diamond_trim",
      "predicate": {
        "trim_type": 0.8
      }
    },
    {
      "model": "elytra_chestplate:item/elytra_iron_chestplate_lapis_trim",
      "predicate": {
        "trim_type": 0.9
      }
    },
    {
      "model": "elytra_chestplate:item/elytra_iron_chestplate_amethyst_trim",
      "predicate": {
        "trim_type": 1.0
      }
    }
  ],
  "textures": {
    "layer0": "elytra_chestplate:item/elytra_iron_chestplate"
  }
}