{
	"credit": "Made with Blockbench",
	"textures": {
		"0": "block/bamboo_planks",
		"1": "block/bamboo_door_top",
		"2": "block/bamboo_trapdoor",
		"particle": "block/bamboo_door_top"
	},
	"elements": [
		{
			"name": "Seat",
			"from": [12, 8, 2],
			"to": [14, 10, 14],
			"rotation": {"angle": 0, "axis": "y", "origin": [8, 9, 8]},
			"faces": {
				"north": {"uv": [12, 13, 14, 15], "texture": "#0"},
				"east": {"uv": [1, 4, 13, 6], "rotation": 180, "texture": "#0"},
				"south": {"uv": [5, 13, 7, 15], "texture": "#0"},
				"west": {"uv": [0, 13, 12, 15], "texture": "#0"},
				"up": {"uv": [4, 9, 16, 11], "rotation": 90, "texture": "#0"},
				"down": {"uv": [4, 9, 16, 11], "rotation": 90, "texture": "#0"}
			}
		},
		{
			"name": "Cushion",
			"from": [8, 8, 4],
			"to": [12, 10, 8],
			"rotation": {"angle": 0, "axis": "y", "origin": [8, 9, 8]},
			"faces": {
				"up": {"uv": [3, 9, 7, 13], "texture": "#2"},
				"down": {"uv": [3, 9, 7, 13], "rotation": 90, "texture": "#2"}
			}
		},
		{
			"name": "Cushion",
			"from": [4, 8, 4],
			"to": [8, 10, 8],
			"rotation": {"angle": 0, "axis": "y", "origin": [8, 9, 8]},
			"faces": {
				"up": {"uv": [9, 9, 13, 13], "texture": "#2"},
				"down": {"uv": [9, 9, 13, 13], "rotation": 90, "texture": "#2"}
			}
		},
		{
			"name": "Cushion",
			"from": [4, 8, 8],
			"to": [8, 10, 12],
			"rotation": {"angle": 0, "axis": "y", "origin": [8, 9, 8]},
			"faces": {
				"up": {"uv": [9, 3, 13, 7], "texture": "#2"},
				"down": {"uv": [9, 3, 13, 7], "rotation": 90, "texture": "#2"}
			}
		},
		{
			"name": "Cushion",
			"from": [8, 8, 8],
			"to": [12, 10, 12],
			"rotation": {"angle": 0, "axis": "y", "origin": [8, 9, 8]},
			"faces": {
				"up": {"uv": [3, 3, 7, 7], "texture": "#2"},
				"down": {"uv": [3, 3, 7, 7], "rotation": 90, "texture": "#2"}
			}
		},
		{
			"name": "Seat",
			"from": [2, 8, 2],
			"to": [4, 10, 14],
			"rotation": {"angle": 0, "axis": "y", "origin": [8, 9, 8]},
			"faces": {
				"north": {"uv": [12, 13, 14, 15], "texture": "#0"},
				"east": {"uv": [0, 13, 12, 15], "texture": "#0"},
				"south": {"uv": [0, 9, 2, 11], "texture": "#0"},
				"west": {"uv": [4, 8, 16, 10], "rotation": 180, "texture": "#0"},
				"up": {"uv": [4, 9, 16, 11], "rotation": 270, "texture": "#0"},
				"down": {"uv": [4, 9, 16, 11], "rotation": 270, "texture": "#0"}
			}
		},
		{
			"name": "Seat",
			"from": [4, 8, 2],
			"to": [12, 10, 4],
			"rotation": {"angle": 0, "axis": "y", "origin": [8, 9, 8]},
			"faces": {
				"north": {"uv": [8, 9, 16, 11], "texture": "#0"},
				"south": {"uv": [3, 12, 11, 14], "texture": "#0"},
				"up": {"uv": [8, 1, 16, 3], "texture": "#0"},
				"down": {"uv": [2, 5, 10, 7], "texture": "#0"}
			}
		},
		{
			"name": "Seat",
			"from": [4, 8, 12],
			"to": [12, 10, 14],
			"rotation": {"angle": 0, "axis": "y", "origin": [8, 9, 8]},
			"faces": {
				"north": {"uv": [3, 12, 11, 14], "texture": "#0"},
				"south": {"uv": [5, 9, 13, 11], "texture": "#0"},
				"up": {"uv": [8, 1, 16, 3], "rotation": 180, "texture": "#0"},
				"down": {"uv": [5, 5, 13, 7], "rotation": 180, "texture": "#0"}
			}
		},
		{
			"name": "Leg1",
			"from": [12.5, 1, 2],
			"to": [14, 8, 3.5],
			"rotation": {"angle": 0, "axis": "y", "origin": [8, 0, 8]},
			"faces": {
				"north": {"uv": [0, 13.25, 7, 14.75], "rotation": 90, "texture": "#0"},
				"east": {"uv": [3, 9.25, 10, 10.75], "rotation": 90, "texture": "#0"},
				"south": {"uv": [3, 8.25, 10, 9.75], "rotation": 90, "texture": "#0"},
				"west": {"uv": [0, 12.25, 7, 13.75], "rotation": 90, "texture": "#0"}
			}
		},
		{
			"name": "Leg2",
			"from": [2, 1, 2],
			"to": [3.5, 8, 3.5],
			"rotation": {"angle": 0, "axis": "y", "origin": [8, 0, 8]},
			"faces": {
				"north": {"uv": [3, 9.25, 10, 10.75], "rotation": 90, "texture": "#0"},
				"east": {"uv": [3, 8.25, 10, 9.75], "rotation": 90, "texture": "#0"},
				"south": {"uv": [0, 12.25, 7, 13.75], "rotation": 90, "texture": "#0"},
				"west": {"uv": [0, 13.25, 7, 14.75], "rotation": 90, "texture": "#0"}
			}
		},
		{
			"name": "Leg3",
			"from": [2, 1, 12.5],
			"to": [3.5, 8, 14],
			"rotation": {"angle": 0, "axis": "y", "origin": [8, 0, 8]},
			"faces": {
				"north": {"uv": [3, 8.25, 10, 9.75], "rotation": 90, "texture": "#0"},
				"east": {"uv": [0, 12.25, 7, 13.75], "rotation": 90, "texture": "#0"},
				"south": {"uv": [0, 13.25, 7, 14.75], "rotation": 90, "texture": "#0"},
				"west": {"uv": [3, 9.25, 10, 10.75], "rotation": 90, "texture": "#0"}
			}
		},
		{
			"name": "Leg4",
			"from": [12.5, 1, 12.5],
			"to": [14, 8, 14],
			"rotation": {"angle": 0, "axis": "y", "origin": [8, 0, 8]},
			"faces": {
				"north": {"uv": [0, 12.25, 7, 13.75], "rotation": 90, "texture": "#0"},
				"east": {"uv": [0, 13.25, 7, 14.75], "rotation": 90, "texture": "#0"},
				"south": {"uv": [3, 9.25, 10, 10.75], "rotation": 90, "texture": "#0"},
				"west": {"uv": [3, 8.25, 10, 9.75], "rotation": 90, "texture": "#0"}
			}
		},
		{
			"name": "Leg1N",
			"from": [12, 0, 2],
			"to": [14, 1, 4],
			"rotation": {"angle": 0, "axis": "y", "origin": [8, 0, 8]},
			"faces": {
				"north": {"uv": [7, 3, 9, 4], "texture": "#0"},
				"east": {"uv": [10, 3, 12, 4], "texture": "#0"},
				"south": {"uv": [9, 3, 11, 4], "texture": "#0"},
				"west": {"uv": [8, 3, 10, 4], "texture": "#0"},
				"up": {"uv": [7, 2, 9, 4], "texture": "#0"},
				"down": {"uv": [6, 3, 8, 5], "rotation": 90, "texture": "#0"}
			}
		},
		{
			"name": "Leg2N",
			"from": [2, 0, 2],
			"to": [4, 1, 4],
			"rotation": {"angle": 0, "axis": "y", "origin": [8, 0, 8]},
			"faces": {
				"north": {"uv": [5, 3, 7, 4], "texture": "#0"},
				"east": {"uv": [3, 3, 5, 4], "texture": "#0"},
				"south": {"uv": [2, 3, 4, 4], "texture": "#0"},
				"west": {"uv": [6, 3, 8, 4], "texture": "#0"},
				"up": {"uv": [7, 14, 9, 16], "rotation": 270, "texture": "#0"},
				"down": {"uv": [7, 3, 9, 5], "rotation": 270, "texture": "#0"}
			}
		},
		{
			"name": "Leg3N",
			"from": [2, 0, 12],
			"to": [4, 1, 14],
			"rotation": {"angle": 0, "axis": "y", "origin": [8, 0, 8]},
			"faces": {
				"north": {"uv": [7, 3, 9, 4], "texture": "#0"},
				"east": {"uv": [10, 3, 12, 4], "texture": "#0"},
				"south": {"uv": [9, 3, 11, 4], "texture": "#0"},
				"west": {"uv": [8, 3, 10, 4], "texture": "#0"},
				"up": {"uv": [6, 3, 8, 5], "texture": "#0"},
				"down": {"uv": [7, 3, 9, 5], "texture": "#0"}
			}
		},
		{
			"name": "Leg4N",
			"from": [12, 0, 12],
			"to": [14, 1, 14],
			"rotation": {"angle": 0, "axis": "y", "origin": [8, 0, 8]},
			"faces": {
				"north": {"uv": [7, 3, 9, 4], "texture": "#0"},
				"east": {"uv": [10, 3, 12, 4], "texture": "#0"},
				"south": {"uv": [9, 3, 11, 4], "texture": "#0"},
				"west": {"uv": [8, 3, 10, 4], "texture": "#0"},
				"up": {"uv": [7, 3, 9, 5], "texture": "#0"},
				"down": {"uv": [6, 3, 8, 5], "texture": "#0"}
			}
		},
		{
			"name": "Back1",
			"from": [2, 13, 12],
			"to": [3, 22, 14],
			"rotation": {"angle": 0, "axis": "y", "origin": [2.5, 16, 13.75]},
			"faces": {
				"north": {"uv": [3, 5, 12, 6], "rotation": 90, "texture": "#0"},
				"east": {"uv": [1, 13, 10, 15], "rotation": 90, "texture": "#0"},
				"south": {"uv": [3, 9, 12, 10], "rotation": 90, "texture": "#0"},
				"west": {"uv": [6, 9, 15, 11], "rotation": 90, "texture": "#0"},
				"up": {"uv": [1, 9, 2, 11], "texture": "#0"}
			}
		},
		{
			"name": "Back1N",
			"from": [3, 20, 12],
			"to": [4, 22, 14],
			"rotation": {"angle": 0, "axis": "y", "origin": [3, 21, 13]},
			"faces": {
				"north": {"uv": [10, 4, 11, 6], "texture": "#0"},
				"east": {"uv": [4, 4, 6, 6], "texture": "#0"},
				"south": {"uv": [9, 4, 10, 6], "texture": "#0"},
				"west": {"uv": [6, 4, 8, 6], "texture": "#0"},
				"up": {"uv": [3, 5, 4, 7], "texture": "#0"},
				"down": {"uv": [7, 5, 8, 7], "texture": "#0"}
			}
		},
		{
			"name": "Back1N",
			"from": [2, 10, 12],
			"to": [4, 13, 14],
			"rotation": {"angle": 0, "axis": "y", "origin": [3, 11.5, 13]},
			"faces": {
				"north": {"uv": [13, 0, 15, 3], "texture": "#0"},
				"east": {"uv": [8, 0, 10, 3], "texture": "#0"},
				"south": {"uv": [9, 0, 11, 3], "texture": "#0"},
				"west": {"uv": [14, 0, 16, 3], "texture": "#0"},
				"up": {"uv": [11, 0, 13, 2], "texture": "#0"}
			}
		},
		{
			"name": "Back2",
			"from": [13, 13, 12],
			"to": [14, 22, 14],
			"rotation": {"angle": 0, "axis": "y", "origin": [13.5, 16, 13.75]},
			"faces": {
				"north": {"uv": [4, 5, 13, 6], "rotation": 90, "texture": "#0"},
				"east": {"uv": [2, 5, 11, 7], "rotation": 90, "texture": "#0"},
				"south": {"uv": [5, 10, 14, 11], "rotation": 90, "texture": "#0"},
				"west": {"uv": [4, 8, 13, 10], "rotation": 90, "texture": "#0"},
				"up": {"uv": [11, 8, 12, 10], "texture": "#0"}
			}
		},
		{
			"name": "Back2N",
			"from": [12, 20, 12],
			"to": [13, 22, 14],
			"rotation": {"angle": 0, "axis": "y", "origin": [13, 21, 13]},
			"faces": {
				"north": {"uv": [10, 4, 11, 6], "texture": "#0"},
				"east": {"uv": [4, 6, 6, 8], "texture": "#0"},
				"south": {"uv": [3, 2, 4, 4], "texture": "#0"},
				"west": {"uv": [6, 2, 8, 4], "texture": "#0"},
				"up": {"uv": [6, 4, 7, 6], "texture": "#0"},
				"down": {"uv": [7, 3, 8, 5], "texture": "#0"}
			}
		},
		{
			"name": "Back2N",
			"from": [12, 10, 12],
			"to": [14, 13, 14],
			"rotation": {"angle": 0, "axis": "y", "origin": [13, 11.5, 13]},
			"faces": {
				"north": {"uv": [8, 8, 10, 11], "texture": "#0"},
				"east": {"uv": [8, 8, 10, 11], "texture": "#0"},
				"south": {"uv": [6, 8, 8, 11], "texture": "#0"},
				"west": {"uv": [11, 8, 13, 11], "texture": "#0"},
				"up": {"uv": [9, 8, 11, 10], "texture": "#0"}
			}
		},
		{
			"name": "BackB0",
			"from": [4, 12, 12],
			"to": [12, 13, 14],
			"rotation": {"angle": 0, "axis": "y", "origin": [8, 11.5, 13]},
			"faces": {
				"north": {"uv": [3, 13, 11, 14], "texture": "#0"},
				"south": {"uv": [2, 4, 10, 5], "texture": "#0"},
				"up": {"uv": [2, 12, 10, 14], "texture": "#0"},
				"down": {"uv": [6, 6, 14, 8], "texture": "#0"}
			}
		},
		{
			"name": "BackB0",
			"from": [4, 20, 12],
			"to": [12, 21, 14],
			"rotation": {"angle": 0, "axis": "y", "origin": [8, 21.5, 13]},
			"faces": {
				"north": {"uv": [3, 12, 11, 13], "texture": "#0"},
				"east": {"uv": [2, 0, 4, 1], "texture": "#0"},
				"south": {"uv": [3, 9, 11, 10], "texture": "#0"},
				"west": {"uv": [0, 0, 2, 1], "texture": "#0"},
				"up": {"uv": [5, 9, 13, 11], "texture": "#0"},
				"down": {"uv": [6, 9, 14, 11], "texture": "#0"}
			}
		},
		{
			"name": "Decoration",
			"from": [3.5, 6, 2],
			"to": [12.5, 8, 3],
			"rotation": {"angle": 0, "axis": "y", "origin": [8, 0, 8]},
			"faces": {
				"north": {"uv": [10, 5, 12, 14], "rotation": 90, "texture": "#1"},
				"south": {"uv": [2, 7, 11, 13], "texture": "#1"}
			}
		},
		{
			"name": "Decoration",
			"from": [2, 6, 3.5],
			"to": [3, 8, 12.5],
			"rotation": {"angle": 0, "axis": "y", "origin": [8, 0, 8]},
			"faces": {
				"east": {"uv": [2, 7, 11, 13], "texture": "#1"},
				"west": {"uv": [10, 5, 12, 14], "rotation": 90, "texture": "#1"}
			}
		},
		{
			"name": "Decoration",
			"from": [3.5, 6, 13],
			"to": [12.5, 8, 14],
			"rotation": {"angle": 0, "axis": "y", "origin": [8, 0, 8]},
			"faces": {
				"north": {"uv": [2, 7, 11, 13], "texture": "#1"},
				"south": {"uv": [10, 5, 12, 14], "rotation": 90, "texture": "#1"}
			}
		},
		{
			"name": "Decoration",
			"from": [13, 6, 3.5],
			"to": [14, 8, 12.5],
			"rotation": {"angle": 0, "axis": "y", "origin": [8, 0, 8]},
			"faces": {
				"east": {"uv": [10, 5, 12, 14], "rotation": 90, "texture": "#1"},
				"west": {"uv": [2, 7, 11, 13], "texture": "#1"}
			}
		},
		{
			"name": "SeatBack",
			"from": [3, 16, 12.5],
			"to": [13, 21, 13.5],
			"rotation": {"angle": 0, "axis": "y", "origin": [8, 18.5, 13]},
			"faces": {
				"north": {"uv": [3, 3, 13, 8], "texture": "#1"},
				"south": {"uv": [3, 4, 13, 9], "texture": "#1"}
			}
		},
		{
			"name": "SeatBack",
			"from": [3, 12, 12.5],
			"to": [13, 16, 13.5],
			"rotation": {"angle": 0, "axis": "y", "origin": [8, 18.5, 13]},
			"faces": {
				"north": {"uv": [3, 12, 13, 16], "texture": "#1"},
				"south": {"uv": [3, 12, 13, 16], "texture": "#1"}
			}
		},
		{
			"name": "Beam",
			"from": [3.5, 7, 2.5],
			"to": [12.5, 8, 3.25],
			"rotation": {"angle": 0, "axis": "y", "origin": [8.09677, 10.24194, 0.1129]},
			"faces": {
				"north": {"uv": [1.5, 7, 10.5, 8], "texture": "#0"},
				"south": {"uv": [4.5, 15, 13.5, 16], "texture": "#0"},
				"up": {"uv": [0.5, 7, 9.5, 7.75], "texture": "#0"},
				"down": {"uv": [3.5, 15, 12.5, 15.75], "texture": "#0"}
			}
		},
		{
			"name": "Beam",
			"from": [12.75, 7, 3.5],
			"to": [13.5, 8, 12.5],
			"rotation": {"angle": 0, "axis": "y", "origin": [16.09677, 13.24194, 8.1129]},
			"faces": {
				"east": {"uv": [1.5, 11, 10.5, 12], "texture": "#0"},
				"west": {"uv": [4.5, 15, 13.5, 16], "texture": "#0"},
				"up": {"uv": [0.5, 7, 9.5, 7.75], "rotation": 90, "texture": "#0"},
				"down": {"uv": [3.5, 15, 12.5, 15.75], "rotation": 270, "texture": "#0"}
			}
		},
		{
			"name": "Beam",
			"from": [3.5, 7, 12.75],
			"to": [12.5, 8, 13.5],
			"rotation": {"angle": 0, "axis": "y", "origin": [8.09677, 10.24194, 10.3629]},
			"faces": {
				"north": {"uv": [5.5, 3, 14.5, 4], "texture": "#0"},
				"south": {"uv": [4.5, 15, 13.5, 16], "texture": "#0"},
				"up": {"uv": [0.5, 7, 9.5, 7.75], "texture": "#0"},
				"down": {"uv": [4.5, 11, 13.5, 11.75], "texture": "#0"}
			}
		},
		{
			"name": "Beam",
			"from": [2.5, 7, 3.5],
			"to": [3.25, 8, 12.5],
			"rotation": {"angle": 0, "axis": "y", "origin": [16.84677, 13.24194, 8.1129]},
			"faces": {
				"east": {"uv": [5.5, 3, 14.5, 4], "texture": "#0"},
				"west": {"uv": [4.5, 11, 13.5, 12], "texture": "#0"},
				"up": {"uv": [2.5, 7, 11.5, 7.75], "rotation": 90, "texture": "#0"},
				"down": {"uv": [4.5, 11, 13.5, 11.75], "rotation": 270, "texture": "#0"}
			}
		}
	],
	"display": {
		"thirdperson_righthand": {
			"rotation": [45, 0, 0],
			"translation": [0, 1, 0],
			"scale": [0.35, 0.35, 0.35]
		},
		"thirdperson_lefthand": {
			"rotation": [45, 0, 0],
			"translation": [0, 1, 0],
			"scale": [0.35, 0.35, 0.35]
		},
		"firstperson_righthand": {
			"rotation": [-10, 15, 0],
			"translation": [1, 0, 0],
			"scale": [0.4, 0.4, 0.4]
		},
		"firstperson_lefthand": {
			"rotation": [-10, 15, 0],
			"translation": [1, 0, 0],
			"scale": [0.4, 0.4, 0.4]
		},
		"ground": {
			"translation": [0, 1, 0],
			"scale": [0.3, 0.3, 0.3]
		},
		"gui": {
			"rotation": [35, -135, 0],
			"translation": [0, -1.5, 0],
			"scale": [0.5, 0.5, 0.5]
		},
		"head": {
			"translation": [0, 1.5, 0]
		},
		"fixed": {
			"translation": [0, -3.5, -4.1],
			"scale": [0.8, 0.8, 0.8]
		}
	}
}