{
		"textures": {"0": "block/crimson_planks"
	},
	"elements": [{
			"name": "Seat", "from": [4, 8, 2], "to": [12, 10, 4], "rotation": {"angle": 0, "axis": "y", "origin": [8, 9, 8]}, "faces": {
				"north": {"uv": [3, 2, 11, 4], "texture": "#0"},
				"east": {"uv": [0, 3, 2, 5], "rotation": 180, "texture": "#0"},
				"south": {"uv": [1, 14, 9, 16], "texture": "#0"},
				"west": {"uv": [0, 6, 2, 8], "texture": "#0"},
				"up": {"uv": [4, 10, 12, 12], "texture": "#0"},
				"down": {"uv": [2, 0.5, 10, 2.5], "texture": "#0"}
			}},
		{
			"name": "Seat", "from": [4, 9, 5], "to": [12, 10, 6], "rotation": {"angle": 0, "axis": "y", "origin": [8, 9, 11]}, "faces": {
				"north": {"uv": [4, 3, 12, 4], "texture": "#0"},
				"south": {"uv": [4, 3, 12, 4], "texture": "#0"},
				"up": {"uv": [4, 3, 12, 4], "texture": "#0"},
				"down": {"uv": [4, 3, 12, 4], "texture": "#0"}
			}},
		{
			"name": "Seat", "from": [4, 9, 7], "to": [12, 10, 8], "rotation": {"angle": 0, "axis": "y", "origin": [8, 9, 13]}, "faces": {
				"north": {"uv": [4, 3, 12, 4], "texture": "#0"},
				"south": {"uv": [4, 3, 12, 4], "texture": "#0"},
				"up": {"uv": [4, 7, 12, 8], "texture": "#0"},
				"down": {"uv": [4, 3, 12, 4], "texture": "#0"}
			}},
		{
			"name": "Seat", "from": [4, 9, 9], "to": [12, 10, 10], "rotation": {"angle": 0, "axis": "y", "origin": [8, 9, 15]}, "faces": {
				"north": {"uv": [4, 3, 12, 4], "texture": "#0"},
				"south": {"uv": [4, 3, 12, 4], "texture": "#0"},
				"up": {"uv": [4, 11, 12, 12], "texture": "#0"},
				"down": {"uv": [4, 3, 12, 4], "texture": "#0"}
			}},
		{
			"name": "Seat", "from": [4, 9, 11], "to": [12, 10, 12], "rotation": {"angle": 0, "axis": "y", "origin": [8, 9, 17]}, "faces": {
				"north": {"uv": [4, 3, 12, 4], "texture": "#0"},
				"south": {"uv": [4, 3, 12, 4], "texture": "#0"},
				"up": {"uv": [4, 15, 12, 16], "texture": "#0"},
				"down": {"uv": [4, 3, 12, 4], "texture": "#0"}
			}},
		{
			"name": "Seat", "from": [4, 8, 12], "to": [12, 10, 14], "rotation": {"angle": 0, "axis": "y", "origin": [8, 9, 18]}, "faces": {
				"north": {"uv": [1, 6, 9, 8], "texture": "#0"},
				"east": {"uv": [0, 3, 2, 5], "rotation": 180, "texture": "#0"},
				"south": {"uv": [1, 14, 9, 16], "texture": "#0"},
				"west": {"uv": [0, 6, 2, 8], "texture": "#0"},
				"up": {"uv": [4, 0, 12, 2], "texture": "#0"},
				"down": {"uv": [2, 0.5, 10, 2.5], "texture": "#0"}
			}},
		{
			"name": "Seat", "from": [12, 8, 2], "to": [14, 10, 14], "rotation": {"angle": 0, "axis": "y", "origin": [8, 9, 8]}, "faces": {
				"north": {"uv": [1, 6, 3, 8], "texture": "#0"},
				"east": {"uv": [0, 3, 12, 5], "rotation": 180, "texture": "#0"},
				"south": {"uv": [1, 14, 3, 16], "texture": "#0"},
				"west": {"uv": [0, 6, 12, 8], "texture": "#0"},
				"up": {"uv": [12, 0, 14, 12], "texture": "#0"},
				"down": {"uv": [2, 0.5, 4, 12.5], "texture": "#0"}
			}},
		{
			"name": "Seat", "from": [2, 8, 2], "to": [4, 10, 14], "rotation": {"angle": 0, "axis": "y", "origin": [-2, 9, 8]}, "faces": {
				"north": {"uv": [1, 6, 3, 8], "texture": "#0"},
				"east": {"uv": [0, 3, 12, 5], "rotation": 180, "texture": "#0"},
				"south": {"uv": [1, 14, 3, 16], "texture": "#0"},
				"west": {"uv": [1, 2, 13, 4], "texture": "#0"},
				"up": {"uv": [2, 0, 4, 12], "texture": "#0"},
				"down": {"uv": [2, 0.5, 4, 12.5], "texture": "#0"}
			}},
		{
			"name": "Leg1", "from": [12.5, 1, 2], "to": [14, 7, 3.5], "rotation": {"angle": 0, "axis": "y", "origin": [13.25, 4, 2.75]}, "faces": {
				"north": {"uv": [5.25, 4, 6.75, 10], "texture": "#0"},
				"east": {"uv": [4.25, 4, 5.75, 10], "texture": "#0"},
				"south": {"uv": [3.25, 4, 4.75, 10], "texture": "#0"},
				"west": {"uv": [6.25, 4, 7.75, 10], "texture": "#0"}
			}},
		{
			"name": "Leg1N", "from": [12, 0, 2], "to": [14, 1, 4], "rotation": {"angle": 0, "axis": "y", "origin": [13, 0.5, 3]}, "faces": {
				"north": {"uv": [7, 3, 9, 4], "texture": "#0"},
				"east": {"uv": [10, 3, 12, 4], "texture": "#0"},
				"south": {"uv": [9, 3, 11, 4], "texture": "#0"},
				"west": {"uv": [8, 3, 10, 4], "texture": "#0"},
				"up": {"uv": [7, 2, 9, 4], "texture": "#0"},
				"down": {"uv": [6, 3, 8, 5], "rotation": 90, "texture": "#0"}
			}},
		{
			"name": "Leg1N", "from": [12, 7, 2], "to": [14, 8, 4], "rotation": {"angle": 0, "axis": "y", "origin": [13, 7.5, 3]}, "faces": {
				"north": {"uv": [7, 3, 9, 4], "texture": "#0"},
				"east": {"uv": [10, 3, 12, 4], "texture": "#0"},
				"south": {"uv": [9, 3, 11, 4], "texture": "#0"},
				"west": {"uv": [8, 3, 10, 4], "texture": "#0"},
				"down": {"uv": [6, 3, 8, 5], "texture": "#0"}
			}},
		{
			"name": "Leg2", "from": [2, 1, 2], "to": [3.5, 7, 3.5], "rotation": {"angle": 0, "axis": "y", "origin": [2.75, 4, 2.75]}, "faces": {
				"north": {"uv": [2.25, 4, 3.75, 10], "texture": "#0"},
				"east": {"uv": [1.25, 4, 2.75, 10], "texture": "#0"},
				"south": {"uv": [4.25, 4, 5.75, 10], "texture": "#0"},
				"west": {"uv": [3.25, 4, 4.75, 10], "texture": "#0"}
			}},
		{
			"name": "Leg2N", "from": [2, 7, 2], "to": [4, 8, 4], "rotation": {"angle": 0, "axis": "y", "origin": [8.09677, 9.24194, 10.1129]}, "faces": {
				"north": {"uv": [9, 3, 11, 4], "texture": "#0"},
				"east": {"uv": [3, 3, 5, 4], "texture": "#0"},
				"south": {"uv": [2, 3, 4, 4], "texture": "#0"},
				"west": {"uv": [6, 3, 8, 4], "texture": "#0"},
				"down": {"uv": [7, 3, 9, 5], "texture": "#0"}
			}},
		{
			"name": "Leg2N", "from": [2, 0, 2], "to": [4, 1, 4], "rotation": {"angle": 0, "axis": "y", "origin": [8.09677, 9.24194, 10.1129]}, "faces": {
				"north": {"uv": [5, 3, 7, 4], "texture": "#0"},
				"east": {"uv": [3, 3, 5, 4], "texture": "#0"},
				"south": {"uv": [2, 3, 4, 4], "texture": "#0"},
				"west": {"uv": [6, 3, 8, 4], "texture": "#0"},
				"up": {"uv": [7, 14, 9, 16], "rotation": 270, "texture": "#0"},
				"down": {"uv": [7, 3, 9, 5], "rotation": 270, "texture": "#0"}
			}},
		{
			"name": "Leg3", "from": [2, 1, 12.5], "to": [3.5, 7, 14], "rotation": {"angle": 0, "axis": "y", "origin": [2.75, 4, 13.25]}, "faces": {
				"north": {"uv": [4.25, 4, 5.75, 10], "texture": "#0"},
				"east": {"uv": [7.25, 4, 8.75, 10], "texture": "#0"},
				"south": {"uv": [6.25, 4, 7.75, 10], "texture": "#0"},
				"west": {"uv": [5.25, 4, 6.75, 10], "texture": "#0"}
			}},
		{
			"name": "Leg3N", "from": [2, 0, 12], "to": [4, 1, 14], "rotation": {"angle": 0, "axis": "y", "origin": [8.09677, 9.24194, 10.1129]}, "faces": {
				"north": {"uv": [7, 3, 9, 4], "texture": "#0"},
				"east": {"uv": [10, 3, 12, 4], "texture": "#0"},
				"south": {"uv": [9, 3, 11, 4], "texture": "#0"},
				"west": {"uv": [8, 3, 10, 4], "texture": "#0"},
				"up": {"uv": [6, 3, 8, 5], "texture": "#0"},
				"down": {"uv": [7, 3, 9, 5], "texture": "#0"}
			}},
		{
			"name": "Leg3N", "from": [2, 7, 12], "to": [4, 8, 14], "rotation": {"angle": 0, "axis": "y", "origin": [8.09677, 9.24194, 10.1129]}, "faces": {
				"north": {"uv": [7, 3, 9, 4], "texture": "#0"},
				"east": {"uv": [10, 3, 12, 4], "texture": "#0"},
				"south": {"uv": [9, 3, 11, 4], "texture": "#0"},
				"west": {"uv": [8, 3, 10, 4], "texture": "#0"},
				"down": {"uv": [6, 3, 8, 5], "texture": "#0"}
			}},
		{
			"name": "Leg4", "from": [12.5, 1, 12.5], "to": [14, 7, 14], "rotation": {"angle": 0, "axis": "y", "origin": [13.25, 4, 13.25]}, "faces": {
				"north": {"uv": [7.25, 8, 8.75, 14], "texture": "#0"},
				"east": {"uv": [6.25, 8, 7.75, 14], "texture": "#0"},
				"south": {"uv": [5.25, 8, 6.75, 14], "texture": "#0"},
				"west": {"uv": [5.25, 8, 6.75, 14], "texture": "#0"},
				"up": {"uv": [5.25, 8, 6.75, 14], "texture": "#0"},
				"down": {"uv": [5.25, 8, 6.75, 14], "texture": "#0"}
			}},
		{
			"name": "Leg4N", "from": [12, 7, 12], "to": [14, 8, 14], "rotation": {"angle": 0, "axis": "y", "origin": [8.09677, 9.24194, 10.1129]}, "faces": {
				"north": {"uv": [7, 3, 9, 4], "texture": "#0"},
				"east": {"uv": [10, 3, 12, 4], "texture": "#0"},
				"south": {"uv": [9, 3, 11, 4], "texture": "#0"},
				"west": {"uv": [8, 3, 10, 4], "texture": "#0"},
				"down": {"uv": [6, 3, 8, 5], "texture": "#0"}
			}},
		{
			"name": "Leg4N", "from": [12, 0, 12], "to": [14, 1, 14], "rotation": {"angle": 0, "axis": "y", "origin": [8.09677, 9.24194, 10.1129]}, "faces": {
				"north": {"uv": [7, 3, 9, 4], "texture": "#0"},
				"east": {"uv": [10, 3, 12, 4], "texture": "#0"},
				"south": {"uv": [9, 3, 11, 4], "texture": "#0"},
				"west": {"uv": [8, 3, 10, 4], "texture": "#0"},
				"up": {"uv": [7, 3, 9, 5], "texture": "#0"},
				"down": {"uv": [6, 3, 8, 5], "texture": "#0"}
			}},
		{
			"name": "Back1", "from": [2, 13, 12], "to": [3, 20, 14], "rotation": {"angle": 0, "axis": "y", "origin": [2.5, 16, 13.75]}, "faces": {
				"north": {"uv": [10, 8, 11, 15], "texture": "#0"},
				"east": {"uv": [8, 8, 10, 15], "texture": "#0"},
				"south": {"uv": [7, 8, 8, 15], "texture": "#0"},
				"west": {"uv": [12, 8, 14, 15], "texture": "#0"}
			}},
		{
			"name": "Back1N", "from": [2, 20, 12], "to": [4, 22, 14], "rotation": {"angle": 0, "axis": "y", "origin": [3, 21, 13]}, "faces": {
				"north": {"uv": [10, 2, 12, 4], "texture": "#0"},
				"east": {"uv": [4, 2, 6, 4], "texture": "#0"},
				"south": {"uv": [4, 2, 6, 4], "texture": "#0"},
				"west": {"uv": [6, 2, 8, 4], "texture": "#0"},
				"up": {"uv": [6, 4, 8, 6], "texture": "#0"},
				"down": {"uv": [7, 3, 9, 5], "texture": "#0"}
			}},
		{
			"name": "Back1N", "from": [2, 10, 12], "to": [4, 13, 14], "rotation": {"angle": 0, "axis": "y", "origin": [3, 11.5, 13]}, "faces": {
				"north": {"uv": [8, 3, 10, 6], "texture": "#0"},
				"east": {"uv": [3, 3, 5, 6], "texture": "#0"},
				"south": {"uv": [4, 3, 6, 6], "texture": "#0"},
				"west": {"uv": [9, 3, 11, 6], "texture": "#0"},
				"up": {"uv": [6, 3, 8, 5], "texture": "#0"}
			}},
		{
			"name": "Back2", "from": [13, 13, 12], "to": [14, 20, 14], "rotation": {"angle": 0, "axis": "y", "origin": [13.5, 16, 13.75]}, "faces": {
				"north": {"uv": [4, 4, 5, 11], "texture": "#0"},
				"east": {"uv": [2, 4, 4, 11], "texture": "#0"},
				"south": {"uv": [1, 4, 2, 11], "texture": "#0"},
				"west": {"uv": [5, 4, 7, 11], "texture": "#0"}
			}},
		{
			"name": "Back2N", "from": [12, 20, 12], "to": [14, 22, 14], "rotation": {"angle": 0, "axis": "y", "origin": [13, 21, 13]}, "faces": {
				"north": {"uv": [10, 2, 12, 4], "texture": "#0"},
				"east": {"uv": [4, 6, 6, 8], "texture": "#0"},
				"south": {"uv": [3, 2, 5, 4], "texture": "#0"},
				"west": {"uv": [6, 2, 8, 4], "texture": "#0"},
				"up": {"uv": [6, 4, 8, 6], "texture": "#0"},
				"down": {"uv": [7, 3, 9, 5], "texture": "#0"}
			}},
		{
			"name": "Back2N", "from": [12, 10, 12], "to": [14, 13, 14], "rotation": {"angle": 0, "axis": "y", "origin": [13, 11.5, 13]}, "faces": {
				"north": {"uv": [5, 3, 7, 6], "texture": "#0"},
				"east": {"uv": [5, 3, 7, 6], "texture": "#0"},
				"south": {"uv": [3, 3, 5, 6], "texture": "#0"},
				"west": {"uv": [8, 3, 10, 6], "texture": "#0"},
				"up": {"uv": [6, 3, 8, 5], "texture": "#0"}
			}},
		{
			"name": "BackB0", "from": [4, 11, 12], "to": [12, 12, 14], "rotation": {"angle": 0, "axis": "y", "origin": [8, 11.5, 13]}, "faces": {
				"north": {"uv": [3, 13, 11, 14], "texture": "#0"},
				"south": {"uv": [2, 4, 10, 5], "texture": "#0"},
				"up": {"uv": [2, 12, 10, 14], "texture": "#0"},
				"down": {"uv": [6, 6, 14, 8], "texture": "#0"}
			}},
		{
			"name": "BackB0", "from": [4, 21, 12], "to": [12, 22, 14], "rotation": {"angle": 0, "axis": "y", "origin": [8, 21.5, 13]}, "faces": {
				"north": {"uv": [3, 11, 11, 12], "texture": "#0"},
				"east": {"uv": [2, 0, 4, 1], "texture": "#0"},
				"south": {"uv": [3, 8, 11, 9], "texture": "#0"},
				"west": {"uv": [0, 0, 2, 1], "texture": "#0"},
				"up": {"uv": [5, 9, 13, 11], "texture": "#0"},
				"down": {"uv": [6, 8, 14, 10], "texture": "#0"}
			}},
		{
			"name": "BackB1", "from": [3, 19, 12.5], "to": [13, 20, 13.5], "rotation": {"angle": 0, "axis": "y", "origin": [8.5, 24, 12.5]}, "faces": {
				"north": {"uv": [2, 8, 12, 9], "texture": "#0"},
				"south": {"uv": [0, 5, 10, 6], "texture": "#0"},
				"up": {"uv": [2, 10, 12, 11], "rotation": 180, "texture": "#0"},
				"down": {"uv": [2, 1, 12, 2], "rotation": 180, "texture": "#0"}
			}},
		{
			"name": "BackB2", "from": [3, 17, 12.5], "to": [13, 18, 13.5], "rotation": {"angle": 0, "axis": "y", "origin": [8.5, 22, 12.5]}, "faces": {
				"north": {"uv": [2, 6, 12, 7], "texture": "#0"},
				"south": {"uv": [3, 6, 13, 7], "texture": "#0"},
				"up": {"uv": [2, 4, 12, 5], "rotation": 180, "texture": "#0"},
				"down": {"uv": [2, 5, 12, 6], "rotation": 180, "texture": "#0"}
			}},
		{
			"name": "BackB3", "from": [3, 15, 12.5], "to": [13, 16, 13.5], "rotation": {"angle": 0, "axis": "y", "origin": [8.5, 20, 12.5]}, "faces": {
				"north": {"uv": [4, 2, 14, 3], "texture": "#0"},
				"south": {"uv": [0, 14, 10, 15], "texture": "#0"},
				"up": {"uv": [5, 10, 15, 11], "rotation": 180, "texture": "#0"},
				"down": {"uv": [2, 5, 12, 6], "rotation": 180, "texture": "#0"}
			}},
		{
			"name": "BackB4", "from": [3, 13, 12.5], "to": [13, 14, 13.5], "rotation": {"angle": 0, "axis": "y", "origin": [8.5, 18, 12.5]}, "faces": {
				"north": {"uv": [3, 10, 13, 11], "texture": "#0"},
				"south": {"uv": [1, 10, 11, 11], "texture": "#0"},
				"up": {"uv": [5, 9, 15, 10], "rotation": 180, "texture": "#0"},
				"down": {"uv": [0, 0, 10, 1], "rotation": 180, "texture": "#0"}
			}},
		{
			"name": "Beam", "from": [3.5, 6, 13.25], "to": [12.5, 7, 14], "rotation": {"angle": 0, "axis": "y", "origin": [8.09677, 9.24194, 10.6129]}, "faces": {
				"north": {"uv": [5.5, 5, 14.5, 6], "texture": "#0"},
				"south": {"uv": [6.5, 5, 15.5, 6], "texture": "#0"},
				"up": {"uv": [6.5, 5, 15.5, 5.75], "texture": "#0"},
				"down": {"uv": [5.5, 9, 14.5, 9.75], "rotation": 180, "texture": "#0"}
			}},
		{
			"name": "Beam", "from": [2, 6, 3.5], "to": [2.75, 7, 12.5], "rotation": {"angle": 0, "axis": "y", "origin": [16.34677, 9.24194, 8.1129]}, "faces": {
				"east": {"uv": [5.5, 4, 14.5, 5], "texture": "#0"},
				"west": {"uv": [3.5, 0, 12.5, 1], "texture": "#0"},
				"up": {"uv": [2.5, 4, 11.5, 4.75], "rotation": 90, "texture": "#0"},
				"down": {"uv": [6.5, 8, 15.5, 8.75], "rotation": 90, "texture": "#0"}
			}},
		{
			"name": "Beam", "from": [3.5, 6, 2], "to": [12.5, 7, 2.75], "rotation": {"angle": 0, "axis": "y", "origin": [8.09677, 9.24194, -0.3871]}, "faces": {
				"north": {"uv": [5.5, 4, 14.5, 5], "texture": "#0"},
				"south": {"uv": [4.5, 14, 13.5, 15], "texture": "#0"},
				"up": {"uv": [1.5, 9, 10.5, 9.75], "texture": "#0"},
				"down": {"uv": [4.5, 12, 13.5, 12.75], "texture": "#0"}
			}},
		{
			"name": "Beam", "from": [13.25, 6, 3.5], "to": [14, 7, 12.5], "rotation": {"angle": 0, "axis": "y", "origin": [16.59677, 9.24194, 8.1129]}, "faces": {
				"east": {"uv": [3.5, 12, 12.5, 13], "rotation": 180, "texture": "#0"},
				"west": {"uv": [2.5, 14, 11.5, 15], "texture": "#0"},
				"up": {"uv": [3.5, 6, 12.5, 6.75], "rotation": 90, "texture": "#0"},
				"down": {"uv": [3.5, 13, 12.5, 13.75], "rotation": 270, "texture": "#0"}
			}},
		{
			"name": "Beam", "from": [3.5, 3, 2], "to": [12.5, 4, 2.75], "rotation": {"angle": 0, "axis": "y", "origin": [8.09677, 6.24194, -0.3871]}, "faces": {
				"north": {"uv": [1.5, 7, 10.5, 8], "texture": "#0"},
				"south": {"uv": [4.5, 15, 13.5, 16], "texture": "#0"},
				"up": {"uv": [0.5, 7, 9.5, 7.75], "texture": "#0"},
				"down": {"uv": [3.5, 15, 12.5, 15.75], "texture": "#0"}
			}},
		{
			"name": "Beam", "from": [13.25, 3, 3.5], "to": [14, 4, 12.5], "rotation": {"angle": 0, "axis": "y", "origin": [16.59677, 9.24194, 8.1129]}, "faces": {
				"east": {"uv": [1.5, 11, 10.5, 12], "texture": "#0"},
				"west": {"uv": [4.5, 15, 13.5, 16], "texture": "#0"},
				"up": {"uv": [0.5, 7, 9.5, 7.75], "rotation": 90, "texture": "#0"},
				"down": {"uv": [3.5, 15, 12.5, 15.75], "rotation": 270, "texture": "#0"}
			}},
		{
			"name": "Beam", "from": [3.5, 3, 13.25], "to": [12.5, 4, 14], "rotation": {"angle": 0, "axis": "y", "origin": [8.09677, 6.24194, 10.8629]}, "faces": {
				"north": {"uv": [5.5, 3, 14.5, 4], "texture": "#0"},
				"south": {"uv": [4.5, 15, 13.5, 16], "texture": "#0"},
				"up": {"uv": [0.5, 7, 9.5, 7.75], "texture": "#0"},
				"down": {"uv": [4.5, 11, 13.5, 11.75], "texture": "#0"}
			}},
		{
			"name": "Beam", "from": [2, 3, 3.5], "to": [2.75, 4, 12.5], "rotation": {"angle": 0, "axis": "y", "origin": [16.34677, 9.24194, 8.1129]}, "faces": {
				"east": {"uv": [5.5, 3, 14.5, 4], "texture": "#0"},
				"west": {"uv": [4.5, 11, 13.5, 12], "texture": "#0"},
				"up": {"uv": [2.5, 7, 11.5, 7.75], "rotation": 90, "texture": "#0"},
				"down": {"uv": [4.5, 11, 13.5, 11.75], "rotation": 270, "texture": "#0"}
			}},
		{
			"name": "Beam", "from": [4, 0, 2], "to": [12, 1, 3], "rotation": {"angle": 0, "axis": "y", "origin": [8.09677, 9.24194, 4.1129]}, "faces": {
				"north": {"uv": [5, 15, 13, 16], "texture": "#0"},
				"south": {"uv": [4, 3, 12, 4], "texture": "#0"},
				"up": {"uv": [5, 11, 13, 12], "texture": "#0"},
				"down": {"uv": [6, 7, 14, 8], "texture": "#0"}
			}},
		{
			"name": "Beam", "from": [4, 0, 13], "to": [12, 1, 14], "rotation": {"angle": 0, "axis": "y", "origin": [8.09677, 9.24194, 15.1129]}, "faces": {
				"north": {"uv": [3, 7, 11, 8], "texture": "#0"},
				"south": {"uv": [4, 7, 12, 8], "texture": "#0"},
				"up": {"uv": [5, 11, 13, 12], "texture": "#0"},
				"down": {"uv": [6, 7, 14, 8], "texture": "#0"}
			}},
		{
			"name": "Beam", "from": [13, 0, 4], "to": [14, 1, 12], "rotation": {"angle": 0, "axis": "y", "origin": [8.59677, 9.24194, 10.1129]}, "faces": {
				"east": {"uv": [4, 11, 12, 12], "texture": "#0"},
				"west": {"uv": [2, 7, 10, 8], "texture": "#0"},
				"up": {"uv": [2, 11, 10, 12], "rotation": 90, "texture": "#0"},
				"down": {"uv": [6, 7, 14, 8], "rotation": 270, "texture": "#0"}
			}},
		{
			"name": "Beam", "from": [2, 0, 4], "to": [3, 1, 12], "rotation": {"angle": 0, "axis": "y", "origin": [7.59677, 9.24194, 10.1129]}, "faces": {
				"east": {"uv": [1, 11, 9, 12], "texture": "#0"},
				"west": {"uv": [5, 11, 13, 12], "texture": "#0"},
				"up": {"uv": [5, 7, 13, 8], "rotation": 90, "texture": "#0"},
				"down": {"uv": [5, 7, 13, 8], "rotation": 270, "texture": "#0"}
			}}
	],
	"display": {
		"thirdperson_righthand": {
			"rotation": [45, 0, 0], "translation": [0, 1, 0], "scale": [0.35, 0.35, 0.35]
		},
		"thirdperson_lefthand": {
			"rotation": [45, 0, 0], "translation": [0, 1, 0], "scale": [0.35, 0.35, 0.35]
		},
		"firstperson_righthand": {
			"rotation": [-10, 15, 0], "translation": [1, 0, 0], "scale": [0.4, 0.4, 0.4]
		},
		"firstperson_lefthand": {
			"rotation": [-10, 15, 0], "translation": [1, 0, 0], "scale": [0.4, 0.4, 0.4]
		},
		"ground": {
			"translation": [0, 1, 0], "scale": [0.3, 0.3, 0.3]
		},
		"gui": {
			"rotation": [35, -135, 0], "translation": [0, -1.5, 0], "scale": [0.5, 0.5, 0.5]
		},
		"head": {
			"rotation": [0, 0, 0],
      "translation": [0, 1.5, 0],
      "scale": [1, 1, 1]
		},
		"fixed": {
			"translation": [0, -3.5, -4.1], "scale": [0.8, 0.8, 0.8]
		}
	}
}