{
		"textures": {"0": "block/jungle_planks"
	},
	"elements": [{
			"name": "SeatS", "from": [2, 8, 2], "to": [4, 10, 14], "rotation": {"angle": 0, "axis": "y", "origin": [8, 7, 8]}, "faces": {
				"north": {"uv": [4, 6, 6, 8], "texture": "#0"},
				"east": {"uv": [0, 8.25, 12, 10.25], "texture": "#0"},
				"south": {"uv": [0, 2, 2, 4], "texture": "#0"},
				"west": {"uv": [2, 10, 14, 12], "texture": "#0"},
				"up": {"uv": [4, 1, 6, 13], "texture": "#0"},
				"down": {"uv": [0, 0, 2, 12], "texture": "#0"}
			}},
		{
			"name": "SeatS", "from": [12, 8, 2], "to": [14, 10, 14], "rotation": {"angle": 0, "axis": "y", "origin": [8, 7, 8]}, "faces": {
				"north": {"uv": [2, 6, 4, 8], "texture": "#0"},
				"east": {"uv": [1, 2, 13, 4], "texture": "#0"},
				"south": {"uv": [5, 2, 7, 4], "texture": "#0"},
				"west": {"uv": [1, 5.25, 13, 7.25], "texture": "#0"},
				"up": {"uv": [4, 1, 6, 13], "texture": "#0"},
				"down": {"uv": [0, 0, 2, 12], "texture": "#0"}
			}},
		{
			"name": "SeatB", "from": [4, 9, 8], "to": [12, 10, 10], "rotation": {"angle": 0, "axis": "y", "origin": [8, 7.75, 9]}, "faces": {
				"north": {"uv": [2, 5, 10, 6], "texture": "#0"},
				"south": {"uv": [0, 0, 8, 1], "texture": "#0"},
				"up": {"uv": [5, 4, 13, 6], "texture": "#0"},
				"down": {"uv": [4, 5, 12, 7], "texture": "#0"}
			}},
		{
			"name": "SeatB", "from": [4, 9, 5], "to": [12, 10, 7], "rotation": {"angle": 0, "axis": "y", "origin": [8, 7.75, 9]}, "faces": {
				"north": {"uv": [6, 5, 14, 6], "texture": "#0"},
				"south": {"uv": [0, 0, 8, 1], "texture": "#0"},
				"up": {"uv": [1, 4, 9, 6], "texture": "#0"},
				"down": {"uv": [4, 0, 12, 2], "texture": "#0"}
			}},
		{
			"name": "SeatB", "from": [4, 8, 2], "to": [12, 10, 4], "rotation": {"angle": 0, "axis": "y", "origin": [8, 7, 9]}, "faces": {
				"north": {"uv": [3, 2, 11, 4], "texture": "#0"},
				"south": {"uv": [3, 1, 11, 3], "texture": "#0"},
				"up": {"uv": [2.5, 8, 10.5, 10], "texture": "#0"},
				"down": {"uv": [4, 2, 12, 4], "texture": "#0"}
			}},
		{
			"name": "SeatB", "from": [4, 8, 13], "to": [12, 10, 14], "rotation": {"angle": 0, "axis": "y", "origin": [8, 7, 20]}, "faces": {
				"north": {"uv": [3, 4, 11, 6], "texture": "#0"},
				"south": {"uv": [5, 2, 13, 4], "texture": "#0"},
				"west": {"uv": [0, 0, 1, 2], "texture": "#0"},
				"up": {"uv": [4, 7, 12, 8], "texture": "#0"},
				"down": {"uv": [5.5, 2, 13.5, 3], "texture": "#0"}
			}},
		{
			"name": "SeatB", "from": [4, 9, 11], "to": [12, 10, 13], "rotation": {"angle": 0, "axis": "y", "origin": [8, 7.75, 9]}, "faces": {
				"north": {"uv": [2, 8, 10, 9], "texture": "#0"},
				"south": {"uv": [0, 0, 8, 1], "texture": "#0"},
				"up": {"uv": [4, 9, 12, 11], "texture": "#0"},
				"down": {"uv": [0, 0, 8, 2], "texture": "#0"}
			}},
		{
			"name": "Leg1", "from": [12, 0, 2], "to": [14, 8, 4], "rotation": {"angle": 0, "axis": "y", "origin": [7.75, 6.75, 8.75]}, "faces": {
				"north": {"uv": [5, 4, 7, 12], "texture": "#0"},
				"east": {"uv": [4, 4, 6, 12], "texture": "#0"},
				"south": {"uv": [3, 4, 5, 12], "texture": "#0"},
				"west": {"uv": [6, 4, 8, 12], "texture": "#0"},
				"down": {"uv": [0, 3, 2, 5], "texture": "#0"}
			}},
		{
			"name": "Leg2", "from": [2, 0, 2], "to": [4, 8, 4], "rotation": {"angle": 0, "axis": "y", "origin": [-2.25, 6.75, 8.75]}, "faces": {
				"north": {"uv": [5, 4, 7, 12], "texture": "#0"},
				"east": {"uv": [4, 4, 6, 12], "texture": "#0"},
				"south": {"uv": [3, 4, 5, 12], "texture": "#0"},
				"west": {"uv": [6, 4, 8, 12], "texture": "#0"},
				"down": {"uv": [0, 3, 2, 5], "texture": "#0"}
			}},
		{
			"name": "Leg3", "from": [2, 0, 12], "to": [4, 8, 14], "rotation": {"angle": 0, "axis": "y", "origin": [-2.25, 6.75, 18.75]}, "faces": {
				"north": {"uv": [5, 4, 7, 12], "texture": "#0"},
				"east": {"uv": [4, 4, 6, 12], "texture": "#0"},
				"south": {"uv": [3, 4, 5, 12], "texture": "#0"},
				"west": {"uv": [6, 4, 8, 12], "texture": "#0"},
				"down": {"uv": [0, 3, 2, 5], "texture": "#0"}
			}},
		{
			"name": "Leg4", "from": [12, 0, 12], "to": [14, 8, 14], "rotation": {"angle": 0, "axis": "y", "origin": [7.75, 6.75, 18.75]}, "faces": {
				"north": {"uv": [5, 4, 7, 12], "texture": "#0"},
				"east": {"uv": [4, 4, 6, 12], "texture": "#0"},
				"south": {"uv": [3, 4, 5, 12], "texture": "#0"},
				"west": {"uv": [6, 4, 8, 12], "texture": "#0"},
				"down": {"uv": [0, 3, 2, 5], "texture": "#0"}
			}},
		{
			"name": "Beam", "from": [4, 4, 2.5], "to": [12, 5.5, 3.5], "rotation": {"angle": 0, "axis": "y", "origin": [8, 7, 8.75]}, "faces": {
				"north": {"uv": [3, 2.25, 11, 3.75], "texture": "#0"},
				"east": {"uv": [0, 0, 1, 1.5], "texture": "#0"},
				"south": {"uv": [4, 2.25, 12, 3.75], "texture": "#0"},
				"west": {"uv": [0, 0, 1, 1.5], "texture": "#0"},
				"up": {"uv": [4, 2, 12, 3], "texture": "#0"},
				"down": {"uv": [3, 3, 11, 4], "texture": "#0"}
			}},
		{
			"name": "Beam", "from": [4, 4, 12.5], "to": [12, 5.5, 13.5], "rotation": {"angle": 0, "axis": "y", "origin": [8, 7, 18.75]}, "faces": {
				"north": {"uv": [7, 6.25, 15, 7.75], "texture": "#0"},
				"east": {"uv": [0, 0, 1, 1.5], "texture": "#0"},
				"south": {"uv": [6, 2.25, 14, 3.75], "texture": "#0"},
				"west": {"uv": [0, 0, 1, 1.5], "texture": "#0"},
				"up": {"uv": [4, 2, 12, 3], "texture": "#0"},
				"down": {"uv": [3, 3, 11, 4], "texture": "#0"}
			}},
		{
			"name": "Beam", "from": [12.5, 4, 4], "to": [13.5, 5, 12], "rotation": {"angle": 0, "axis": "y", "origin": [8, 7, 8]}, "faces": {
				"north": {"uv": [0, 0, 1, 1], "texture": "#0"},
				"east": {"uv": [3, 3, 11, 4], "rotation": 180, "texture": "#0"},
				"south": {"uv": [0, 0, 1, 1], "texture": "#0"},
				"west": {"uv": [4, 3, 12, 4], "texture": "#0"},
				"up": {"uv": [3, 4, 11, 5], "rotation": 90, "texture": "#0"},
				"down": {"uv": [4, 3, 12, 4], "rotation": 90, "texture": "#0"}
			}},
		{
			"name": "Beam", "from": [2.5, 4, 4], "to": [3.5, 5, 12], "rotation": {"angle": 0, "axis": "y", "origin": [-2, 7, 8]}, "faces": {
				"north": {"uv": [0, 0, 1, 1], "texture": "#0"},
				"east": {"uv": [3, 3, 11, 4], "rotation": 180, "texture": "#0"},
				"south": {"uv": [0, 0, 1, 1], "texture": "#0"},
				"west": {"uv": [3, 3, 11, 4], "texture": "#0"},
				"up": {"uv": [4, 9, 12, 10], "rotation": 90, "texture": "#0"},
				"down": {"uv": [4, 3, 12, 4], "rotation": 90, "texture": "#0"}
			}},
		{
			"name": "BackL", "from": [2, 10, 12], "to": [4, 22, 14], "rotation": {"angle": 0, "axis": "y", "origin": [8, 7.5, 8]}, "faces": {
				"north": {"uv": [2, 2, 4, 14], "texture": "#0"},
				"east": {"uv": [0, 2, 2, 14], "texture": "#0"},
				"south": {"uv": [0, 2, 2, 14], "texture": "#0"},
				"west": {"uv": [3, 2, 5, 14], "texture": "#0"},
				"up": {"uv": [0, 0, 2, 2], "texture": "#0"},
				"down": {"uv": [0, 0, 2, 2], "texture": "#0"}
			}},
		{
			"name": "BackL", "from": [12, 10, 12], "to": [14, 22, 14], "rotation": {"angle": 0, "axis": "y", "origin": [8, 7.5, 8]}, "faces": {
				"north": {"uv": [2, 2, 4, 14], "texture": "#0"},
				"east": {"uv": [0, 2, 2, 14], "texture": "#0"},
				"south": {"uv": [0, 2, 2, 14], "texture": "#0"},
				"west": {"uv": [3, 2, 5, 14], "texture": "#0"},
				"up": {"uv": [0, 0, 2, 2], "texture": "#0"},
				"down": {"uv": [0, 0, 2, 2], "texture": "#0"}
			}},
		{
			"name": "BackB", "from": [4, 19, 13], "to": [12, 21, 13.5], "rotation": {"angle": 0, "axis": "y", "origin": [8, 7.5, 8]}, "faces": {
				"north": {"uv": [4, 5, 12, 7], "texture": "#0"},
				"east": {"uv": [0, 0, 0.5, 2], "texture": "#0"},
				"south": {"uv": [4, 12, 12, 14], "texture": "#0"},
				"west": {"uv": [0, 0, 0.5, 2], "texture": "#0"},
				"up": {"uv": [0, 0, 8, 0.5], "texture": "#0"},
				"down": {"uv": [0, 0, 8, 0.5], "texture": "#0"}
			}},
		{
			"name": "BackB", "from": [4, 15, 13], "to": [12, 17, 13.5], "rotation": {"angle": 0, "axis": "y", "origin": [8, 7.5, 8]}, "faces": {
				"north": {"uv": [3, 9, 11, 11], "texture": "#0"},
				"east": {"uv": [0, 0, 0.5, 2], "texture": "#0"},
				"south": {"uv": [8, 4, 16, 6], "texture": "#0"},
				"west": {"uv": [0, 0, 0.5, 2], "texture": "#0"},
				"up": {"uv": [0, 0, 8, 0.5], "texture": "#0"},
				"down": {"uv": [0, 0, 8, 0.5], "texture": "#0"}
			}},
		{
			"name": "BackB", "from": [4, 11, 13], "to": [12, 13, 13.5], "rotation": {"angle": 0, "axis": "y", "origin": [8, 7.5, 8]}, "faces": {
				"north": {"uv": [1, 5, 9, 7], "texture": "#0"},
				"east": {"uv": [0, 0, 0.5, 2], "texture": "#0"},
				"south": {"uv": [2, 8, 10, 10], "texture": "#0"},
				"west": {"uv": [0, 0, 0.5, 2], "texture": "#0"},
				"up": {"uv": [0, 0, 8, 0.5], "texture": "#0"},
				"down": {"uv": [0, 0, 8, 0.5], "texture": "#0"}
			}}
	],
	"display": {
		"thirdperson_righthand": {
			"rotation": [45, 0, 0], "translation": [0, 1, 0], "scale": [0.35, 0.35, 0.35]
		},
		"thirdperson_lefthand": {
			"rotation": [45, 0, 0], "translation": [0, 1, 0], "scale": [0.35, 0.35, 0.35]
		},
		"firstperson_righthand": {
			"rotation": [-10, 15, 0], "translation": [1, 0, 0], "scale": [0.4, 0.4, 0.4]
		},
		"firstperson_lefthand": {
			"rotation": [-10, 15, 0], "translation": [1, 0, 0], "scale": [0.4, 0.4, 0.4]
		},
		"ground": {
			"translation": [0, 1, 0], "scale": [0.3, 0.3, 0.3]
		},
		"gui": {
			"rotation": [35, -135, 0], "translation": [0, -1.5, 0], "scale": [0.5, 0.5, 0.5]
		},
		"head": {
			"rotation": [0, 0, 0],
      "translation": [0, 1.5, 0],
      "scale": [1, 1, 1]
		},
		"fixed": {
			"translation": [0, -3.5, -4.1], "scale": [0.8, 0.8, 0.8]
		}
	}
}