{
	"credit": "Made with Blockbench",
	"textures": {
		"0": "block/pale_oak_planks",
		"1": "block/stripped_pale_oak_log",
		"2": "block/pale_hanging_moss_tip",
		"particle": "block/stripped_pale_oak_log"
	},
	"elements": [
		{
			"name": "Leg2N",
			"from": [2, 0, 2],
			"to": [4, 8, 4],
			"rotation": {"angle": 0, "axis": "y", "origin": [8, 0, 8]},
			"faces": {
				"north": {"uv": [1, 9, 9, 11], "rotation": 90, "texture": "#0"},
				"east": {"uv": [1, 12, 9, 14], "rotation": 90, "texture": "#0"},
				"south": {"uv": [1, 13, 9, 15], "rotation": 90, "texture": "#0"},
				"west": {"uv": [1, 8, 9, 10], "rotation": 90, "texture": "#0"},
				"down": {"uv": [7, 3, 9, 5], "texture": "#0"}
			}
		},
		{
			"name": "Leg2N",
			"from": [12, 0, 2],
			"to": [14, 8, 4],
			"rotation": {"angle": 0, "axis": "y", "origin": [8, 0, 8]},
			"faces": {
				"north": {"uv": [1, 8, 9, 10], "rotation": 90, "texture": "#0"},
				"east": {"uv": [1, 9, 9, 11], "rotation": 90, "texture": "#0"},
				"south": {"uv": [1, 12, 9, 14], "rotation": 90, "texture": "#0"},
				"west": {"uv": [1, 13, 9, 15], "rotation": 90, "texture": "#0"},
				"down": {"uv": [7, 3, 9, 5], "rotation": 270, "texture": "#0"}
			}
		},
		{
			"name": "Leg2N",
			"from": [2, 0, 12],
			"to": [4, 8, 14],
			"rotation": {"angle": 0, "axis": "y", "origin": [8, 0, 8]},
			"faces": {
				"north": {"uv": [1, 12, 9, 14], "rotation": 90, "texture": "#0"},
				"east": {"uv": [1, 13, 9, 15], "rotation": 90, "texture": "#0"},
				"south": {"uv": [1, 8, 9, 10], "rotation": 90, "texture": "#0"},
				"west": {"uv": [1, 9, 9, 11], "rotation": 90, "texture": "#0"},
				"down": {"uv": [7, 3, 9, 5], "rotation": 90, "texture": "#0"}
			}
		},
		{
			"name": "Leg2N",
			"from": [12, 0, 12],
			"to": [14, 8, 14],
			"rotation": {"angle": 0, "axis": "y", "origin": [8, 0, 8]},
			"faces": {
				"north": {"uv": [1, 13, 9, 15], "rotation": 90, "texture": "#0"},
				"east": {"uv": [1, 8, 9, 10], "rotation": 90, "texture": "#0"},
				"south": {"uv": [1, 9, 9, 11], "rotation": 90, "texture": "#0"},
				"west": {"uv": [1, 12, 9, 14], "rotation": 90, "texture": "#0"},
				"down": {"uv": [7, 3, 9, 5], "rotation": 180, "texture": "#0"}
			}
		},
		{
			"name": "Back2N",
			"from": [12, 10, 12],
			"to": [14, 25, 14],
			"rotation": {"angle": 0, "axis": "y", "origin": [7.5, 24.5, 18.5]},
			"faces": {
				"north": {"uv": [1, 6, 16, 8], "rotation": 90, "texture": "#0"},
				"east": {"uv": [1, 11, 16, 13], "rotation": 90, "texture": "#0"},
				"south": {"uv": [1, 10, 16, 12], "rotation": 90, "texture": "#0"},
				"west": {"uv": [1, 7, 16, 9], "rotation": 90, "texture": "#0"},
				"up": {"uv": [4, 5, 6, 7], "texture": "#0"}
			}
		},
		{
			"name": "Back2N",
			"from": [2, 10, 12],
			"to": [4, 22, 14],
			"rotation": {"angle": 0, "axis": "y", "origin": [8, 0, 8]},
			"faces": {
				"north": {"uv": [3, 7, 15, 9], "rotation": 90, "texture": "#0"},
				"east": {"uv": [3, 6, 15, 8], "rotation": 90, "texture": "#0"},
				"south": {"uv": [3, 3, 15, 5], "rotation": 90, "texture": "#0"},
				"west": {"uv": [3, 6, 15, 8], "rotation": 90, "texture": "#0"},
				"up": {"uv": [3, 3, 5, 5], "rotation": 180, "texture": "#2"}
			}
		},
		{
			"name": "Back_Support",
			"from": [7, 18, 12.5],
			"to": [12, 19, 13.5],
			"rotation": {"angle": 0, "axis": "y", "origin": [10, 17, 8]},
			"faces": {
				"north": {"uv": [1, 10, 6, 11], "texture": "#0"},
				"east": {"uv": [0, 10, 1, 11], "texture": "#0"},
				"south": {"uv": [8, 10, 13, 11], "texture": "#0"},
				"west": {"uv": [9, 10, 10, 11], "texture": "#0"},
				"up": {"uv": [6, 10, 1, 9], "texture": "#0"},
				"down": {"uv": [14, 9, 9, 10], "texture": "#0"}
			}
		},
		{
			"name": "Back_Support",
			"from": [4, 19, 12.5],
			"to": [6, 20, 13.5],
			"rotation": {"angle": 0, "axis": "y", "origin": [10, 17, 8]},
			"faces": {
				"north": {"uv": [1, 11, 3, 12], "texture": "#0"},
				"east": {"uv": [0, 10, 1, 11], "texture": "#0"},
				"south": {"uv": [8, 11, 10, 12], "texture": "#0"},
				"west": {"uv": [9, 10, 10, 11], "texture": "#0"},
				"up": {"uv": [6, 12, 4, 11], "texture": "#0"},
				"down": {"uv": [14, 11, 12, 12], "texture": "#0"}
			}
		},
		{
			"name": "Back_Support",
			"from": [4, 14, 12.5],
			"to": [8, 15, 13.5],
			"rotation": {"angle": 0, "axis": "y", "origin": [10, 17, 8]},
			"faces": {
				"north": {"uv": [1, 12, 5, 13], "texture": "#0"},
				"east": {"uv": [0, 10, 1, 11], "texture": "#0"},
				"south": {"uv": [8, 13, 12, 14], "texture": "#0"},
				"west": {"uv": [9, 10, 10, 11], "texture": "#0"},
				"up": {"uv": [5, 14, 1, 13], "texture": "#0"},
				"down": {"uv": [12, 14, 8, 15], "texture": "#0"}
			}
		},
		{
			"name": "Back_Support",
			"from": [9, 13, 12.5],
			"to": [12, 15, 13.5],
			"rotation": {"angle": 0, "axis": "y", "origin": [10, 12, 8]},
			"faces": {
				"north": {"uv": [1, 5, 4, 7], "texture": "#0"},
				"east": {"uv": [0, 5, 1, 7], "texture": "#0"},
				"south": {"uv": [7, 5, 10, 7], "texture": "#0"},
				"west": {"uv": [9, 5, 10, 7], "texture": "#0"},
				"up": {"uv": [4, 5, 1, 4], "texture": "#0"},
				"down": {"uv": [11, 4, 8, 5], "texture": "#0"}
			}
		},
		{
			"name": "Back_Support",
			"from": [8, 10, 12.5],
			"to": [9, 15, 13.5],
			"rotation": {"angle": 0, "axis": "y", "origin": [12, 13.5, 8]},
			"faces": {
				"north": {"uv": [7, 8, 8, 13], "texture": "#0"},
				"east": {"uv": [6, 8, 7, 13], "texture": "#0"},
				"south": {"uv": [9, 8, 10, 13], "texture": "#0"},
				"west": {"uv": [8, 8, 9, 13], "texture": "#0"},
				"up": {"uv": [12, 10, 11, 9], "texture": "#0"},
				"down": {"uv": [14, 9, 13, 10], "texture": "#0"}
			}
		},
		{
			"name": "Back_Support",
			"from": [6, 15, 12.5],
			"to": [7, 20, 13.5],
			"rotation": {"angle": 0, "axis": "y", "origin": [12, 13.5, 8]},
			"faces": {
				"north": {"uv": [11, 11, 12, 16], "texture": "#0"},
				"east": {"uv": [10, 11, 11, 16], "texture": "#0"},
				"south": {"uv": [12, 11, 13, 16], "texture": "#0"},
				"west": {"uv": [13, 11, 14, 16], "texture": "#0"},
				"up": {"uv": [12, 11, 11, 10], "texture": "#0"},
				"down": {"uv": [14, 10, 13, 11], "texture": "#0"}
			}
		},
		{
			"name": "Leg_support",
			"from": [9, 5, 2.5],
			"to": [12, 6, 3.5],
			"rotation": {"angle": 0, "axis": "y", "origin": [10, 2, -2]},
			"faces": {
				"north": {"uv": [1, 9, 4, 10], "texture": "#0"},
				"east": {"uv": [0, 9, 1, 10], "texture": "#0"},
				"south": {"uv": [8, 9, 11, 10], "texture": "#0"},
				"west": {"uv": [9, 9, 10, 10], "texture": "#0"},
				"up": {"uv": [4, 9, 1, 8], "texture": "#0"},
				"down": {"uv": [12, 8, 9, 9], "texture": "#0"}
			}
		},
		{
			"name": "Leg_support",
			"from": [4, 3, 2.5],
			"to": [8, 4, 3.5],
			"rotation": {"angle": 0, "axis": "y", "origin": [10, 2, -2]},
			"faces": {
				"north": {"uv": [1, 9, 5, 10], "texture": "#0"},
				"east": {"uv": [0, 9, 1, 10], "texture": "#0"},
				"south": {"uv": [8, 9, 12, 10], "texture": "#0"},
				"west": {"uv": [9, 9, 10, 10], "texture": "#0"},
				"up": {"uv": [5, 9, 1, 8], "texture": "#0"},
				"down": {"uv": [13, 8, 9, 9], "texture": "#0"}
			}
		},
		{
			"name": "Leg_support",
			"from": [4, 7, 2.5],
			"to": [8, 8, 3.5],
			"rotation": {"angle": 0, "axis": "y", "origin": [10, 2, -2]},
			"faces": {
				"north": {"uv": [1, 9, 5, 10], "texture": "#0"},
				"east": {"uv": [0, 9, 1, 10], "texture": "#0"},
				"south": {"uv": [8, 9, 12, 10], "texture": "#0"},
				"west": {"uv": [9, 9, 10, 10], "texture": "#0"},
				"up": {"uv": [5, 9, 1, 8], "texture": "#0"},
				"down": {"uv": [13, 8, 9, 9], "texture": "#0"}
			}
		},
		{
			"name": "Back_Support",
			"from": [8, 3, 2.5],
			"to": [9, 8, 3.5],
			"rotation": {"angle": 0, "axis": "y", "origin": [12, 13.5, 8]},
			"faces": {
				"north": {"uv": [7, 8, 8, 13], "texture": "#0"},
				"east": {"uv": [6, 8, 7, 13], "texture": "#0"},
				"south": {"uv": [9, 8, 10, 13], "texture": "#0"},
				"west": {"uv": [8, 8, 9, 13], "texture": "#0"},
				"up": {"uv": [12, 10, 11, 9], "texture": "#0"},
				"down": {"uv": [14, 9, 13, 10], "texture": "#0"}
			}
		},
		{
			"name": "Back_Support",
			"from": [2.5, 3, 9],
			"to": [3.5, 8, 10],
			"rotation": {"angle": 0, "axis": "y", "origin": [12, 13.5, 8]},
			"faces": {
				"north": {"uv": [7, 8, 8, 13], "texture": "#0"},
				"east": {"uv": [6, 8, 7, 13], "texture": "#0"},
				"south": {"uv": [9, 8, 10, 13], "texture": "#0"},
				"west": {"uv": [8, 8, 9, 13], "texture": "#0"},
				"up": {"uv": [12, 10, 11, 9], "texture": "#0"},
				"down": {"uv": [14, 9, 13, 10], "texture": "#0"}
			}
		},
		{
			"name": "Back_Support",
			"from": [12.5, 3, 7],
			"to": [13.5, 8, 8],
			"rotation": {"angle": 0, "axis": "y", "origin": [12, 13.5, 8]},
			"faces": {
				"north": {"uv": [7, 8, 8, 13], "texture": "#0"},
				"east": {"uv": [6, 8, 7, 13], "texture": "#0"},
				"south": {"uv": [9, 8, 10, 13], "texture": "#0"},
				"west": {"uv": [8, 8, 9, 13], "texture": "#0"},
				"up": {"uv": [12, 10, 11, 9], "texture": "#0"},
				"down": {"uv": [14, 9, 13, 10], "texture": "#0"}
			}
		},
		{
			"name": "Leg_Support_Sides",
			"from": [12.5, 5, 4],
			"to": [13.5, 6, 7],
			"rotation": {"angle": 0, "axis": "y", "origin": [18, 0, 10]},
			"faces": {
				"north": {"uv": [8, 9, 9, 10], "texture": "#0"},
				"east": {"uv": [0, 9, 3, 10], "texture": "#0"},
				"south": {"uv": [17, 9, 18, 10], "texture": "#0"},
				"west": {"uv": [8, 9, 11, 10], "texture": "#0"},
				"up": {"uv": [9, 4, 8, 1], "texture": "#0"},
				"down": {"uv": [10, 1, 9, 4], "texture": "#0"}
			}
		},
		{
			"name": "Leg_Support_Sides",
			"from": [2.5, 3, 4],
			"to": [3.5, 4, 9],
			"rotation": {"angle": 0, "axis": "y", "origin": [8, 1, 10]},
			"faces": {
				"north": {"uv": [8, 9, 9, 10], "texture": "#0"},
				"east": {"uv": [0, 9, 5, 10], "texture": "#0"},
				"south": {"uv": [14, 9, 15, 10], "texture": "#0"},
				"west": {"uv": [8, 9, 13, 10], "texture": "#0"},
				"up": {"uv": [9, 6, 8, 1], "texture": "#0"},
				"down": {"uv": [10, 1, 9, 6], "texture": "#0"}
			}
		},
		{
			"name": "Leg_Support_Sides",
			"from": [12.5, 4, 8],
			"to": [13.5, 5, 12],
			"rotation": {"angle": 0, "axis": "y", "origin": [8, 1, 10]},
			"faces": {
				"north": {"uv": [8, 9, 9, 10], "texture": "#0"},
				"east": {"uv": [0, 9, 4, 10], "texture": "#0"},
				"south": {"uv": [14, 9, 15, 10], "texture": "#0"},
				"west": {"uv": [8, 9, 12, 10], "texture": "#0"},
				"up": {"uv": [9, 5, 8, 1], "texture": "#0"},
				"down": {"uv": [10, 1, 9, 5], "texture": "#0"}
			}
		},
		{
			"name": "Leg_Support_Sides",
			"from": [2.5, 6, 10],
			"to": [3.5, 7, 12],
			"rotation": {"angle": 0, "axis": "y", "origin": [8, 1, 10]},
			"faces": {
				"north": {"uv": [8, 9, 9, 10], "texture": "#0"},
				"east": {"uv": [0, 9, 2, 10], "texture": "#0"},
				"south": {"uv": [14, 9, 15, 10], "texture": "#0"},
				"west": {"uv": [8, 9, 10, 10], "texture": "#0"},
				"up": {"uv": [9, 3, 8, 1], "texture": "#0"},
				"down": {"uv": [10, 1, 9, 3], "texture": "#0"}
			}
		},
		{
			"name": "Seat",
			"from": [3, 8, 3],
			"to": [13, 10, 13],
			"rotation": {"angle": 0, "axis": "y", "origin": [8, 7, 8]},
			"faces": {
				"up": {"uv": [3, 3, 13, 13], "texture": "#1"},
				"down": {"uv": [3, 2, 13, 12], "texture": "#1"}
			}
		},
		{
			"name": "Seat",
			"from": [3, 8, 2],
			"to": [13, 10, 3],
			"rotation": {"angle": 0, "axis": "y", "origin": [8, 7, 8]},
			"faces": {
				"north": {"uv": [5, 7, 15, 9], "texture": "#0"},
				"up": {"uv": [1, 7, 11, 8], "texture": "#0"},
				"down": {"uv": [1, 9, 11, 10], "texture": "#0"}
			}
		},
		{
			"name": "Seat",
			"from": [3, 8, 13],
			"to": [13, 10, 14],
			"rotation": {"angle": 0, "axis": "y", "origin": [8, 7, 8]},
			"faces": {
				"south": {"uv": [6, 7, 16, 9], "texture": "#0"},
				"up": {"uv": [6, 11, 16, 12], "rotation": 180, "texture": "#0"},
				"down": {"uv": [6, 9, 16, 10], "rotation": 180, "texture": "#0"}
			}
		},
		{
			"name": "Seat",
			"from": [13, 8, 2],
			"to": [14, 10, 14],
			"rotation": {"angle": 0, "axis": "y", "origin": [8, 7, 8]},
			"faces": {
				"north": {"uv": [13, 3, 14, 5], "texture": "#0"},
				"east": {"uv": [1, 3, 13, 5], "texture": "#0"},
				"south": {"uv": [2, 4, 3, 6], "texture": "#0"},
				"up": {"uv": [1, 7, 13, 8], "rotation": 90, "texture": "#0"},
				"down": {"uv": [1, 8, 13, 9], "rotation": 90, "texture": "#0"}
			}
		},
		{
			"name": "Seat",
			"from": [2, 8, 2],
			"to": [3, 10, 14],
			"rotation": {"angle": 0, "axis": "y", "origin": [8, 7, 8]},
			"faces": {
				"north": {"uv": [11, 11, 12, 13], "texture": "#0"},
				"south": {"uv": [2, 4, 3, 6], "texture": "#0"},
				"west": {"uv": [1, 11, 13, 13], "texture": "#0"},
				"up": {"uv": [1, 7, 13, 8], "rotation": 90, "texture": "#0"},
				"down": {"uv": [1, 8, 13, 9], "rotation": 90, "texture": "#0"}
			}
		},
		{
			"name": "Moss",
			"from": [1, 22, 13],
			"to": [4, 24, 13],
			"rotation": {"angle": 0, "axis": "y", "origin": [0, 0, -1]},
			"faces": {
				"north": {"uv": [6, 4, 3, 6], "texture": "#2"},
				"south": {"uv": [3, 4, 6, 6], "texture": "#2"}
			}
		},
		{
			"name": "Moss",
			"from": [4, 10, 13],
			"to": [7, 21, 13],
			"faces": {
				"north": {"uv": [10, 5, 7, 16], "texture": "#2"},
				"south": {"uv": [7, 5, 10, 16], "texture": "#2"}
			}
		},
		{
			"name": "Moss",
			"from": [7, 11, 13],
			"to": [12, 19, 13],
			"faces": {
				"north": {"uv": [14, 8, 9, 16], "texture": "#2"},
				"south": {"uv": [9, 8, 14, 16], "texture": "#2"}
			}
		},
		{
			"name": "Moss_Legs",
			"from": [4, 2, 13.5],
			"to": [12, 9, 13.5],
			"rotation": {"angle": 0, "axis": "y", "origin": [0, 1, 0]},
			"faces": {
				"north": {"uv": [7, 9, 0, 16], "texture": "#2"},
				"south": {"uv": [0, 9, 8, 16], "texture": "#2"}
			}
		},
		{
			"name": "Moss_Legs_Side",
			"from": [13, 3, 4],
			"to": [13, 10, 12],
			"rotation": {"angle": 0, "axis": "y", "origin": [8, 2, 8]},
			"faces": {
				"east": {"uv": [4, 8, 11, 15], "texture": "#2"},
				"west": {"uv": [11, 8, 4, 15], "texture": "#2"}
			}
		},
		{
			"name": "Moss_Legs_Front",
			"from": [4, 3, 3],
			"to": [12, 10, 3],
			"rotation": {"angle": 0, "axis": "y", "origin": [8, 2, 8]},
			"faces": {
				"north": {"uv": [2, 9, 9, 16], "texture": "#2"},
				"south": {"uv": [11, 8, 4, 15], "texture": "#2"}
			}
		},
		{
			"name": "Moss_Legs_Side",
			"from": [3, 3, 4],
			"to": [3, 10, 12],
			"rotation": {"angle": 0, "axis": "y", "origin": [-10, 2, 1]},
			"faces": {
				"east": {"uv": [2, 9, 10, 16], "texture": "#2"},
				"west": {"uv": [9, 9, 2, 16], "texture": "#2"}
			}
		}
	],
	"display": {
		"thirdperson_righthand": {
			"rotation": [45, 0, 0],
			"translation": [0, 1, 0],
			"scale": [0.35, 0.35, 0.35]
		},
		"thirdperson_lefthand": {
			"rotation": [45, 0, 0],
			"translation": [0, 1, 0],
			"scale": [0.35, 0.35, 0.35]
		},
		"firstperson_righthand": {
			"rotation": [-10, 15, 0],
			"translation": [1, 0, 0],
			"scale": [0.4, 0.4, 0.4]
		},
		"firstperson_lefthand": {
			"rotation": [-10, 15, 0],
			"translation": [1, 0, 0],
			"scale": [0.4, 0.4, 0.4]
		},
		"ground": {
			"translation": [0, 1, 0],
			"scale": [0.3, 0.3, 0.3]
		},
		"gui": {
			"rotation": [35, -135, 0],
			"translation": [0, -1.5, 0],
			"scale": [0.5, 0.5, 0.5]
		},
		"head": {
			"translation": [0, 1.5, 0]
		},
		"fixed": {
			"translation": [0, -3.5, -4.1],
			"scale": [0.8, 0.8, 0.8]
		}
	}
}