{
  "model": {
    "type": "minecraft:range_dispatch",
    "property": "minecraft:custom_model_data",
    "fallback": {"type": "minecraft:model", "model": "tac:table/carved/bamboo/top_table_carved_bamboo"},
    "entries": [
      {"threshold": 0, "model": {"type": "minecraft:composite", "models": [
          {"type": "minecraft:model", "model": "tac:table/carved/bamboo/top_table_carved_bamboo"},
          {"type": "minecraft:model", "model": "tac:table/carved/bamboo/legs_whole_carved_bamboo"}
      ]}},
      {"threshold": 1, "model": {"type": "minecraft:composite", "models": [
        {"type": "minecraft:model", "model": "tac:table/carved/bamboo/top_table_carved_bamboo"},
        {"type": "minecraft:model", "model": "tac:table/carved/bamboo/facing/legs_side_s_carved_bamboo"}
      ]}},
      {"threshold": 2, "model": {"type": "minecraft:composite", "models": [
        {"type": "minecraft:model", "model": "tac:table/carved/bamboo/top_table_carved_bamboo"},
        {"type": "minecraft:model", "model": "tac:table/carved/bamboo/facing/legs_side_w_carved_bamboo"}
      ]}},
      {"threshold": 3, "model": {"type": "minecraft:composite", "models": [
        {"type": "minecraft:model", "model": "tac:table/carved/bamboo/top_table_carved_bamboo"},
        {"type": "minecraft:model", "model": "tac:table/carved/bamboo/facing/legs_corner_w_carved_bamboo"}
      ]}},
      {"threshold": 4, "model": {"type": "minecraft:composite", "models": [
        {"type": "minecraft:model", "model": "tac:table/carved/bamboo/top_table_carved_bamboo"},
        {"type": "minecraft:model", "model": "tac:table/carved/bamboo/facing/legs_side_n_carved_bamboo"}
      ]}},
      {"threshold": 5, "model": {"type": "minecraft:composite", "models": [
        {"type": "minecraft:model", "model": "tac:table/carved/bamboo/top_table_carved_bamboo"}
      ]}},
      {"threshold": 6, "model": {"type": "minecraft:composite", "models": [
        {"type": "minecraft:model", "model": "tac:table/carved/bamboo/top_table_carved_bamboo"},
        {"type": "minecraft:model", "model": "tac:table/carved/bamboo/facing/legs_corner_n_carved_bamboo"}
      ]}},
      {"threshold": 7, "model": {"type": "minecraft:composite", "models": [
        {"type": "minecraft:model", "model": "tac:table/carved/bamboo/top_table_carved_bamboo"}
      ]}},
      {"threshold": 8, "model": {"type": "minecraft:composite", "models": [
        {"type": "minecraft:model", "model": "tac:table/carved/bamboo/top_table_carved_bamboo"},
        {"type": "minecraft:model", "model": "tac:table/carved/bamboo/facing/legs_side_e_carved_bamboo"}
      ]}},
      {"threshold": 9, "model": {"type": "minecraft:composite", "models": [
        {"type": "minecraft:model", "model": "tac:table/carved/bamboo/top_table_carved_bamboo"},
        {"type": "minecraft:model", "model": "tac:table/carved/bamboo/facing/legs_corner_s_carved_bamboo"}
      ]}},
      {"threshold": 10, "model": {"type": "minecraft:composite", "models": [
        {"type": "minecraft:model", "model": "tac:table/carved/bamboo/top_table_carved_bamboo"}
      ]}},
      {"threshold": 11, "model": {"type": "minecraft:composite", "models": [
        {"type": "minecraft:model", "model": "tac:table/carved/bamboo/top_table_carved_bamboo"}
      ]}},
      {"threshold": 12, "model": {"type": "minecraft:composite", "models": [
        {"type": "minecraft:model", "model": "tac:table/carved/bamboo/top_table_carved_bamboo"},
        {"type": "minecraft:model", "model": "tac:table/carved/bamboo/facing/legs_corner_e_carved_bamboo"}
      ]}},
      {"threshold": 13, "model": {"type": "minecraft:composite", "models": [
        {"type": "minecraft:model", "model": "tac:table/carved/bamboo/top_table_carved_bamboo"}
      ]}},
      {"threshold": 14, "model": {"type": "minecraft:composite", "models": [
        {"type": "minecraft:model", "model": "tac:table/carved/bamboo/top_table_carved_bamboo"}
      ]}},
      {"threshold": 15, "model": {"type": "minecraft:composite", "models": [
        {"type": "minecraft:model", "model": "tac:table/carved/bamboo/top_table_carved_bamboo"}
      ]}}
    ]
  }
}