{
  "model": {
    "type": "minecraft:range_dispatch",
    "property": "minecraft:custom_model_data",
    "fallback": {"type": "minecraft:model",
      "model": "tac:table/carved/pale_oak/top_table_carved_pale_oak"
    },
    "entries": [
      {"threshold": 0, "model": {"type": "minecraft:composite","models": [
        {"type": "minecraft:model","model": "tac:table/carved/pale_oak/top_table_carved_pale_oak"},
        {"type": "minecraft:model","model": "tac:table/carved/pale_oak/legs_whole_carved_pale_oak"}
      ]}},
      {"threshold": 1, "model": {"type": "minecraft:composite","models": [
        {"type": "minecraft:model","model": "tac:table/carved/pale_oak/top_table_carved_pale_oak"},
        {"type": "minecraft:model","model": "tac:table/carved/pale_oak/facing/legs_side_s_carved_pale_oak"}
      ]}},
      {"threshold": 2, "model": {"type": "minecraft:composite","models": [
        {"type": "minecraft:model","model": "tac:table/carved/pale_oak/top_table_carved_pale_oak"},
        {"type": "minecraft:model","model": "tac:table/carved/pale_oak/facing/legs_side_w_carved_pale_oak"}
      ]}},
      {"threshold": 3, "model": {"type": "minecraft:composite","models": [
        {"type": "minecraft:model","model": "tac:table/carved/pale_oak/top_table_carved_pale_oak"},
        {"type": "minecraft:model","model": "tac:table/carved/pale_oak/facing/legs_corner_w_carved_pale_oak"}
      ]}},
      {"threshold": 4, "model": {"type": "minecraft:composite","models": [
        {"type": "minecraft:model","model": "tac:table/carved/pale_oak/top_table_carved_pale_oak"},
        {"type": "minecraft:model","model": "tac:table/carved/pale_oak/facing/legs_side_n_carved_pale_oak"}
      ]}},
      {"threshold": 5, "model": {"type": "minecraft:composite","models": [
          {"type": "minecraft:model","model": "tac:table/carved/pale_oak/top_table_carved_pale_oak"},
        {"type": "minecraft:model","model": "tac:table/carved/pale_oak/facing/legs_skirt_e_carved_pale_oak"},
        {"type": "minecraft:model","model": "tac:table/carved/pale_oak/facing/legs_skirt_w_carved_pale_oak"}
      ]}},
      {"threshold": 6, "model": {"type": "minecraft:composite","models": [
        {"type": "minecraft:model","model": "tac:table/carved/pale_oak/top_table_carved_pale_oak"},
        {"type": "minecraft:model","model": "tac:table/carved/pale_oak/facing/legs_corner_n_carved_pale_oak"}
      ]}},
      {"threshold": 7, "model": {"type": "minecraft:composite","models": [
        {"type": "minecraft:model","model": "tac:table/carved/pale_oak/top_table_carved_pale_oak"},
        {"type": "minecraft:model","model": "tac:table/carved/pale_oak/facing/legs_skirt_w_carved_pale_oak"}
      ]}},
      {"threshold": 8, "model": {"type": "minecraft:composite","models": [
        {"type": "minecraft:model","model": "tac:table/carved/pale_oak/top_table_carved_pale_oak"},
        {"type": "minecraft:model","model": "tac:table/carved/pale_oak/facing/legs_side_e_carved_pale_oak"}
      ]}},
      {"threshold": 9, "model": {"type": "minecraft:composite","models": [
        {"type": "minecraft:model","model": "tac:table/carved/pale_oak/top_table_carved_pale_oak"},
        {"type": "minecraft:model","model": "tac:table/carved/pale_oak/facing/legs_corner_s_carved_pale_oak"}
      ]}},
      {"threshold": 10, "model": {"type": "minecraft:composite","models": [
          {"type": "minecraft:model","model": "tac:table/carved/pale_oak/top_table_carved_pale_oak"},
        {"type": "minecraft:model","model": "tac:table/carved/pale_oak/facing/legs_skirt_s_carved_pale_oak"},
        {"type": "minecraft:model","model": "tac:table/carved/pale_oak/facing/legs_skirt_n_carved_pale_oak"}
      ]}},
      {"threshold": 11, "model": {"type": "minecraft:composite","models": [
        {"type": "minecraft:model","model": "tac:table/carved/pale_oak/top_table_carved_pale_oak"},
        {"type": "minecraft:model","model": "tac:table/carved/pale_oak/facing/legs_skirt_s_carved_pale_oak"}
      ]}},
      {"threshold": 12, "model": {"type": "minecraft:composite","models": [
        {"type": "minecraft:model","model": "tac:table/carved/pale_oak/top_table_carved_pale_oak"},
        {"type": "minecraft:model","model": "tac:table/carved/pale_oak/facing/legs_corner_e_carved_pale_oak"}
      ]}},
      {"threshold": 13, "model": {"type": "minecraft:composite","models": [
        {"type": "minecraft:model","model": "tac:table/carved/pale_oak/top_table_carved_pale_oak"},
        {"type": "minecraft:model","model": "tac:table/carved/pale_oak/facing/legs_skirt_e_carved_pale_oak"}
      ]}},
      {"threshold": 14, "model": {"type": "minecraft:composite","models": [
        {"type": "minecraft:model","model": "tac:table/carved/pale_oak/top_table_carved_pale_oak"},
        {"type": "minecraft:model","model": "tac:table/carved/pale_oak/facing/legs_skirt_n_carved_pale_oak"}
      ]}},
      {"threshold": 15, "model": {"type": "minecraft:composite","models": [
        {"type": "minecraft:model","model": "tac:table/carved/pale_oak/top_table_carved_pale_oak" }
      ]}}
    ]
  }
}