{
	"credit": "Made with Blockbench",
	"textures": {
		"2": "block/red_shulker_box"
	},
	"elements": [
		{
			"name": "Side",
			"from": [10, 9.01, 2.95],
			"to": [12, 10.01, 3.95],
			"rotation": {"angle": 0, "axis": "y", "origin": [8, 15.51, 8.2]},
			"faces": {
				"up": {"uv": [13, 15, 15, 16], "texture": "#2"}
			}
		},
		{
			"name": "Side",
			"from": [4, 9.01, 2.95],
			"to": [6, 10.01, 3.95],
			"rotation": {"angle": 0, "axis": "y", "origin": [8, 15.51, 8.2]},
			"faces": {
				"up": {"uv": [13, 15, 15, 16], "texture": "#2"}
			}
		},
		{
			"name": "middle",
			"from": [6, 9.01, 5.95],
			"to": [10, 10.01, 9.95],
			"rotation": {"angle": 0, "axis": "y", "origin": [8, 15.51, 8.2]},
			"faces": {
				"up": {"uv": [6, 6, 10, 10], "texture": "#2"}
			}
		},
		{
			"name": "Side",
			"from": [3, 9.01, 5.95],
			"to": [6, 10.01, 9.95],
			"rotation": {"angle": 0, "axis": "y", "origin": [8, 15.51, 8.2]},
			"faces": {
				"up": {"uv": [13, 4, 16, 8], "rotation": 180, "texture": "#2"}
			}
		},
		{
			"name": "Side",
			"from": [6, 9.01, 9.95],
			"to": [10, 10.01, 12.95],
			"rotation": {"angle": 0, "axis": "y", "origin": [8, 15.51, 8.2]},
			"faces": {
				"up": {"uv": [8, 13, 12, 16], "texture": "#2"}
			}
		},
		{
			"name": "Side",
			"from": [10, 9.01, 5.95],
			"to": [13, 10.01, 9.95],
			"rotation": {"angle": 0, "axis": "y", "origin": [8, 15.51, 8.2]},
			"faces": {
				"up": {"uv": [13, 4, 16, 8], "texture": "#2"}
			}
		},
		{
			"name": "Side",
			"from": [6, 9.01, 2.95],
			"to": [10, 10.01, 5.95],
			"rotation": {"angle": 0, "axis": "y", "origin": [8, 15.51, 8.2]},
			"faces": {
				"up": {"uv": [8, 13, 12, 16], "rotation": 180, "texture": "#2"}
			}
		},
		{
			"name": "Corner",
			"from": [3, 9.01, 9.95],
			"to": [6, 10.01, 12.95],
			"rotation": {"angle": 0, "axis": "y", "origin": [8, 15.51, 8.2]},
			"faces": {
				"up": {"uv": [13, 13, 16, 16], "rotation": 90, "texture": "#2"}
			}
		},
		{
			"name": "Corner",
			"from": [10, 9.01, 3.95],
			"to": [13, 10.01, 5.95],
			"rotation": {"angle": 0, "axis": "y", "origin": [8, 15.51, 8.2]},
			"faces": {
				"up": {"uv": [13, 1, 16, 3], "texture": "#2"}
			}
		},
		{
			"name": "Corner",
			"from": [10, 9.01, 9.95],
			"to": [13, 10.01, 12.95],
			"rotation": {"angle": 0, "axis": "y", "origin": [8, 15.51, 8.2]},
			"faces": {
				"up": {"uv": [13, 13, 16, 16], "texture": "#2"}
			}
		},
		{
			"name": "Corner",
			"from": [3, 9.01, 3.95],
			"to": [6, 10.01, 5.95],
			"rotation": {"angle": 0, "axis": "y", "origin": [8, 15.51, 8.2]},
			"faces": {
				"up": {"uv": [13, 13, 16, 15], "rotation": 180, "texture": "#2"}
			}
		},
		{
			"name": "Side",
			"from": [6, 20.01, 12.45],
			"to": [10, 22.01, 13.45],
			"rotation": {"angle": 0, "axis": "y", "origin": [8, 15.51, 8.2]},
			"faces": {
				"north": {"uv": [8, 13, 12, 15], "rotation": 180, "texture": "#2"}
			}
		},
		{
			"name": "Side",
			"from": [4, 13.01, 12.45],
			"to": [6, 14.01, 13.45],
			"rotation": {"angle": 0, "axis": "y", "origin": [8, 15.51, 8.2]},
			"faces": {
				"north": {"uv": [13, 15, 15, 16], "rotation": 180, "texture": "#2"}
			}
		},
		{
			"name": "Side",
			"from": [4, 21.01, 12.45],
			"to": [6, 22.01, 13.45],
			"rotation": {"angle": 0, "axis": "y", "origin": [8, 15.51, 8.2]},
			"faces": {
				"north": {"uv": [13, 14, 15, 15], "rotation": 180, "texture": "#2"}
			}
		},
		{
			"name": "Side",
			"from": [10, 13.01, 12.45],
			"to": [12, 14.01, 13.45],
			"rotation": {"angle": 0, "axis": "y", "origin": [8, 15.51, 8.2]},
			"faces": {
				"north": {"uv": [13, 15, 15, 16], "rotation": 180, "texture": "#2"}
			}
		},
		{
			"name": "Side",
			"from": [10, 21.01, 12.45],
			"to": [12, 22.01, 13.45],
			"rotation": {"angle": 0, "axis": "y", "origin": [8, 15.51, 8.2]},
			"faces": {
				"north": {"uv": [13, 14, 15, 15], "rotation": 180, "texture": "#2"}
			}
		},
		{
			"name": "middle",
			"from": [6, 16.01, 12.45],
			"to": [10, 20.01, 13.45],
			"rotation": {"angle": 0, "axis": "y", "origin": [8, 15.51, 8.2]},
			"faces": {
				"north": {"uv": [6, 6, 10, 10], "rotation": 180, "texture": "#2"}
			}
		},
		{
			"name": "Side",
			"from": [3, 16.01, 12.45],
			"to": [6, 20.01, 13.45],
			"rotation": {"angle": 0, "axis": "y", "origin": [8, 15.51, 8.2]},
			"faces": {
				"north": {"uv": [13, 4, 16, 8], "texture": "#2"}
			}
		},
		{
			"name": "Side",
			"from": [10, 16.01, 12.45],
			"to": [13, 20.01, 13.45],
			"rotation": {"angle": 0, "axis": "y", "origin": [8, 15.51, 8.2]},
			"faces": {
				"north": {"uv": [13, 4, 16, 8], "rotation": 180, "texture": "#2"}
			}
		},
		{
			"name": "Side",
			"from": [6, 13.01, 12.45],
			"to": [10, 16.01, 13.45],
			"rotation": {"angle": 0, "axis": "y", "origin": [8, 15.51, 8.2]},
			"faces": {
				"north": {"uv": [8, 13, 12, 16], "texture": "#2"}
			}
		},
		{
			"name": "Corner",
			"from": [3, 20.01, 12.45],
			"to": [6, 21.01, 13.45],
			"rotation": {"angle": 0, "axis": "y", "origin": [8, 15.51, 8.2]},
			"faces": {
				"north": {"uv": [13, 13, 14, 16], "rotation": 270, "texture": "#2"}
			}
		},
		{
			"name": "Corner",
			"from": [10, 14.01, 12.45],
			"to": [13, 16.01, 13.45],
			"rotation": {"angle": 0, "axis": "y", "origin": [8, 15.51, 8.2]},
			"faces": {
				"north": {"uv": [13, 1, 16, 3], "rotation": 180, "texture": "#2"}
			}
		},
		{
			"name": "Corner",
			"from": [10, 20.01, 12.45],
			"to": [13, 21.01, 13.45],
			"rotation": {"angle": 0, "axis": "y", "origin": [8, 15.51, 8.2]},
			"faces": {
				"north": {"uv": [13, 13, 16, 14], "rotation": 180, "texture": "#2"}
			}
		},
		{
			"name": "Corner",
			"from": [3, 14.01, 12.45],
			"to": [6, 16.01, 13.45],
			"rotation": {"angle": 0, "axis": "y", "origin": [8, 15.51, 8.2]},
			"faces": {
				"north": {"uv": [13, 13, 16, 15], "texture": "#2"}
			}
		}
	],
	"display": {
		"thirdperson_righthand": {
			"scale": [0.85, 0.85, 0.85]
		},
		"thirdperson_lefthand": {
			"rotation": [90, 90, 0],
			"translation": [-3.93, -2, -5.29],
			"scale": [2.02, 2.01, 2.02]
		},
		"firstperson_lefthand": {
			"scale": [0.2, 0.2, 0.2]
		},
		"gui": {
			"rotation": [30, 35, 0],
			"translation": [0, -4, 0],
			"scale": [0.5, 0.5, 0.5]
		},
		"head": {
			"rotation": [0, 180, 0],
			"translation": [0, -0.475, -0.025]
		},
		"fixed": {
			"translation": [0, -4, 0],
			"scale": [0.5, 0.5, 0.5]
		}
	}
}