{
  "type": "minecraft:crafting_shaped",
  "category": "misc",
  "group": "table_carved",
  "key": {
    "#": "minecraft:birch_stairs",
    "X": "minecraft:stick"
  },
  "pattern": [
    "###",
    "X X"
  ],
  "result": {
    "components": {
      "minecraft:item_model": "tac:table/carved/birch_carved_table",
      "minecraft:custom_model_data": {
        "floats": [0]
      },
      "minecraft:max_stack_size": 64,
      "minecraft:entity_data": {
        "id": "minecraft:armor_stand",
        "Invisible": true,
        "Tags": [
          "table",
          "tac"
        ],
        "equipment":{
          "feet": {
            "id": "minecraft:armor_stand",
            "components": {
              "minecraft:custom_data": {
                "model": "table",
                "type": "carved",
                "mat": "birch",
                "tac": true
              }
            }
          }
        },
        "ArmorItems": [
          {
            "id": "minecraft:armor_stand",
            "components": {
              "minecraft:custom_data": {
                "model": "table",
                "type": "carved",
                "mat": "birch",
                "tac": true
              }
            }
          }
        ]
      },
      "minecraft:custom_data": {
        "model": "table",
        "type": "carved",
        "mat": "birch",
        "tac": true
      },
      "minecraft:custom_name": {"translate":"tac.table.birch.carved","italic":false}
    },
    "count": 1,
    "id": "minecraft:armor_stand"
  }
}