{
    "type": "minecraft:crafting_shaped",
    "category": "misc",
    "group": "chair_carved",
    "key": {
      "#": "minecraft:jungle_stairs",
      "X": "minecraft:stick"
    },
    "pattern": [
      "#  ",
      "## ",
      "XX "
    ],
    "result": {
      "components": {
        "minecraft:item_model": "tac:chair/carved/jungle_carved_chair",
        "minecraft:custom_model_data": {
          "strings": [""]
        },
        "minecraft:max_stack_size": 64,
        "minecraft:entity_data": {
          "id": "minecraft:armor_stand",
          "Tags": [
            "chair",
            "tac"
          ],
          "equipment":{
            "feet": {
              "id": "minecraft:armor_stand",
              "components": {
                "minecraft:custom_data": {
                  "model": "chair",
                  "type": "carved",
                  "mat": "jungle",
                  "tac": true
                }
              }
            }
          },
          "ArmorItems": [
            {
              "id": "minecraft:armor_stand",
              "components": {
                "minecraft:custom_data": {
                  "model": "chair",
                  "type": "carved",
                  "mat": "jungle",
                  "tac": true
                }
              }
            }
          ],
          "Invisible": true
        },
        "minecraft:custom_data": {
          "model": "chair",
          "type": "carved",
          "mat": "jungle",
          "tac": true
        },
        "minecraft:custom_name": {"translate":"tac.chair.jungle.carved","italic":false}
      },
      "count": 1,
      "id": "minecraft:armor_stand"
    }
  }