{
  "model": {
    "type": "minecraft:composite",
    "models": [
      {
        "type": "minecraft:model",
        "model": "norse_adventure:ship/karve/hull"
      },
      {
        "type": "minecraft:range_dispatch",
        "property": "minecraft:custom_model_data",
        "index": 0,
        "entries": [
          {
            "threshold": 0.6,
            "model": {
              "type": "minecraft:model",
              "model": "norse_adventure:ship/karve/sail_full"
            }
          },
          {
            "threshold": 0.01,
            "model": {
              "type": "minecraft:model",
              "model": "norse_adventure:ship/karve/sail_half"
            }
          },
          {
            "threshold": 0.0,
            "model": {
              "type": "minecraft:model",
              "model": "norse_adventure:ship/karve/sail_tucked"
            }
          }
        ]
      },
      {
        "type": "minecraft:range_dispatch",
        "property": "minecraft:custom_model_data",
        "index": 1,
        "entries": [
          {
            "threshold": 0,
            "model": {
              "type": "minecraft:model",
              "model": "norse_adventure:ship/karve/rudder"
            }
          }
        ]
      },
      {
        "type": "minecraft:model",
        "model": "norse_adventure:ship/karve/rope"
      }
    ]
  }
}