{
  "criteria": {
    "example": {
      "trigger": "minecraft:item_used_on_block",
      "conditions": {
        "player": {
          "flags": {
            "is_sneaking": false
          }
        },
        "location": [
          {
            "condition": "minecraft:match_tool",
            "predicate": {
              "items": "minecraft:armor_stand",
              "predicates": {
                "minecraft:custom_data": "{model:\"table\",tac:1b}"
              }
            }
          }
        ]
      }
    }
  },
  "rewards": {
    "function": "tac:table/place_table"
  }
}