{
    "criteria": {
      "example": {
        "trigger": "minecraft:player_hurt_entity",
        "conditions": {
          "player": {
            "equipment": {
              "mainhand": {
                "count": {
                  "min": 1,
                  "max": 99
                }
              }
            }
          },
          "entity": {
            "type": "minecraft:interaction",
            "nbt": "{Tags:[\"table\"]}"
          }
        }
      }
    },
    "rewards": {
      "function": "tac:table/break_table"
    }
  }