{
  "criteria": {
    "interact_with_trapdoor": {
      "trigger": "minecraft:any_block_use",
      "conditions": {
        "location": [
          {
            "condition": "minecraft:location_check",
            "predicate": {
              "block": {
                "blocks": "#minecraft:trapdoors",
                "state": {
                  "open": "true"
                }
              }
            }
          }
        ]
      }
    }
  },
  "rewards": {
    "function": "tac:table/flip_table"
  }
}