{
	"credit": "Made with Blockbench",
	"textures": {
		"0": "block/acacia_planks"
	},
	"elements": [
		{
			"name": "Seat",
			"from": [2, 8, 3],
			"to": [6, 10, 13],
			"rotation": {"angle": 0, "axis": "y", "origin": [8, 7, 8]},
			"faces": {
				"west": {"uv": [2, 11, 12, 13], "texture": "#0"},
				"up": {"uv": [1, 0, 11, 4], "rotation": 90, "texture": "#0"},
				"down": {"uv": [1, 5, 11, 9], "rotation": 90, "texture": "#0"}
			}
		},
		{
			"name": "Seat",
			"from": [6, 8, 3],
			"to": [8, 10, 13],
			"rotation": {"angle": 0, "axis": "y", "origin": [8, 7, 8]},
			"faces": {
				"up": {"uv": [1, 4, 11, 6], "rotation": 90, "texture": "#0"},
				"down": {"uv": [1, 12, 11, 14], "rotation": 90, "texture": "#0"}
			}
		},
		{
			"name": "Seat",
			"from": [8, 8, 3],
			"to": [10, 10, 13],
			"rotation": {"angle": 0, "axis": "y", "origin": [8, 7, 8]},
			"faces": {
				"up": {"uv": [1, 8, 11, 10], "rotation": 90, "texture": "#0"},
				"down": {"uv": [1, 9, 11, 11], "rotation": 90, "texture": "#0"}
			}
		},
		{
			"name": "Seat",
			"from": [10, 8, 3],
			"to": [14, 10, 13],
			"rotation": {"angle": 0, "axis": "y", "origin": [8, 7, 8]},
			"faces": {
				"east": {"uv": [2, 7, 12, 9], "texture": "#0"},
				"up": {"uv": [1, 7, 11, 11], "rotation": 90, "texture": "#0"},
				"down": {"uv": [1, 10, 11, 14], "rotation": 90, "texture": "#0"}
			}
		},
		{
			"name": "SeatFront",
			"from": [2, 8, 2],
			"to": [14, 10, 3],
			"rotation": {"angle": 0, "axis": "y", "origin": [8, 7, 8]},
			"faces": {
				"north": {"uv": [2, 7, 14, 9], "texture": "#0"},
				"east": {"uv": [11, 7, 12, 9], "texture": "#0"},
				"west": {"uv": [1, 11, 2, 13], "texture": "#0"},
				"up": {"uv": [2, 3, 14, 4], "texture": "#0"},
				"down": {"uv": [1, 4, 13, 5], "texture": "#0"}
			}
		},
		{
			"name": "SeatBack",
			"from": [2, 8, 13],
			"to": [14, 10, 14],
			"rotation": {"angle": 0, "axis": "y", "origin": [8, 7, 8]},
			"faces": {
				"east": {"uv": [10, 5, 11, 7], "texture": "#0"},
				"south": {"uv": [0, 3, 12, 5], "texture": "#0"},
				"west": {"uv": [13, 4, 14, 6], "texture": "#0"},
				"up": {"uv": [2, 7, 14, 8], "texture": "#0"},
				"down": {"uv": [1, 4, 13, 5], "texture": "#0"}
			}
		},
		{
			"name": "Leg2N",
			"from": [2, 0, 2],
			"to": [4, 8, 4],
			"rotation": {"angle": 0, "axis": "y", "origin": [8, 0, 8]},
			"faces": {
				"north": {"uv": [1, 9, 9, 11], "rotation": 90, "texture": "#0"},
				"east": {"uv": [1, 12, 9, 14], "rotation": 90, "texture": "#0"},
				"south": {"uv": [1, 13, 9, 15], "rotation": 90, "texture": "#0"},
				"west": {"uv": [1, 8, 9, 10], "rotation": 90, "texture": "#0"},
				"down": {"uv": [7, 3, 9, 5], "texture": "#0"}
			}
		},
		{
			"name": "Leg2N",
			"from": [12, 0, 2],
			"to": [14, 8, 4],
			"rotation": {"angle": 0, "axis": "y", "origin": [8, 0, 8]},
			"faces": {
				"north": {"uv": [1, 8, 9, 10], "rotation": 90, "texture": "#0"},
				"east": {"uv": [1, 9, 9, 11], "rotation": 90, "texture": "#0"},
				"south": {"uv": [1, 12, 9, 14], "rotation": 90, "texture": "#0"},
				"west": {"uv": [1, 13, 9, 15], "rotation": 90, "texture": "#0"},
				"down": {"uv": [7, 3, 9, 5], "rotation": 270, "texture": "#0"}
			}
		},
		{
			"name": "Leg2N",
			"from": [2, 0, 12],
			"to": [4, 8, 14],
			"rotation": {"angle": 0, "axis": "y", "origin": [8, 0, 8]},
			"faces": {
				"north": {"uv": [1, 12, 9, 14], "rotation": 90, "texture": "#0"},
				"east": {"uv": [1, 13, 9, 15], "rotation": 90, "texture": "#0"},
				"south": {"uv": [1, 8, 9, 10], "rotation": 90, "texture": "#0"},
				"west": {"uv": [1, 9, 9, 11], "rotation": 90, "texture": "#0"},
				"down": {"uv": [7, 3, 9, 5], "rotation": 90, "texture": "#0"}
			}
		},
		{
			"name": "Leg2N",
			"from": [12, 0, 12],
			"to": [14, 8, 14],
			"rotation": {"angle": 0, "axis": "y", "origin": [8, 0, 8]},
			"faces": {
				"north": {"uv": [1, 13, 9, 15], "rotation": 90, "texture": "#0"},
				"east": {"uv": [1, 8, 9, 10], "rotation": 90, "texture": "#0"},
				"south": {"uv": [1, 9, 9, 11], "rotation": 90, "texture": "#0"},
				"west": {"uv": [1, 12, 9, 14], "rotation": 90, "texture": "#0"},
				"down": {"uv": [7, 3, 9, 5], "rotation": 180, "texture": "#0"}
			}
		},
		{
			"name": "Back2N",
			"from": [12, 10, 12],
			"to": [14, 22, 14],
			"rotation": {"angle": 0, "axis": "y", "origin": [7.5, 24.5, 18.5]},
			"faces": {
				"north": {"uv": [1, 6, 13, 8], "rotation": 90, "texture": "#0"},
				"east": {"uv": [1, 11, 13, 13], "rotation": 90, "texture": "#0"},
				"south": {"uv": [1, 10, 13, 12], "rotation": 90, "texture": "#0"},
				"west": {"uv": [1, 7, 13, 9], "rotation": 90, "texture": "#0"},
				"up": {"uv": [4, 5, 6, 7], "texture": "#0"}
			}
		},
		{
			"name": "Back2N",
			"from": [2, 10, 12],
			"to": [4, 22, 14],
			"rotation": {"angle": 0, "axis": "y", "origin": [8, 0, 8]},
			"faces": {
				"north": {"uv": [3, 7, 15, 9], "rotation": 90, "texture": "#0"},
				"east": {"uv": [3, 6, 15, 8], "rotation": 90, "texture": "#0"},
				"south": {"uv": [3, 3, 15, 5], "rotation": 90, "texture": "#0"},
				"west": {"uv": [3, 6, 15, 8], "rotation": 90, "texture": "#0"},
				"up": {"uv": [4, 5, 6, 7], "rotation": 180, "texture": "#0"}
			}
		},
		{
			"name": "BackB0",
			"from": [4, 12, 12],
			"to": [12, 13, 14],
			"rotation": {"angle": 0, "axis": "y", "origin": [12, 19.5, 21]},
			"faces": {
				"north": {"uv": [8, 9, 16, 10], "texture": "#0"},
				"south": {"uv": [8, 4, 16, 5], "texture": "#0"},
				"up": {"uv": [7, 8, 15, 10], "rotation": 180, "texture": "#0"},
				"down": {"uv": [7, 9, 15, 11], "texture": "#0"}
			}
		},
		{
			"name": "BackB0",
			"from": [4, 21, 12],
			"to": [12, 22, 14],
			"rotation": {"angle": 0, "axis": "y", "origin": [12, 28.5, 21]},
			"faces": {
				"north": {"uv": [5, 9, 13, 10], "texture": "#0"},
				"south": {"uv": [6, 10, 14, 11], "texture": "#0"},
				"up": {"uv": [5, 9, 13, 11], "texture": "#0"},
				"down": {"uv": [5, 8, 13, 10], "texture": "#0"}
			}
		},
		{
			"name": "BackB1",
			"from": [10, 13, 12.5],
			"to": [11, 21, 13.5],
			"rotation": {"angle": 0, "axis": "y", "origin": [18, 20, 20.5]},
			"faces": {
				"north": {"uv": [8, 9, 16, 10], "rotation": 90, "texture": "#0"},
				"east": {"uv": [8, 10, 16, 11], "rotation": 90, "texture": "#0"},
				"south": {"uv": [8, 10, 16, 9], "rotation": 90, "texture": "#0"},
				"west": {"uv": [8, 8, 16, 9], "rotation": 90, "texture": "#0"}
			}
		},
		{
			"name": "BackB2",
			"from": [7, 13, 12],
			"to": [9, 21, 14],
			"rotation": {"angle": 0, "axis": "y", "origin": [16, 20, 20]},
			"faces": {
				"north": {"uv": [0, 5, 8, 7], "rotation": 90, "texture": "#0"},
				"east": {"uv": [4, 8, 12, 10], "rotation": 90, "texture": "#0"},
				"south": {"uv": [4, 9, 12, 11], "rotation": 90, "texture": "#0"},
				"west": {"uv": [0, 4, 8, 6], "rotation": 90, "texture": "#0"}
			}
		},
		{
			"name": "BackB3",
			"from": [5, 13, 12.5],
			"to": [6, 21, 13.5],
			"rotation": {"angle": 0, "axis": "y", "origin": [18, 20, 20.5]},
			"faces": {
				"north": {"uv": [8, 9, 16, 10], "rotation": 90, "texture": "#0"},
				"east": {"uv": [8, 10, 16, 11], "rotation": 90, "texture": "#0"},
				"south": {"uv": [8, 10, 16, 9], "rotation": 90, "texture": "#0"},
				"west": {"uv": [8, 8, 16, 9], "rotation": 90, "texture": "#0"}
			}
		}
	],
	"display": {
		"thirdperson_righthand": {
			"rotation": [45, 0, 0],
			"translation": [0, 1, 0],
			"scale": [0.35, 0.35, 0.35]
		},
		"thirdperson_lefthand": {
			"rotation": [45, 0, 0],
			"translation": [0, 1, 0],
			"scale": [0.35, 0.35, 0.35]
		},
		"firstperson_righthand": {
			"rotation": [-10, 15, 0],
			"translation": [1, 0, 0],
			"scale": [0.4, 0.4, 0.4]
		},
		"firstperson_lefthand": {
			"rotation": [-10, 15, 0],
			"translation": [1, 0, 0],
			"scale": [0.4, 0.4, 0.4]
		},
		"ground": {
			"translation": [0, 1, 0],
			"scale": [0.3, 0.3, 0.3]
		},
		"gui": {
			"rotation": [35, -135, 0],
			"translation": [0, -1.5, 0],
			"scale": [0.5, 0.5, 0.5]
		},
		"head": {
			"translation": [0, 1.5, 0]
		},
		"fixed": {
			"translation": [0, -3.5, -4.1],
			"scale": [0.8, 0.8, 0.8]
		}
	}
}