{
	"format_version": "1.21.6",
	"credit": "Made with Blockbench",
	"texture_size": [4, 4],
	"textures": {
		"0": "block/oak_planks",
		"2": "block/oak_log",
		"3": "block/white_wool",
		"particle": "block/oak_planks"
	},
	"elements": [
		{
			"from": [7.25, 7.5, -12],
			"to": [7.75, 10, -11.5],
			"rotation": {"angle": 0, "axis": "y", "origin": [12, 4, 4]},
			"faces": {
				"north": {"uv": [2, 0, 0, 10], "texture": "#0"},
				"east": {"uv": [2.5, 2, 0.5, 12], "texture": "#0"},
				"south": {"uv": [2, 0, 0, 10], "texture": "#0"},
				"west": {"uv": [2.5, 2, 0.5, 12], "texture": "#0"},
				"up": {"uv": [5, 0, 3, 2], "texture": "#0"},
				"down": {"uv": [2, 0, 0, 2], "texture": "#0"}
			}
		},
		{
			"from": [7.25, 5.5, -8],
			"to": [7.75, 6, -5],
			"rotation": {"angle": 0, "axis": "y", "origin": [12, 4, 4]},
			"faces": {
				"north": {"uv": [2, 0, 0, 2], "texture": "#0"},
				"east": {"uv": [12.5, 2, 0.5, 4], "texture": "#0"},
				"south": {"uv": [2, 0, 0, 2], "texture": "#0"},
				"west": {"uv": [12.5, 2, 0.5, 4], "texture": "#0"},
				"up": {"uv": [5, 0, 3, 12], "texture": "#0"},
				"down": {"uv": [2, 0, 0, 12], "texture": "#0"}
			}
		},
		{
			"from": [7.25, 5, -5.5],
			"to": [7.75, 5.5, 1.5],
			"rotation": {"angle": 0, "axis": "y", "origin": [12, 4, 4]},
			"faces": {
				"north": {"uv": [2, 0, 0, 2], "texture": "#0"},
				"east": {"uv": [16, 2, 0, 4], "texture": "#0"},
				"south": {"uv": [2, 0, 0, 2], "texture": "#0"},
				"west": {"uv": [16, 2, 0, 4], "texture": "#0"},
				"up": {"uv": [5, 0, 3, 16], "texture": "#0"},
				"down": {"uv": [2, 0, 0, 16], "texture": "#0"}
			}
		},
		{
			"from": [7.25, 6, -10],
			"to": [7.75, 6.5, -7.5],
			"rotation": {"angle": 0, "axis": "y", "origin": [12, 4, 4]},
			"faces": {
				"north": {"uv": [2, 0, 0, 2], "texture": "#0"},
				"east": {"uv": [10.5, 2, 0.5, 4], "texture": "#0"},
				"south": {"uv": [2, 0, 0, 2], "texture": "#0"},
				"west": {"uv": [10.5, 2, 0.5, 4], "texture": "#0"},
				"up": {"uv": [5, 0, 3, 10], "texture": "#0"},
				"down": {"uv": [2, 0, 0, 10], "texture": "#0"}
			}
		},
		{
			"from": [7.25, 6.5, -11],
			"to": [7.75, 7, -9.5],
			"rotation": {"angle": 0, "axis": "y", "origin": [12, 4, 4]},
			"faces": {
				"north": {"uv": [2, 0, 0, 2], "texture": "#0"},
				"east": {"uv": [6.5, 2, 0.5, 4], "texture": "#0"},
				"south": {"uv": [2, 0, 0, 2], "texture": "#0"},
				"west": {"uv": [6.5, 2, 0.5, 4], "texture": "#0"},
				"up": {"uv": [5, 0, 3, 6], "texture": "#0"},
				"down": {"uv": [2, 0, 0, 6], "texture": "#0"}
			}
		},
		{
			"from": [7.25, 7, -11.5],
			"to": [7.75, 9.5, -11],
			"rotation": {"angle": 0, "axis": "y", "origin": [12, 4, 4]},
			"faces": {
				"north": {"uv": [2, 0, 0, 10], "texture": "#0"},
				"east": {"uv": [2.5, 2, 0.5, 12], "texture": "#0"},
				"south": {"uv": [2, 0, 0, 10], "texture": "#0"},
				"west": {"uv": [2.5, 2, 0.5, 12], "texture": "#0"},
				"up": {"uv": [5, 0, 3, 2], "texture": "#0"},
				"down": {"uv": [2, 0, 0, 2], "texture": "#0"}
			}
		},
		{
			"from": [7.25, 7, -11],
			"to": [7.75, 7.5, -10.5],
			"rotation": {"angle": 0, "axis": "y", "origin": [12, 4, 12]},
			"faces": {
				"north": {"uv": [2.5, 0, 0.5, 2], "texture": "#0"},
				"east": {"uv": [3, 2, 1, 4], "texture": "#0"},
				"south": {"uv": [2.5, 0, 0.5, 2], "texture": "#0"},
				"west": {"uv": [3, 2, 1, 4], "texture": "#0"},
				"up": {"uv": [5, 0.5, 3, 2.5], "texture": "#0"},
				"down": {"uv": [2, 0.5, 0, 2.5], "texture": "#0"}
			}
		},
		{
			"from": [7.25, 7.5, 27.5],
			"to": [7.75, 11, 28],
			"rotation": {"angle": 0, "axis": "y", "origin": [12, 4, 12]},
			"faces": {
				"north": {"uv": [2.5, 0, 0.5, 14], "texture": "#0"},
				"east": {"uv": [3, 2, 1, 16], "texture": "#0"},
				"south": {"uv": [2.5, 0, 0.5, 14], "texture": "#0"},
				"west": {"uv": [3, 2, 1, 16], "texture": "#0"},
				"up": {"uv": [5, 0.5, 3, 2.5], "texture": "#0"},
				"down": {"uv": [2, 0.5, 0, 2.5], "texture": "#0"}
			}
		},
		{
			"from": [7.25, 5.5, 21],
			"to": [7.75, 6, 24],
			"rotation": {"angle": 0, "axis": "y", "origin": [12, 4, 12]},
			"faces": {
				"north": {"uv": [2.5, 0, 0.5, 2], "texture": "#0"},
				"east": {"uv": [15, 2, 3, 4], "texture": "#0"},
				"south": {"uv": [2.5, 0, 0.5, 2], "texture": "#0"},
				"west": {"uv": [15, 2, 3, 4], "texture": "#0"},
				"up": {"uv": [5, 2.5, 3, 14.5], "texture": "#0"},
				"down": {"uv": [2, 2.5, 0, 14.5], "texture": "#0"}
			}
		},
		{
			"from": [7.25, 5, 14.5],
			"to": [7.75, 5.5, 21.5],
			"rotation": {"angle": 0, "axis": "y", "origin": [12, 4, 12]},
			"faces": {
				"north": {"uv": [2.5, 0, 0.5, 2], "texture": "#0"},
				"east": {"uv": [16, 2, 0, 4], "texture": "#0"},
				"south": {"uv": [2.5, 0, 0.5, 2], "texture": "#0"},
				"west": {"uv": [16, 2, 0, 4], "texture": "#0"},
				"up": {"uv": [5, 0, 3, 16], "texture": "#0"},
				"down": {"uv": [2, 0, 0, 16], "texture": "#0"}
			}
		},
		{
			"from": [7.25, 6, 23.5],
			"to": [7.75, 6.5, 26],
			"rotation": {"angle": 0, "axis": "y", "origin": [12, 4, 12]},
			"faces": {
				"north": {"uv": [2.5, 0, 0.5, 2], "texture": "#0"},
				"east": {"uv": [12.5, 2, 2.5, 4], "texture": "#0"},
				"south": {"uv": [2.5, 0, 0.5, 2], "texture": "#0"},
				"west": {"uv": [12.5, 2, 2.5, 4], "texture": "#0"},
				"up": {"uv": [5, 2, 3, 12], "texture": "#0"},
				"down": {"uv": [2, 2, 0, 12], "texture": "#0"}
			}
		},
		{
			"from": [7.25, 6.5, 25.5],
			"to": [7.75, 7, 27],
			"rotation": {"angle": 0, "axis": "y", "origin": [12, 4, 12]},
			"faces": {
				"north": {"uv": [2.5, 0, 0.5, 2], "texture": "#0"},
				"east": {"uv": [7.5, 2, 1.5, 4], "texture": "#0"},
				"south": {"uv": [2.5, 0, 0.5, 2], "texture": "#0"},
				"west": {"uv": [7.5, 2, 1.5, 4], "texture": "#0"},
				"up": {"uv": [5, 1, 3, 7], "texture": "#0"},
				"down": {"uv": [2, 1, 0, 7], "texture": "#0"}
			}
		},
		{
			"from": [7.25, 7, 27],
			"to": [7.75, 10.5, 27.5],
			"rotation": {"angle": 0, "axis": "y", "origin": [12, 4, 12]},
			"faces": {
				"north": {"uv": [2.5, 0, 0.5, 14], "texture": "#0"},
				"east": {"uv": [3, 2, 1, 16], "texture": "#0"},
				"south": {"uv": [2.5, 0, 0.5, 14], "texture": "#0"},
				"west": {"uv": [3, 2, 1, 16], "texture": "#0"},
				"up": {"uv": [5, 0.5, 3, 2.5], "texture": "#0"},
				"down": {"uv": [2, 0.5, 0, 2.5], "texture": "#0"}
			}
		},
		{
			"from": [7.25, 7, 26.5],
			"to": [7.75, 7.5, 27],
			"rotation": {"angle": 0, "axis": "y", "origin": [12, 4, 12]},
			"faces": {
				"north": {"uv": [2.5, 0, 0.5, 2], "texture": "#0"},
				"east": {"uv": [3, 2, 1, 4], "texture": "#0"},
				"south": {"uv": [2.5, 0, 0.5, 2], "texture": "#0"},
				"west": {"uv": [3, 2, 1, 4], "texture": "#0"},
				"up": {"uv": [5, 0.5, 3, 2.5], "texture": "#0"},
				"down": {"uv": [2, 0.5, 0, 2.5], "texture": "#0"}
			}
		},
		{
			"from": [7.25, 4.5, 1],
			"to": [7.75, 5, 15],
			"rotation": {"angle": 0, "axis": "y", "origin": [12, 4, 4]},
			"faces": {
				"north": {"uv": [2, 0, 0, 2], "texture": "#0"},
				"east": {"uv": [16, 2, 0, 4], "texture": "#0"},
				"south": {"uv": [2, 0, 0, 2], "texture": "#0"},
				"west": {"uv": [16, 2, 0, 4], "texture": "#0"},
				"up": {"uv": [5, 0, 3, 16], "texture": "#0"},
				"down": {"uv": [2, 0, 0, 16], "texture": "#0"}
			}
		},
		{
			"from": [6.25, 6, -8],
			"to": [7.25, 6.5, -5],
			"rotation": {"angle": 0, "axis": "y", "origin": [12, 4, 4]},
			"faces": {
				"north": {"uv": [4, 0, 0, 2], "texture": "#0"},
				"east": {"uv": [12.5, 2, 0.5, 4], "texture": "#0"},
				"south": {"uv": [4, 0, 0, 2], "texture": "#0"},
				"west": {"uv": [12.5, 2, 0.5, 4], "texture": "#0"},
				"up": {"uv": [7, 0, 3, 12], "texture": "#0"},
				"down": {"uv": [4, 0, 0, 12], "texture": "#0"}
			}
		},
		{
			"from": [6.25, 5.5, -5.5],
			"to": [7.25, 6, 1.5],
			"rotation": {"angle": 0, "axis": "y", "origin": [12, 4, 4]},
			"faces": {
				"north": {"uv": [4, 0, 0, 2], "texture": "#0"},
				"east": {"uv": [16, 2, 0, 4], "texture": "#0"},
				"south": {"uv": [4, 0, 0, 2], "texture": "#0"},
				"west": {"uv": [16, 2, 0, 4], "texture": "#0"},
				"up": {"uv": [7, 0, 3, 16], "texture": "#0"},
				"down": {"uv": [4, 0, 0, 16], "texture": "#0"}
			}
		},
		{
			"from": [6.25, 6.5, -10],
			"to": [7.25, 7, -7.5],
			"rotation": {"angle": 0, "axis": "y", "origin": [12, 4, 4]},
			"faces": {
				"north": {"uv": [4, 0, 0, 2], "texture": "#0"},
				"east": {"uv": [10.5, 2, 0.5, 4], "texture": "#0"},
				"south": {"uv": [4, 0, 0, 2], "texture": "#0"},
				"west": {"uv": [10.5, 2, 0.5, 4], "texture": "#0"},
				"up": {"uv": [7, 0, 3, 10], "texture": "#0"},
				"down": {"uv": [4, 0, 0, 10], "texture": "#0"}
			}
		},
		{
			"from": [6.25, 7, -11],
			"to": [7.25, 7.5, -9.5],
			"rotation": {"angle": 0, "axis": "y", "origin": [12, 4, 4]},
			"faces": {
				"north": {"uv": [4, 0, 0, 2], "texture": "#0"},
				"east": {"uv": [6.5, 2, 0.5, 4], "texture": "#0"},
				"south": {"uv": [4, 0, 0, 2], "texture": "#0"},
				"west": {"uv": [6.5, 2, 0.5, 4], "texture": "#0"},
				"up": {"uv": [7, 0, 3, 6], "texture": "#0"},
				"down": {"uv": [4, 0, 0, 6], "texture": "#0"}
			}
		},
		{
			"from": [6.25, 7.5, -11],
			"to": [7.25, 9, -10.5],
			"rotation": {"angle": 0, "axis": "y", "origin": [12, 4, 12]},
			"faces": {
				"north": {"uv": [1.5, 0, 5.5, 6], "texture": "#0"},
				"east": {"uv": [2, 2, 4, 8], "texture": "#0"},
				"south": {"uv": [1.5, 0, 5.5, 6], "texture": "#0"},
				"west": {"uv": [2, 2, 4, 8], "texture": "#0"},
				"up": {"uv": [4, 0.5, 8, 2.5], "texture": "#0"},
				"down": {"uv": [1, 0.5, 5, 2.5], "texture": "#0"}
			}
		},
		{
			"from": [6.75, 7.5, -11.5],
			"to": [7.25, 9.5, -11],
			"rotation": {"angle": 0, "axis": "y", "origin": [12, 4, 12]},
			"faces": {
				"north": {"uv": [1.5, 0, 3.5, 8], "texture": "#0"},
				"east": {"uv": [2, 2, 4, 10], "texture": "#0"},
				"south": {"uv": [1.5, 0, 3.5, 8], "texture": "#0"},
				"west": {"uv": [2, 2, 4, 10], "texture": "#0"},
				"up": {"uv": [4, 0.5, 6, 2.5], "texture": "#0"},
				"down": {"uv": [1, 0.5, 3, 2.5], "texture": "#0"}
			}
		},
		{
			"from": [6.25, 6, 21],
			"to": [7.25, 6.5, 24],
			"rotation": {"angle": 0, "axis": "y", "origin": [12, 4, 12]},
			"faces": {
				"north": {"uv": [4.5, 0, 0.5, 2], "texture": "#0"},
				"east": {"uv": [15, 2, 3, 4], "texture": "#0"},
				"south": {"uv": [4.5, 0, 0.5, 2], "texture": "#0"},
				"west": {"uv": [15, 2, 3, 4], "texture": "#0"},
				"up": {"uv": [7, 2.5, 3, 14.5], "texture": "#0"},
				"down": {"uv": [4, 2.5, 0, 14.5], "texture": "#0"}
			}
		},
		{
			"from": [6.25, 5.5, 14.5],
			"to": [7.25, 6, 21.5],
			"rotation": {"angle": 0, "axis": "y", "origin": [12, 4, 12]},
			"faces": {
				"north": {"uv": [4.5, 0, 0.5, 2], "texture": "#0"},
				"east": {"uv": [16, 2, 0, 4], "texture": "#0"},
				"south": {"uv": [4.5, 0, 0.5, 2], "texture": "#0"},
				"west": {"uv": [16, 2, 0, 4], "texture": "#0"},
				"up": {"uv": [7, 0, 3, 16], "texture": "#0"},
				"down": {"uv": [4, 0, 0, 16], "texture": "#0"}
			}
		},
		{
			"from": [6.25, 6.5, 23.5],
			"to": [7.25, 7, 26],
			"rotation": {"angle": 0, "axis": "y", "origin": [12, 4, 12]},
			"faces": {
				"north": {"uv": [4.5, 0, 0.5, 2], "texture": "#0"},
				"east": {"uv": [12.5, 2, 2.5, 4], "texture": "#0"},
				"south": {"uv": [4.5, 0, 0.5, 2], "texture": "#0"},
				"west": {"uv": [12.5, 2, 2.5, 4], "texture": "#0"},
				"up": {"uv": [7, 2, 3, 12], "texture": "#0"},
				"down": {"uv": [4, 2, 0, 12], "texture": "#0"}
			}
		},
		{
			"from": [6.25, 7, 25.5],
			"to": [7.25, 7.5, 27],
			"rotation": {"angle": 0, "axis": "y", "origin": [12, 4, 12]},
			"faces": {
				"north": {"uv": [4.5, 0, 0.5, 2], "texture": "#0"},
				"east": {"uv": [7.5, 2, 1.5, 4], "texture": "#0"},
				"south": {"uv": [4.5, 0, 0.5, 2], "texture": "#0"},
				"west": {"uv": [7.5, 2, 1.5, 4], "texture": "#0"},
				"up": {"uv": [7, 1, 3, 7], "texture": "#0"},
				"down": {"uv": [4, 1, 0, 7], "texture": "#0"}
			}
		},
		{
			"from": [6.25, 7.5, 26.5],
			"to": [7.25, 9.5, 27],
			"rotation": {"angle": 0, "axis": "y", "origin": [12, 4, 12]},
			"faces": {
				"north": {"uv": [1.5, 0, 5.5, 8], "texture": "#0"},
				"east": {"uv": [2, 2, 4, 10], "texture": "#0"},
				"south": {"uv": [1.5, 0, 5.5, 8], "texture": "#0"},
				"west": {"uv": [2, 2, 4, 10], "texture": "#0"},
				"up": {"uv": [4, 0.5, 8, 2.5], "texture": "#0"},
				"down": {"uv": [1, 0.5, 5, 2.5], "texture": "#0"}
			}
		},
		{
			"from": [6.75, 7.5, 27],
			"to": [7.25, 10, 27.5],
			"rotation": {"angle": 0, "axis": "y", "origin": [12, 4, 12]},
			"faces": {
				"north": {"uv": [1.5, 0, 3.5, 10], "texture": "#0"},
				"east": {"uv": [2, 2, 4, 12], "texture": "#0"},
				"south": {"uv": [1.5, 0, 3.5, 10], "texture": "#0"},
				"west": {"uv": [2, 2, 4, 12], "texture": "#0"},
				"up": {"uv": [4, 0.5, 6, 2.5], "texture": "#0"},
				"down": {"uv": [1, 0.5, 3, 2.5], "texture": "#0"}
			}
		},
		{
			"from": [6.25, 5, 1],
			"to": [7.25, 5.5, 15],
			"rotation": {"angle": 0, "axis": "y", "origin": [12, 4, 4]},
			"faces": {
				"north": {"uv": [4, 0, 0, 2], "texture": "#0"},
				"east": {"uv": [16, 2, 0, 4], "texture": "#0"},
				"south": {"uv": [4, 0, 0, 2], "texture": "#0"},
				"west": {"uv": [16, 2, 0, 4], "texture": "#0"},
				"up": {"uv": [7, 0, 3, 16], "texture": "#0"},
				"down": {"uv": [4, 0, 0, 16], "texture": "#0"}
			}
		},
		{
			"from": [5.75, 6.5, -8],
			"to": [6.25, 7, -5],
			"rotation": {"angle": 0, "axis": "y", "origin": [12, 4, 4]},
			"faces": {
				"north": {"uv": [2, 0, 0, 2], "texture": "#0"},
				"east": {"uv": [12.5, 2, 0.5, 4], "texture": "#0"},
				"south": {"uv": [2, 0, 0, 2], "texture": "#0"},
				"west": {"uv": [12.5, 2, 0.5, 4], "texture": "#0"},
				"up": {"uv": [5, 0, 3, 12], "texture": "#0"},
				"down": {"uv": [2, 0, 0, 12], "texture": "#0"}
			}
		},
		{
			"from": [5.75, 6, -5.5],
			"to": [6.25, 6.5, 1.5],
			"rotation": {"angle": 0, "axis": "y", "origin": [12, 4, 4]},
			"faces": {
				"north": {"uv": [2, 0, 0, 2], "texture": "#0"},
				"east": {"uv": [16, 2, 0, 4], "texture": "#0"},
				"south": {"uv": [2, 0, 0, 2], "texture": "#0"},
				"west": {"uv": [16, 2, 0, 4], "texture": "#0"},
				"up": {"uv": [5, 0, 3, 16], "texture": "#0"},
				"down": {"uv": [2, 0, 0, 16], "texture": "#0"}
			}
		},
		{
			"from": [5.75, 7, -10],
			"to": [6.25, 7.5, -7.5],
			"rotation": {"angle": 0, "axis": "y", "origin": [12, 4, 4]},
			"faces": {
				"north": {"uv": [2, 0, 0, 2], "texture": "#0"},
				"east": {"uv": [10.5, 2, 0.5, 4], "texture": "#0"},
				"south": {"uv": [2, 0, 0, 2], "texture": "#0"},
				"west": {"uv": [10.5, 2, 0.5, 4], "texture": "#0"},
				"up": {"uv": [5, 0, 3, 10], "texture": "#0"},
				"down": {"uv": [2, 0, 0, 10], "texture": "#0"}
			}
		},
		{
			"from": [5.75, 7.5, -10.5],
			"to": [6.25, 9, -9.5],
			"rotation": {"angle": 0, "axis": "y", "origin": [12, 4, 4]},
			"faces": {
				"north": {"uv": [2, 0, 0, 6], "texture": "#0"},
				"east": {"uv": [4.5, 2, 0.5, 8], "texture": "#0"},
				"south": {"uv": [2, 0, 0, 6], "texture": "#0"},
				"west": {"uv": [4.5, 2, 0.5, 8], "texture": "#0"},
				"up": {"uv": [5, 0, 3, 4], "texture": "#0"},
				"down": {"uv": [2, 0, 0, 4], "texture": "#0"}
			}
		},
		{
			"from": [5.75, 6.5, 21],
			"to": [6.25, 7, 24],
			"rotation": {"angle": 0, "axis": "y", "origin": [12, 4, 12]},
			"faces": {
				"north": {"uv": [2.5, 0, 0.5, 2], "texture": "#0"},
				"east": {"uv": [15, 2, 3, 4], "texture": "#0"},
				"south": {"uv": [2.5, 0, 0.5, 2], "texture": "#0"},
				"west": {"uv": [15, 2, 3, 4], "texture": "#0"},
				"up": {"uv": [5, 2.5, 3, 14.5], "texture": "#0"},
				"down": {"uv": [2, 2.5, 0, 14.5], "texture": "#0"}
			}
		},
		{
			"from": [5.75, 6, 14.5],
			"to": [6.25, 6.5, 21.5],
			"rotation": {"angle": 0, "axis": "y", "origin": [12, 4, 12]},
			"faces": {
				"north": {"uv": [2.5, 0, 0.5, 2], "texture": "#0"},
				"east": {"uv": [16, 2, 0, 4], "texture": "#0"},
				"south": {"uv": [2.5, 0, 0.5, 2], "texture": "#0"},
				"west": {"uv": [16, 2, 0, 4], "texture": "#0"},
				"up": {"uv": [5, 0, 3, 16], "texture": "#0"},
				"down": {"uv": [2, 0, 0, 16], "texture": "#0"}
			}
		},
		{
			"from": [5.75, 7, 23.5],
			"to": [6.25, 7.5, 26],
			"rotation": {"angle": 0, "axis": "y", "origin": [12, 4, 12]},
			"faces": {
				"north": {"uv": [2.5, 0, 0.5, 2], "texture": "#0"},
				"east": {"uv": [12.5, 2, 2.5, 4], "texture": "#0"},
				"south": {"uv": [2.5, 0, 0.5, 2], "texture": "#0"},
				"west": {"uv": [12.5, 2, 2.5, 4], "texture": "#0"},
				"up": {"uv": [5, 2, 3, 12], "texture": "#0"},
				"down": {"uv": [2, 2, 0, 12], "texture": "#0"}
			}
		},
		{
			"from": [5.75, 7.5, 25.5],
			"to": [6.25, 9, 26.5],
			"rotation": {"angle": 0, "axis": "y", "origin": [12, 4, 12]},
			"faces": {
				"north": {"uv": [2.5, 0, 0.5, 6], "texture": "#0"},
				"east": {"uv": [6.5, 2, 2.5, 8], "texture": "#0"},
				"south": {"uv": [2.5, 0, 0.5, 6], "texture": "#0"},
				"west": {"uv": [6.5, 2, 2.5, 8], "texture": "#0"},
				"up": {"uv": [5, 2, 3, 6], "texture": "#0"},
				"down": {"uv": [2, 2, 0, 6], "texture": "#0"}
			}
		},
		{
			"from": [5.75, 5.5, 1],
			"to": [6.25, 6, 15],
			"rotation": {"angle": 0, "axis": "y", "origin": [12, 4, 4]},
			"faces": {
				"north": {"uv": [2, 0, 0, 2], "texture": "#0"},
				"east": {"uv": [16, 2, 0, 4], "texture": "#0"},
				"south": {"uv": [2, 0, 0, 2], "texture": "#0"},
				"west": {"uv": [16, 2, 0, 4], "texture": "#0"},
				"up": {"uv": [5, 0, 3, 16], "texture": "#0"},
				"down": {"uv": [2, 0, 0, 16], "texture": "#0"}
			}
		},
		{
			"from": [5.25, 7, -8],
			"to": [5.75, 7.5, -5],
			"rotation": {"angle": 0, "axis": "y", "origin": [12, 4, 4]},
			"faces": {
				"north": {"uv": [2, 0, 0, 2], "texture": "#0"},
				"east": {"uv": [12.5, 2, 0.5, 4], "texture": "#0"},
				"south": {"uv": [2, 0, 0, 2], "texture": "#0"},
				"west": {"uv": [12.5, 2, 0.5, 4], "texture": "#0"},
				"up": {"uv": [5, 0, 3, 12], "texture": "#0"},
				"down": {"uv": [2, 0, 0, 12], "texture": "#0"}
			}
		},
		{
			"from": [5.25, 7.5, -10],
			"to": [5.75, 9, -7.5],
			"rotation": {"angle": 0, "axis": "y", "origin": [12, 4, 4]},
			"faces": {
				"north": {"uv": [2, 0, 0, 6], "texture": "#0"},
				"east": {"uv": [10.5, 2, 0.5, 8], "texture": "#0"},
				"south": {"uv": [2, 0, 0, 6], "texture": "#0"},
				"west": {"uv": [10.5, 2, 0.5, 8], "texture": "#0"},
				"up": {"uv": [5, 0, 3, 10], "texture": "#0"},
				"down": {"uv": [2, 0, 0, 10], "texture": "#0"}
			}
		},
		{
			"from": [5.25, 6.5, -5.5],
			"to": [5.75, 7, 1.5],
			"rotation": {"angle": 0, "axis": "y", "origin": [12, 4, 4]},
			"faces": {
				"north": {"uv": [2, 0, 0, 2], "texture": "#0"},
				"east": {"uv": [16, 2, 0, 4], "texture": "#0"},
				"south": {"uv": [2, 0, 0, 2], "texture": "#0"},
				"west": {"uv": [16, 2, 0, 4], "texture": "#0"},
				"up": {"uv": [5, 0, 3, 16], "texture": "#0"},
				"down": {"uv": [2, 0, 0, 16], "texture": "#0"}
			}
		},
		{
			"from": [5.25, 7, 21],
			"to": [5.75, 7.5, 24],
			"rotation": {"angle": 0, "axis": "y", "origin": [12, 4, 12]},
			"faces": {
				"north": {"uv": [2.5, 0, 0.5, 2], "texture": "#0"},
				"east": {"uv": [15, 2, 3, 4], "texture": "#0"},
				"south": {"uv": [2.5, 0, 0.5, 2], "texture": "#0"},
				"west": {"uv": [15, 2, 3, 4], "texture": "#0"},
				"up": {"uv": [5, 2.5, 3, 14.5], "texture": "#0"},
				"down": {"uv": [2, 2.5, 0, 14.5], "texture": "#0"}
			}
		},
		{
			"from": [5.25, 7.5, 23.5],
			"to": [5.75, 9, 26],
			"rotation": {"angle": 0, "axis": "y", "origin": [12, 4, 12]},
			"faces": {
				"north": {"uv": [2.5, 0, 0.5, 6], "texture": "#0"},
				"east": {"uv": [13, 2, 3, 8], "texture": "#0"},
				"south": {"uv": [2.5, 0, 0.5, 6], "texture": "#0"},
				"west": {"uv": [13, 2, 3, 8], "texture": "#0"},
				"up": {"uv": [5, 2.5, 3, 12.5], "texture": "#0"},
				"down": {"uv": [2, 2.5, 0, 12.5], "texture": "#0"}
			}
		},
		{
			"from": [5.25, 6.5, 14.5],
			"to": [5.75, 7, 21.5],
			"rotation": {"angle": 0, "axis": "y", "origin": [12, 4, 12]},
			"faces": {
				"north": {"uv": [2.5, 0, 0.5, 2], "texture": "#0"},
				"east": {"uv": [16, 2, 0, 4], "texture": "#0"},
				"south": {"uv": [2.5, 0, 0.5, 2], "texture": "#0"},
				"west": {"uv": [16, 2, 0, 4], "texture": "#0"},
				"up": {"uv": [5, 0, 3, 16], "texture": "#0"},
				"down": {"uv": [2, 0, 0, 16], "texture": "#0"}
			}
		},
		{
			"from": [5.25, 6, 1],
			"to": [5.75, 6.5, 15],
			"rotation": {"angle": 0, "axis": "y", "origin": [12, 4, 4]},
			"faces": {
				"north": {"uv": [2, 0, 0, 2], "texture": "#0"},
				"east": {"uv": [16, 2, 0, 4], "texture": "#0"},
				"south": {"uv": [2, 0, 0, 2], "texture": "#0"},
				"west": {"uv": [16, 2, 0, 4], "texture": "#0"},
				"up": {"uv": [5, 0, 3, 16], "texture": "#0"},
				"down": {"uv": [2, 0, 0, 16], "texture": "#0"}
			}
		},
		{
			"from": [4.75, 7, -5.5],
			"to": [5.25, 7.5, 4.5],
			"rotation": {"angle": 0, "axis": "y", "origin": [12, 4, 4]},
			"faces": {
				"north": {"uv": [2, 0, 0, 2], "texture": "#0"},
				"east": {"uv": [16, 2, 0, 4], "texture": "#0"},
				"south": {"uv": [2, 0, 0, 2], "texture": "#0"},
				"west": {"uv": [16, 2, 0, 4], "texture": "#0"},
				"up": {"uv": [5, 0, 3, 16], "texture": "#0"},
				"down": {"uv": [2, 0, 0, 16], "texture": "#0"}
			}
		},
		{
			"from": [4.75, 7.5, -8],
			"to": [5.25, 8.5, -5],
			"rotation": {"angle": 0, "axis": "y", "origin": [12, 4, 4]},
			"faces": {
				"north": {"uv": [2, 0, 0, 4], "texture": "#0"},
				"east": {"uv": [12.5, 2, 0.5, 6], "texture": "#0"},
				"south": {"uv": [2, 0, 0, 4], "texture": "#0"},
				"west": {"uv": [12.5, 2, 0.5, 6], "texture": "#0"},
				"up": {"uv": [5, 0, 3, 12], "texture": "#0"},
				"down": {"uv": [2, 0, 0, 12], "texture": "#0"}
			}
		},
		{
			"from": [4.75, 7, 11.5],
			"to": [5.25, 7.5, 21.5],
			"rotation": {"angle": 0, "axis": "y", "origin": [12, 4, 12]},
			"faces": {
				"north": {"uv": [2.5, 0, 0.5, 2], "texture": "#0"},
				"east": {"uv": [16, 2, 0, 4], "texture": "#0"},
				"south": {"uv": [2.5, 0, 0.5, 2], "texture": "#0"},
				"west": {"uv": [16, 2, 0, 4], "texture": "#0"},
				"up": {"uv": [5, 0, 3, 16], "texture": "#0"},
				"down": {"uv": [2, 0, 0, 16], "texture": "#0"}
			}
		},
		{
			"from": [4.75, 7.5, 21],
			"to": [5.25, 8.5, 24],
			"rotation": {"angle": 0, "axis": "y", "origin": [12, 4, 12]},
			"faces": {
				"north": {"uv": [2.5, 0, 0.5, 4], "texture": "#0"},
				"east": {"uv": [15.5, 2, 3.5, 6], "texture": "#0"},
				"south": {"uv": [2.5, 0, 0.5, 4], "texture": "#0"},
				"west": {"uv": [15.5, 2, 3.5, 6], "texture": "#0"},
				"up": {"uv": [5, 3, 3, 15], "texture": "#0"},
				"down": {"uv": [2, 3, 0, 15], "texture": "#0"}
			}
		},
		{
			"from": [4.75, 6.5, 1],
			"to": [5.25, 7, 15],
			"rotation": {"angle": 0, "axis": "y", "origin": [12, 4, 4]},
			"faces": {
				"north": {"uv": [2, 0, 0, 2], "texture": "#0"},
				"east": {"uv": [16, 2, 0, 4], "texture": "#0"},
				"south": {"uv": [2, 0, 0, 2], "texture": "#0"},
				"west": {"uv": [16, 2, 0, 4], "texture": "#0"},
				"up": {"uv": [5, 0, 3, 16], "texture": "#0"},
				"down": {"uv": [2, 0, 0, 16], "texture": "#0"}
			}
		},
		{
			"from": [4.25, 7.5, -5.5],
			"to": [4.75, 8, 4.5],
			"rotation": {"angle": 0, "axis": "y", "origin": [12, 4, 4]},
			"faces": {
				"north": {"uv": [2, 0, 0, 2], "texture": "#0"},
				"east": {"uv": [16, 2, 0, 4], "texture": "#0"},
				"south": {"uv": [2, 0, 0, 2], "texture": "#0"},
				"west": {"uv": [16, 2, 0, 4], "texture": "#0"},
				"up": {"uv": [5, 0, 3, 16], "texture": "#0"},
				"down": {"uv": [2, 0, 0, 16], "texture": "#0"}
			}
		},
		{
			"from": [4.25, 7.5, 11.5],
			"to": [4.75, 8, 21.5],
			"rotation": {"angle": 0, "axis": "y", "origin": [12, 4, 12]},
			"faces": {
				"north": {"uv": [2.5, 0, 0.5, 2], "texture": "#0"},
				"east": {"uv": [16, 2, 0, 4], "texture": "#0"},
				"south": {"uv": [2.5, 0, 0.5, 2], "texture": "#0"},
				"west": {"uv": [16, 2, 0, 4], "texture": "#0"},
				"up": {"uv": [5, 0, 3, 16], "texture": "#0"},
				"down": {"uv": [2, 0, 0, 16], "texture": "#0"}
			}
		},
		{
			"from": [4.25, 7, 1],
			"to": [4.75, 7.5, 15],
			"rotation": {"angle": 0, "axis": "y", "origin": [12, 4, 4]},
			"faces": {
				"north": {"uv": [2, 0, 0, 2], "texture": "#0"},
				"east": {"uv": [16, 2, 0, 4], "texture": "#0"},
				"south": {"uv": [2, 0, 0, 2], "texture": "#0"},
				"west": {"uv": [16, 2, 0, 4], "texture": "#0"},
				"up": {"uv": [5, 0, 3, 16], "texture": "#0"},
				"down": {"uv": [2, 0, 0, 16], "texture": "#0"}
			}
		},
		{
			"from": [8.25, 7.5, -12],
			"to": [8.75, 10, -11.5],
			"rotation": {"angle": 0, "axis": "y", "origin": [4, 4, 4]},
			"faces": {
				"north": {"uv": [0, 0, 2, 10], "texture": "#0"},
				"east": {"uv": [0.5, 2, 2.5, 12], "texture": "#0"},
				"south": {"uv": [0, 0, 2, 10], "texture": "#0"},
				"west": {"uv": [0.5, 2, 2.5, 12], "texture": "#0"},
				"up": {"uv": [3, 0, 5, 2], "texture": "#0"},
				"down": {"uv": [0, 0, 2, 2], "texture": "#0"}
			}
		},
		{
			"from": [8.25, 5.5, -8],
			"to": [8.75, 6, -5],
			"rotation": {"angle": 0, "axis": "y", "origin": [4, 4, 4]},
			"faces": {
				"north": {"uv": [0, 0, 2, 2], "texture": "#0"},
				"east": {"uv": [0.5, 2, 12.5, 4], "texture": "#0"},
				"south": {"uv": [0, 0, 2, 2], "texture": "#0"},
				"west": {"uv": [0.5, 2, 12.5, 4], "texture": "#0"},
				"up": {"uv": [3, 0, 5, 12], "texture": "#0"},
				"down": {"uv": [0, 0, 2, 12], "texture": "#0"}
			}
		},
		{
			"from": [8.25, 5, -5.5],
			"to": [8.75, 5.5, 1.5],
			"rotation": {"angle": 0, "axis": "y", "origin": [4, 4, 4]},
			"faces": {
				"north": {"uv": [0, 0, 2, 2], "texture": "#0"},
				"east": {"uv": [0, 2, 16, 4], "texture": "#0"},
				"south": {"uv": [0, 0, 2, 2], "texture": "#0"},
				"west": {"uv": [0, 2, 16, 4], "texture": "#0"},
				"up": {"uv": [3, 0, 5, 16], "texture": "#0"},
				"down": {"uv": [0, 0, 2, 16], "texture": "#0"}
			}
		},
		{
			"from": [8.25, 6, -10],
			"to": [8.75, 6.5, -7.5],
			"rotation": {"angle": 0, "axis": "y", "origin": [4, 4, 4]},
			"faces": {
				"north": {"uv": [0, 0, 2, 2], "texture": "#0"},
				"east": {"uv": [0.5, 2, 10.5, 4], "texture": "#0"},
				"south": {"uv": [0, 0, 2, 2], "texture": "#0"},
				"west": {"uv": [0.5, 2, 10.5, 4], "texture": "#0"},
				"up": {"uv": [3, 0, 5, 10], "texture": "#0"},
				"down": {"uv": [0, 0, 2, 10], "texture": "#0"}
			}
		},
		{
			"from": [8.25, 6.5, -11],
			"to": [8.75, 7, -9.5],
			"rotation": {"angle": 0, "axis": "y", "origin": [4, 4, 4]},
			"faces": {
				"north": {"uv": [0, 0, 2, 2], "texture": "#0"},
				"east": {"uv": [0.5, 2, 6.5, 4], "texture": "#0"},
				"south": {"uv": [0, 0, 2, 2], "texture": "#0"},
				"west": {"uv": [0.5, 2, 6.5, 4], "texture": "#0"},
				"up": {"uv": [3, 0, 5, 6], "texture": "#0"},
				"down": {"uv": [0, 0, 2, 6], "texture": "#0"}
			}
		},
		{
			"from": [8.25, 7, -11.5],
			"to": [8.75, 9.5, -11],
			"rotation": {"angle": 0, "axis": "y", "origin": [4, 4, 4]},
			"faces": {
				"north": {"uv": [0, 0, 2, 10], "texture": "#0"},
				"east": {"uv": [0.5, 2, 2.5, 12], "texture": "#0"},
				"south": {"uv": [0, 0, 2, 10], "texture": "#0"},
				"west": {"uv": [0.5, 2, 2.5, 12], "texture": "#0"},
				"up": {"uv": [3, 0, 5, 2], "texture": "#0"},
				"down": {"uv": [0, 0, 2, 2], "texture": "#0"}
			}
		},
		{
			"from": [8.25, 7, -11],
			"to": [8.75, 7.5, -10.5],
			"rotation": {"angle": 0, "axis": "y", "origin": [4, 4, 12]},
			"faces": {
				"north": {"uv": [0.5, 0, 2.5, 2], "texture": "#0"},
				"east": {"uv": [1, 2, 3, 4], "texture": "#0"},
				"south": {"uv": [0.5, 0, 2.5, 2], "texture": "#0"},
				"west": {"uv": [1, 2, 3, 4], "texture": "#0"},
				"up": {"uv": [3, 0.5, 5, 2.5], "texture": "#0"},
				"down": {"uv": [0, 0.5, 2, 2.5], "texture": "#0"}
			}
		},
		{
			"from": [8.25, 7.5, 27.5],
			"to": [8.75, 11, 28],
			"rotation": {"angle": 0, "axis": "y", "origin": [4, 4, 12]},
			"faces": {
				"north": {"uv": [0.5, 0, 2.5, 14], "texture": "#0"},
				"east": {"uv": [1, 2, 3, 16], "texture": "#0"},
				"south": {"uv": [0.5, 0, 2.5, 14], "texture": "#0"},
				"west": {"uv": [1, 2, 3, 16], "texture": "#0"},
				"up": {"uv": [3, 0.5, 5, 2.5], "texture": "#0"},
				"down": {"uv": [0, 0.5, 2, 2.5], "texture": "#0"}
			}
		},
		{
			"from": [8.25, 5.5, 21],
			"to": [8.75, 6, 24],
			"rotation": {"angle": 0, "axis": "y", "origin": [4, 4, 12]},
			"faces": {
				"north": {"uv": [0.5, 0, 2.5, 2], "texture": "#0"},
				"east": {"uv": [3, 2, 15, 4], "texture": "#0"},
				"south": {"uv": [0.5, 0, 2.5, 2], "texture": "#0"},
				"west": {"uv": [3, 2, 15, 4], "texture": "#0"},
				"up": {"uv": [3, 2.5, 5, 14.5], "texture": "#0"},
				"down": {"uv": [0, 2.5, 2, 14.5], "texture": "#0"}
			}
		},
		{
			"from": [8.25, 5, 14.5],
			"to": [8.75, 5.5, 21.5],
			"rotation": {"angle": 0, "axis": "y", "origin": [4, 4, 12]},
			"faces": {
				"north": {"uv": [0.5, 0, 2.5, 2], "texture": "#0"},
				"east": {"uv": [0, 2, 16, 4], "texture": "#0"},
				"south": {"uv": [0.5, 0, 2.5, 2], "texture": "#0"},
				"west": {"uv": [0, 2, 16, 4], "texture": "#0"},
				"up": {"uv": [3, 0, 5, 16], "texture": "#0"},
				"down": {"uv": [0, 0, 2, 16], "texture": "#0"}
			}
		},
		{
			"from": [8.25, 6, 23.5],
			"to": [8.75, 6.5, 26],
			"rotation": {"angle": 0, "axis": "y", "origin": [4, 4, 12]},
			"faces": {
				"north": {"uv": [0.5, 0, 2.5, 2], "texture": "#0"},
				"east": {"uv": [2.5, 2, 12.5, 4], "texture": "#0"},
				"south": {"uv": [0.5, 0, 2.5, 2], "texture": "#0"},
				"west": {"uv": [2.5, 2, 12.5, 4], "texture": "#0"},
				"up": {"uv": [3, 2, 5, 12], "texture": "#0"},
				"down": {"uv": [0, 2, 2, 12], "texture": "#0"}
			}
		},
		{
			"from": [8.25, 6.5, 25.5],
			"to": [8.75, 7, 27],
			"rotation": {"angle": 0, "axis": "y", "origin": [4, 4, 12]},
			"faces": {
				"north": {"uv": [0.5, 0, 2.5, 2], "texture": "#0"},
				"east": {"uv": [1.5, 2, 7.5, 4], "texture": "#0"},
				"south": {"uv": [0.5, 0, 2.5, 2], "texture": "#0"},
				"west": {"uv": [1.5, 2, 7.5, 4], "texture": "#0"},
				"up": {"uv": [3, 1, 5, 7], "texture": "#0"},
				"down": {"uv": [0, 1, 2, 7], "texture": "#0"}
			}
		},
		{
			"from": [8.25, 7, 27],
			"to": [8.75, 10.5, 27.5],
			"rotation": {"angle": 0, "axis": "y", "origin": [4, 4, 12]},
			"faces": {
				"north": {"uv": [0.5, 0, 2.5, 14], "texture": "#0"},
				"east": {"uv": [1, 2, 3, 16], "texture": "#0"},
				"south": {"uv": [0.5, 0, 2.5, 14], "texture": "#0"},
				"west": {"uv": [1, 2, 3, 16], "texture": "#0"},
				"up": {"uv": [3, 0.5, 5, 2.5], "texture": "#0"},
				"down": {"uv": [0, 0.5, 2, 2.5], "texture": "#0"}
			}
		},
		{
			"from": [8.25, 7, 26.5],
			"to": [8.75, 7.5, 27],
			"rotation": {"angle": 0, "axis": "y", "origin": [4, 4, 12]},
			"faces": {
				"north": {"uv": [0.5, 0, 2.5, 2], "texture": "#0"},
				"east": {"uv": [1, 2, 3, 4], "texture": "#0"},
				"south": {"uv": [0.5, 0, 2.5, 2], "texture": "#0"},
				"west": {"uv": [1, 2, 3, 4], "texture": "#0"},
				"up": {"uv": [3, 0.5, 5, 2.5], "texture": "#0"},
				"down": {"uv": [0, 0.5, 2, 2.5], "texture": "#0"}
			}
		},
		{
			"from": [8.25, 4.5, 1],
			"to": [8.75, 5, 15],
			"rotation": {"angle": 0, "axis": "y", "origin": [4, 4, 4]},
			"faces": {
				"north": {"uv": [0, 0, 2, 2], "texture": "#0"},
				"east": {"uv": [0, 2, 16, 4], "texture": "#0"},
				"south": {"uv": [0, 0, 2, 2], "texture": "#0"},
				"west": {"uv": [0, 2, 16, 4], "texture": "#0"},
				"up": {"uv": [3, 0, 5, 16], "texture": "#0"},
				"down": {"uv": [0, 0, 2, 16], "texture": "#0"}
			}
		},
		{
			"from": [8.75, 6, -8],
			"to": [9.75, 6.5, -5],
			"rotation": {"angle": 0, "axis": "y", "origin": [4, 4, 4]},
			"faces": {
				"north": {"uv": [0, 0, 4, 2], "texture": "#0"},
				"east": {"uv": [0.5, 2, 12.5, 4], "texture": "#0"},
				"south": {"uv": [0, 0, 4, 2], "texture": "#0"},
				"west": {"uv": [0.5, 2, 12.5, 4], "texture": "#0"},
				"up": {"uv": [3, 0, 7, 12], "texture": "#0"},
				"down": {"uv": [0, 0, 4, 12], "texture": "#0"}
			}
		},
		{
			"from": [8.75, 5.5, -5.5],
			"to": [9.75, 6, 1.5],
			"rotation": {"angle": 0, "axis": "y", "origin": [4, 4, 4]},
			"faces": {
				"north": {"uv": [0, 0, 4, 2], "texture": "#0"},
				"east": {"uv": [0, 2, 16, 4], "texture": "#0"},
				"south": {"uv": [0, 0, 4, 2], "texture": "#0"},
				"west": {"uv": [0, 2, 16, 4], "texture": "#0"},
				"up": {"uv": [3, 0, 7, 16], "texture": "#0"},
				"down": {"uv": [0, 0, 4, 16], "texture": "#0"}
			}
		},
		{
			"from": [8.75, 6.5, -10],
			"to": [9.75, 7, -7.5],
			"rotation": {"angle": 0, "axis": "y", "origin": [4, 4, 4]},
			"faces": {
				"north": {"uv": [0, 0, 4, 2], "texture": "#0"},
				"east": {"uv": [0.5, 2, 10.5, 4], "texture": "#0"},
				"south": {"uv": [0, 0, 4, 2], "texture": "#0"},
				"west": {"uv": [0.5, 2, 10.5, 4], "texture": "#0"},
				"up": {"uv": [3, 0, 7, 10], "texture": "#0"},
				"down": {"uv": [0, 0, 4, 10], "texture": "#0"}
			}
		},
		{
			"from": [8.75, 7, -11],
			"to": [9.75, 7.5, -9.5],
			"rotation": {"angle": 0, "axis": "y", "origin": [4, 4, 4]},
			"faces": {
				"north": {"uv": [0, 0, 4, 2], "texture": "#0"},
				"east": {"uv": [0.5, 2, 6.5, 4], "texture": "#0"},
				"south": {"uv": [0, 0, 4, 2], "texture": "#0"},
				"west": {"uv": [0.5, 2, 6.5, 4], "texture": "#0"},
				"up": {"uv": [3, 0, 7, 6], "texture": "#0"},
				"down": {"uv": [0, 0, 4, 6], "texture": "#0"}
			}
		},
		{
			"from": [8.75, 7.5, -11],
			"to": [9.75, 9, -10.5],
			"rotation": {"angle": 0, "axis": "y", "origin": [4, 4, 12]},
			"faces": {
				"north": {"uv": [5.5, 0, 1.5, 6], "texture": "#0"},
				"east": {"uv": [4, 2, 2, 8], "texture": "#0"},
				"south": {"uv": [5.5, 0, 1.5, 6], "texture": "#0"},
				"west": {"uv": [4, 2, 2, 8], "texture": "#0"},
				"up": {"uv": [8, 0.5, 4, 2.5], "texture": "#0"},
				"down": {"uv": [5, 0.5, 1, 2.5], "texture": "#0"}
			}
		},
		{
			"from": [8.75, 7.5, -11.5],
			"to": [9.25, 9.5, -11],
			"rotation": {"angle": 0, "axis": "y", "origin": [4, 4, 12]},
			"faces": {
				"north": {"uv": [3.5, 0, 1.5, 8], "texture": "#0"},
				"east": {"uv": [4, 2, 2, 10], "texture": "#0"},
				"south": {"uv": [3.5, 0, 1.5, 8], "texture": "#0"},
				"west": {"uv": [4, 2, 2, 10], "texture": "#0"},
				"up": {"uv": [6, 0.5, 4, 2.5], "texture": "#0"},
				"down": {"uv": [3, 0.5, 1, 2.5], "texture": "#0"}
			}
		},
		{
			"from": [8.75, 6, 21],
			"to": [9.75, 6.5, 24],
			"rotation": {"angle": 0, "axis": "y", "origin": [4, 4, 12]},
			"faces": {
				"north": {"uv": [0.5, 0, 4.5, 2], "texture": "#0"},
				"east": {"uv": [3, 2, 15, 4], "texture": "#0"},
				"south": {"uv": [0.5, 0, 4.5, 2], "texture": "#0"},
				"west": {"uv": [3, 2, 15, 4], "texture": "#0"},
				"up": {"uv": [3, 2.5, 7, 14.5], "texture": "#0"},
				"down": {"uv": [0, 2.5, 4, 14.5], "texture": "#0"}
			}
		},
		{
			"from": [8.75, 5.5, 14.5],
			"to": [9.75, 6, 21.5],
			"rotation": {"angle": 0, "axis": "y", "origin": [4, 4, 12]},
			"faces": {
				"north": {"uv": [0.5, 0, 4.5, 2], "texture": "#0"},
				"east": {"uv": [0, 2, 16, 4], "texture": "#0"},
				"south": {"uv": [0.5, 0, 4.5, 2], "texture": "#0"},
				"west": {"uv": [0, 2, 16, 4], "texture": "#0"},
				"up": {"uv": [3, 0, 7, 16], "texture": "#0"},
				"down": {"uv": [0, 0, 4, 16], "texture": "#0"}
			}
		},
		{
			"from": [8.75, 6.5, 23.5],
			"to": [9.75, 7, 26],
			"rotation": {"angle": 0, "axis": "y", "origin": [4, 4, 12]},
			"faces": {
				"north": {"uv": [0.5, 0, 4.5, 2], "texture": "#0"},
				"east": {"uv": [2.5, 2, 12.5, 4], "texture": "#0"},
				"south": {"uv": [0.5, 0, 4.5, 2], "texture": "#0"},
				"west": {"uv": [2.5, 2, 12.5, 4], "texture": "#0"},
				"up": {"uv": [3, 2, 7, 12], "texture": "#0"},
				"down": {"uv": [0, 2, 4, 12], "texture": "#0"}
			}
		},
		{
			"from": [8.75, 7, 25.5],
			"to": [9.75, 7.5, 27],
			"rotation": {"angle": 0, "axis": "y", "origin": [4, 4, 12]},
			"faces": {
				"north": {"uv": [0.5, 0, 4.5, 2], "texture": "#0"},
				"east": {"uv": [1.5, 2, 7.5, 4], "texture": "#0"},
				"south": {"uv": [0.5, 0, 4.5, 2], "texture": "#0"},
				"west": {"uv": [1.5, 2, 7.5, 4], "texture": "#0"},
				"up": {"uv": [3, 1, 7, 7], "texture": "#0"},
				"down": {"uv": [0, 1, 4, 7], "texture": "#0"}
			}
		},
		{
			"from": [8.75, 7.5, 26.5],
			"to": [9.75, 9.5, 27],
			"rotation": {"angle": 0, "axis": "y", "origin": [4, 4, 12]},
			"faces": {
				"north": {"uv": [5.5, 0, 1.5, 8], "texture": "#0"},
				"east": {"uv": [4, 2, 2, 10], "texture": "#0"},
				"south": {"uv": [5.5, 0, 1.5, 8], "texture": "#0"},
				"west": {"uv": [4, 2, 2, 10], "texture": "#0"},
				"up": {"uv": [8, 0.5, 4, 2.5], "texture": "#0"},
				"down": {"uv": [5, 0.5, 1, 2.5], "texture": "#0"}
			}
		},
		{
			"from": [8.75, 7.5, 27],
			"to": [9.25, 10, 27.5],
			"rotation": {"angle": 0, "axis": "y", "origin": [4, 4, 12]},
			"faces": {
				"north": {"uv": [3.5, 0, 1.5, 10], "texture": "#0"},
				"east": {"uv": [4, 2, 2, 12], "texture": "#0"},
				"south": {"uv": [3.5, 0, 1.5, 10], "texture": "#0"},
				"west": {"uv": [4, 2, 2, 12], "texture": "#0"},
				"up": {"uv": [6, 0.5, 4, 2.5], "texture": "#0"},
				"down": {"uv": [3, 0.5, 1, 2.5], "texture": "#0"}
			}
		},
		{
			"from": [8.75, 5, 1],
			"to": [9.75, 5.5, 15],
			"rotation": {"angle": 0, "axis": "y", "origin": [4, 4, 4]},
			"faces": {
				"north": {"uv": [0, 0, 4, 2], "texture": "#0"},
				"east": {"uv": [0, 2, 16, 4], "texture": "#0"},
				"south": {"uv": [0, 0, 4, 2], "texture": "#0"},
				"west": {"uv": [0, 2, 16, 4], "texture": "#0"},
				"up": {"uv": [3, 0, 7, 16], "texture": "#0"},
				"down": {"uv": [0, 0, 4, 16], "texture": "#0"}
			}
		},
		{
			"from": [9.75, 6.5, -8],
			"to": [10.25, 7, -5],
			"rotation": {"angle": 0, "axis": "y", "origin": [4, 4, 4]},
			"faces": {
				"north": {"uv": [0, 0, 2, 2], "texture": "#0"},
				"east": {"uv": [0.5, 2, 12.5, 4], "texture": "#0"},
				"south": {"uv": [0, 0, 2, 2], "texture": "#0"},
				"west": {"uv": [0.5, 2, 12.5, 4], "texture": "#0"},
				"up": {"uv": [3, 0, 5, 12], "texture": "#0"},
				"down": {"uv": [0, 0, 2, 12], "texture": "#0"}
			}
		},
		{
			"from": [9.75, 6, -5.5],
			"to": [10.25, 6.5, 1.5],
			"rotation": {"angle": 0, "axis": "y", "origin": [4, 4, 4]},
			"faces": {
				"north": {"uv": [0, 0, 2, 2], "texture": "#0"},
				"east": {"uv": [0, 2, 16, 4], "texture": "#0"},
				"south": {"uv": [0, 0, 2, 2], "texture": "#0"},
				"west": {"uv": [0, 2, 16, 4], "texture": "#0"},
				"up": {"uv": [3, 0, 5, 16], "texture": "#0"},
				"down": {"uv": [0, 0, 2, 16], "texture": "#0"}
			}
		},
		{
			"from": [9.75, 7, -10],
			"to": [10.25, 7.5, -7.5],
			"rotation": {"angle": 0, "axis": "y", "origin": [4, 4, 4]},
			"faces": {
				"north": {"uv": [0, 0, 2, 2], "texture": "#0"},
				"east": {"uv": [0.5, 2, 10.5, 4], "texture": "#0"},
				"south": {"uv": [0, 0, 2, 2], "texture": "#0"},
				"west": {"uv": [0.5, 2, 10.5, 4], "texture": "#0"},
				"up": {"uv": [3, 0, 5, 10], "texture": "#0"},
				"down": {"uv": [0, 0, 2, 10], "texture": "#0"}
			}
		},
		{
			"from": [9.75, 7.5, -10.5],
			"to": [10.25, 9, -9.5],
			"rotation": {"angle": 0, "axis": "y", "origin": [4, 4, 4]},
			"faces": {
				"north": {"uv": [0, 0, 2, 6], "texture": "#0"},
				"east": {"uv": [0.5, 2, 4.5, 8], "texture": "#0"},
				"south": {"uv": [0, 0, 2, 6], "texture": "#0"},
				"west": {"uv": [0.5, 2, 4.5, 8], "texture": "#0"},
				"up": {"uv": [3, 0, 5, 4], "texture": "#0"},
				"down": {"uv": [0, 0, 2, 4], "texture": "#0"}
			}
		},
		{
			"from": [9.75, 6.5, 21],
			"to": [10.25, 7, 24],
			"rotation": {"angle": 0, "axis": "y", "origin": [4, 4, 12]},
			"faces": {
				"north": {"uv": [0.5, 0, 2.5, 2], "texture": "#0"},
				"east": {"uv": [3, 2, 15, 4], "texture": "#0"},
				"south": {"uv": [0.5, 0, 2.5, 2], "texture": "#0"},
				"west": {"uv": [3, 2, 15, 4], "texture": "#0"},
				"up": {"uv": [3, 2.5, 5, 14.5], "texture": "#0"},
				"down": {"uv": [0, 2.5, 2, 14.5], "texture": "#0"}
			}
		},
		{
			"from": [9.75, 6, 14.5],
			"to": [10.25, 6.5, 21.5],
			"rotation": {"angle": 0, "axis": "y", "origin": [4, 4, 12]},
			"faces": {
				"north": {"uv": [0.5, 0, 2.5, 2], "texture": "#0"},
				"east": {"uv": [0, 2, 16, 4], "texture": "#0"},
				"south": {"uv": [0.5, 0, 2.5, 2], "texture": "#0"},
				"west": {"uv": [0, 2, 16, 4], "texture": "#0"},
				"up": {"uv": [3, 0, 5, 16], "texture": "#0"},
				"down": {"uv": [0, 0, 2, 16], "texture": "#0"}
			}
		},
		{
			"from": [9.75, 7, 23.5],
			"to": [10.25, 7.5, 26],
			"rotation": {"angle": 0, "axis": "y", "origin": [4, 4, 12]},
			"faces": {
				"north": {"uv": [0.5, 0, 2.5, 2], "texture": "#0"},
				"east": {"uv": [2.5, 2, 12.5, 4], "texture": "#0"},
				"south": {"uv": [0.5, 0, 2.5, 2], "texture": "#0"},
				"west": {"uv": [2.5, 2, 12.5, 4], "texture": "#0"},
				"up": {"uv": [3, 2, 5, 12], "texture": "#0"},
				"down": {"uv": [0, 2, 2, 12], "texture": "#0"}
			}
		},
		{
			"from": [9.75, 7.5, 25.5],
			"to": [10.25, 9, 26.5],
			"rotation": {"angle": 0, "axis": "y", "origin": [4, 4, 12]},
			"faces": {
				"north": {"uv": [0.5, 0, 2.5, 6], "texture": "#0"},
				"east": {"uv": [2.5, 2, 6.5, 8], "texture": "#0"},
				"south": {"uv": [0.5, 0, 2.5, 6], "texture": "#0"},
				"west": {"uv": [2.5, 2, 6.5, 8], "texture": "#0"},
				"up": {"uv": [3, 2, 5, 6], "texture": "#0"},
				"down": {"uv": [0, 2, 2, 6], "texture": "#0"}
			}
		},
		{
			"from": [9.75, 5.5, 1],
			"to": [10.25, 6, 15],
			"rotation": {"angle": 0, "axis": "y", "origin": [4, 4, 4]},
			"faces": {
				"north": {"uv": [0, 0, 2, 2], "texture": "#0"},
				"east": {"uv": [0, 2, 16, 4], "texture": "#0"},
				"south": {"uv": [0, 0, 2, 2], "texture": "#0"},
				"west": {"uv": [0, 2, 16, 4], "texture": "#0"},
				"up": {"uv": [3, 0, 5, 16], "texture": "#0"},
				"down": {"uv": [0, 0, 2, 16], "texture": "#0"}
			}
		},
		{
			"from": [10.25, 7, -8],
			"to": [10.75, 7.5, -5],
			"rotation": {"angle": 0, "axis": "y", "origin": [4, 4, 4]},
			"faces": {
				"north": {"uv": [0, 0, 2, 2], "texture": "#0"},
				"east": {"uv": [0.5, 2, 12.5, 4], "texture": "#0"},
				"south": {"uv": [0, 0, 2, 2], "texture": "#0"},
				"west": {"uv": [0.5, 2, 12.5, 4], "texture": "#0"},
				"up": {"uv": [3, 0, 5, 12], "texture": "#0"},
				"down": {"uv": [0, 0, 2, 12], "texture": "#0"}
			}
		},
		{
			"from": [10.25, 7.5, -10],
			"to": [10.75, 9, -7.5],
			"rotation": {"angle": 0, "axis": "y", "origin": [4, 4, 4]},
			"faces": {
				"north": {"uv": [0, 0, 2, 6], "texture": "#0"},
				"east": {"uv": [0.5, 2, 10.5, 8], "texture": "#0"},
				"south": {"uv": [0, 0, 2, 6], "texture": "#0"},
				"west": {"uv": [0.5, 2, 10.5, 8], "texture": "#0"},
				"up": {"uv": [3, 0, 5, 10], "texture": "#0"},
				"down": {"uv": [0, 0, 2, 10], "texture": "#0"}
			}
		},
		{
			"from": [10.25, 6.5, -5.5],
			"to": [10.75, 7, 1.5],
			"rotation": {"angle": 0, "axis": "y", "origin": [4, 4, 4]},
			"faces": {
				"north": {"uv": [0, 0, 2, 2], "texture": "#0"},
				"east": {"uv": [0, 2, 16, 4], "texture": "#0"},
				"south": {"uv": [0, 0, 2, 2], "texture": "#0"},
				"west": {"uv": [0, 2, 16, 4], "texture": "#0"},
				"up": {"uv": [3, 0, 5, 16], "texture": "#0"},
				"down": {"uv": [0, 0, 2, 16], "texture": "#0"}
			}
		},
		{
			"from": [10.25, 7, 21],
			"to": [10.75, 7.5, 24],
			"rotation": {"angle": 0, "axis": "y", "origin": [4, 4, 12]},
			"faces": {
				"north": {"uv": [0.5, 0, 2.5, 2], "texture": "#0"},
				"east": {"uv": [3, 2, 15, 4], "texture": "#0"},
				"south": {"uv": [0.5, 0, 2.5, 2], "texture": "#0"},
				"west": {"uv": [3, 2, 15, 4], "texture": "#0"},
				"up": {"uv": [3, 2.5, 5, 14.5], "texture": "#0"},
				"down": {"uv": [0, 2.5, 2, 14.5], "texture": "#0"}
			}
		},
		{
			"from": [10.25, 7.5, 23.5],
			"to": [10.75, 9, 26],
			"rotation": {"angle": 0, "axis": "y", "origin": [4, 4, 12]},
			"faces": {
				"north": {"uv": [0.5, 0, 2.5, 6], "texture": "#0"},
				"east": {"uv": [3, 2, 13, 8], "texture": "#0"},
				"south": {"uv": [0.5, 0, 2.5, 6], "texture": "#0"},
				"west": {"uv": [3, 2, 13, 8], "texture": "#0"},
				"up": {"uv": [3, 2.5, 5, 12.5], "texture": "#0"},
				"down": {"uv": [0, 2.5, 2, 12.5], "texture": "#0"}
			}
		},
		{
			"from": [10.25, 6.5, 14.5],
			"to": [10.75, 7, 21.5],
			"rotation": {"angle": 0, "axis": "y", "origin": [4, 4, 12]},
			"faces": {
				"north": {"uv": [0.5, 0, 2.5, 2], "texture": "#0"},
				"east": {"uv": [0, 2, 16, 4], "texture": "#0"},
				"south": {"uv": [0.5, 0, 2.5, 2], "texture": "#0"},
				"west": {"uv": [0, 2, 16, 4], "texture": "#0"},
				"up": {"uv": [3, 0, 5, 16], "texture": "#0"},
				"down": {"uv": [0, 0, 2, 16], "texture": "#0"}
			}
		},
		{
			"from": [10.25, 6, 1],
			"to": [10.75, 6.5, 15],
			"rotation": {"angle": 0, "axis": "y", "origin": [4, 4, 4]},
			"faces": {
				"north": {"uv": [0, 0, 2, 2], "texture": "#0"},
				"east": {"uv": [0, 2, 16, 4], "texture": "#0"},
				"south": {"uv": [0, 0, 2, 2], "texture": "#0"},
				"west": {"uv": [0, 2, 16, 4], "texture": "#0"},
				"up": {"uv": [3, 0, 5, 16], "texture": "#0"},
				"down": {"uv": [0, 0, 2, 16], "texture": "#0"}
			}
		},
		{
			"from": [10.75, 7, -5.5],
			"to": [11.25, 7.5, 4.5],
			"rotation": {"angle": 0, "axis": "y", "origin": [4, 4, 4]},
			"faces": {
				"north": {"uv": [0, 0, 2, 2], "texture": "#0"},
				"east": {"uv": [0, 2, 16, 4], "texture": "#0"},
				"south": {"uv": [0, 0, 2, 2], "texture": "#0"},
				"west": {"uv": [0, 2, 16, 4], "texture": "#0"},
				"up": {"uv": [3, 0, 5, 16], "texture": "#0"},
				"down": {"uv": [0, 0, 2, 16], "texture": "#0"}
			}
		},
		{
			"from": [10.75, 7.5, -8],
			"to": [11.25, 8.5, -5],
			"rotation": {"angle": 0, "axis": "y", "origin": [4, 4, 4]},
			"faces": {
				"north": {"uv": [0, 0, 2, 4], "texture": "#0"},
				"east": {"uv": [0.5, 2, 12.5, 6], "texture": "#0"},
				"south": {"uv": [0, 0, 2, 4], "texture": "#0"},
				"west": {"uv": [0.5, 2, 12.5, 6], "texture": "#0"},
				"up": {"uv": [3, 0, 5, 12], "texture": "#0"},
				"down": {"uv": [0, 0, 2, 12], "texture": "#0"}
			}
		},
		{
			"from": [10.75, 7, 11.5],
			"to": [11.25, 7.5, 21.5],
			"rotation": {"angle": 0, "axis": "y", "origin": [4, 4, 12]},
			"faces": {
				"north": {"uv": [0.5, 0, 2.5, 2], "texture": "#0"},
				"east": {"uv": [0, 2, 16, 4], "texture": "#0"},
				"south": {"uv": [0.5, 0, 2.5, 2], "texture": "#0"},
				"west": {"uv": [0, 2, 16, 4], "texture": "#0"},
				"up": {"uv": [3, 0, 5, 16], "texture": "#0"},
				"down": {"uv": [0, 0, 2, 16], "texture": "#0"}
			}
		},
		{
			"from": [10.75, 7.5, 21],
			"to": [11.25, 8.5, 24],
			"rotation": {"angle": 0, "axis": "y", "origin": [4, 4, 12]},
			"faces": {
				"north": {"uv": [0.5, 0, 2.5, 4], "texture": "#0"},
				"east": {"uv": [3.5, 2, 15.5, 6], "texture": "#0"},
				"south": {"uv": [0.5, 0, 2.5, 4], "texture": "#0"},
				"west": {"uv": [3.5, 2, 15.5, 6], "texture": "#0"},
				"up": {"uv": [3, 3, 5, 15], "texture": "#0"},
				"down": {"uv": [0, 3, 2, 15], "texture": "#0"}
			}
		},
		{
			"from": [10.75, 6.5, 1],
			"to": [11.25, 7, 15],
			"rotation": {"angle": 0, "axis": "y", "origin": [4, 4, 4]},
			"faces": {
				"north": {"uv": [0, 0, 2, 2], "texture": "#0"},
				"east": {"uv": [0, 2, 16, 4], "texture": "#0"},
				"south": {"uv": [0, 0, 2, 2], "texture": "#0"},
				"west": {"uv": [0, 2, 16, 4], "texture": "#0"},
				"up": {"uv": [3, 0, 5, 16], "texture": "#0"},
				"down": {"uv": [0, 0, 2, 16], "texture": "#0"}
			}
		},
		{
			"from": [11.25, 7.5, -5.5],
			"to": [11.75, 8, 4.5],
			"rotation": {"angle": 0, "axis": "y", "origin": [4, 4, 4]},
			"faces": {
				"north": {"uv": [0, 0, 2, 2], "texture": "#0"},
				"east": {"uv": [0, 2, 16, 4], "texture": "#0"},
				"south": {"uv": [0, 0, 2, 2], "texture": "#0"},
				"west": {"uv": [0, 2, 16, 4], "texture": "#0"},
				"up": {"uv": [3, 0, 5, 16], "texture": "#0"},
				"down": {"uv": [0, 0, 2, 16], "texture": "#0"}
			}
		},
		{
			"from": [11.25, 7.5, 11.5],
			"to": [11.75, 8, 21.5],
			"rotation": {"angle": 0, "axis": "y", "origin": [4, 4, 12]},
			"faces": {
				"north": {"uv": [0.5, 0, 2.5, 2], "texture": "#0"},
				"east": {"uv": [0, 2, 16, 4], "texture": "#0"},
				"south": {"uv": [0.5, 0, 2.5, 2], "texture": "#0"},
				"west": {"uv": [0, 2, 16, 4], "texture": "#0"},
				"up": {"uv": [3, 0, 5, 16], "texture": "#0"},
				"down": {"uv": [0, 0, 2, 16], "texture": "#0"}
			}
		},
		{
			"from": [11.25, 7, 1],
			"to": [11.75, 7.5, 15],
			"rotation": {"angle": 0, "axis": "y", "origin": [4, 4, 4]},
			"faces": {
				"north": {"uv": [0, 0, 2, 2], "texture": "#0"},
				"east": {"uv": [0, 2, 16, 4], "texture": "#0"},
				"south": {"uv": [0, 0, 2, 2], "texture": "#0"},
				"west": {"uv": [0, 2, 16, 4], "texture": "#0"},
				"up": {"uv": [3, 0, 5, 16], "texture": "#0"},
				"down": {"uv": [0, 0, 2, 16], "texture": "#0"}
			}
		},
		{
			"from": [7.75, 7, -12.5],
			"to": [8.25, 10.5, -12],
			"rotation": {"angle": 0, "axis": "y", "origin": [4, 4, 4]},
			"faces": {
				"north": {"uv": [0, 0, 2, 14], "texture": "#0"},
				"east": {"uv": [0.5, 2, 2.5, 16], "texture": "#0"},
				"south": {"uv": [0, 0, 2, 14], "texture": "#0"},
				"west": {"uv": [0.5, 2, 2.5, 16], "texture": "#0"},
				"up": {"uv": [3, 0, 5, 2], "texture": "#0"},
				"down": {"uv": [0, 0, 2, 2], "texture": "#0"}
			}
		},
		{
			"from": [7.75, 5, -8.5],
			"to": [8.25, 5.5, -5.5],
			"rotation": {"angle": 0, "axis": "y", "origin": [4, 4, 4]},
			"faces": {
				"north": {"uv": [0, 0, 2, 2], "texture": "#0"},
				"east": {"uv": [0.5, 2, 12.5, 4], "texture": "#0"},
				"south": {"uv": [0, 0, 2, 2], "texture": "#0"},
				"west": {"uv": [0.5, 2, 12.5, 4], "texture": "#0"},
				"up": {"uv": [3, 0, 5, 12], "texture": "#0"},
				"down": {"uv": [0, 0, 2, 12], "texture": "#0"}
			}
		},
		{
			"from": [7.75, 4.5, -6],
			"to": [8.25, 5, 1.5],
			"rotation": {"angle": 0, "axis": "y", "origin": [4, 4, 4]},
			"faces": {
				"north": {"uv": [0, 0, 2, 2], "texture": "#0"},
				"east": {"uv": [0, 2, 16, 4], "texture": "#0"},
				"south": {"uv": [0, 0, 2, 2], "texture": "#0"},
				"west": {"uv": [0, 2, 16, 4], "texture": "#0"},
				"up": {"uv": [3, 0, 5, 16], "texture": "#0"},
				"down": {"uv": [0, 0, 2, 16], "texture": "#0"}
			}
		},
		{
			"from": [7.75, 5.5, -10.5],
			"to": [8.25, 6, -8],
			"rotation": {"angle": 0, "axis": "y", "origin": [4, 4, 4]},
			"faces": {
				"north": {"uv": [0, 0, 2, 2], "texture": "#0"},
				"east": {"uv": [0.5, 2, 10.5, 4], "texture": "#0"},
				"south": {"uv": [0, 0, 2, 2], "texture": "#0"},
				"west": {"uv": [0.5, 2, 10.5, 4], "texture": "#0"},
				"up": {"uv": [3, 0, 5, 10], "texture": "#0"},
				"down": {"uv": [0, 0, 2, 10], "texture": "#0"}
			}
		},
		{
			"from": [7.75, 6, -11.5],
			"to": [8.25, 6.5, -10],
			"rotation": {"angle": 0, "axis": "y", "origin": [4, 4, 4]},
			"faces": {
				"north": {"uv": [0, 0, 2, 2], "texture": "#0"},
				"east": {"uv": [0.5, 2, 6.5, 4], "texture": "#0"},
				"south": {"uv": [0, 0, 2, 2], "texture": "#0"},
				"west": {"uv": [0.5, 2, 6.5, 4], "texture": "#0"},
				"up": {"uv": [3, 0, 5, 6], "texture": "#0"},
				"down": {"uv": [0, 0, 2, 6], "texture": "#0"}
			}
		},
		{
			"from": [7.75, 6.5, -12],
			"to": [8.25, 7.5, -11.5],
			"rotation": {"angle": 0, "axis": "y", "origin": [4, 4, 4]},
			"faces": {
				"north": {"uv": [0, 0, 2, 4], "texture": "#0"},
				"east": {"uv": [0.5, 2, 2.5, 6], "texture": "#0"},
				"south": {"uv": [0, 0, 2, 4], "texture": "#0"},
				"west": {"uv": [0.5, 2, 2.5, 6], "texture": "#0"},
				"up": {"uv": [3, 0, 5, 2], "texture": "#0"},
				"down": {"uv": [0, 0, 2, 2], "texture": "#0"}
			}
		},
		{
			"from": [7.75, 6.5, -11.5],
			"to": [8.25, 7, -11],
			"rotation": {"angle": 0, "axis": "y", "origin": [4, 4, 12]},
			"faces": {
				"north": {"uv": [0.5, 0, 2.5, 2], "texture": "#0"},
				"east": {"uv": [1, 2, 3, 4], "texture": "#0"},
				"south": {"uv": [0.5, 0, 2.5, 2], "texture": "#0"},
				"west": {"uv": [1, 2, 3, 4], "texture": "#0"},
				"up": {"uv": [3, 0.5, 5, 2.5], "texture": "#0"},
				"down": {"uv": [0, 0.5, 2, 2.5], "texture": "#0"}
			}
		},
		{
			"from": [7.75, 7, 28],
			"to": [8.25, 11.5, 28.5],
			"rotation": {"angle": 0, "axis": "y", "origin": [4, 4, 12]},
			"faces": {
				"north": {"uv": [0.5, 0, 2.5, 16], "texture": "#0"},
				"east": {"uv": [1, 0, 3, 16], "texture": "#0"},
				"south": {"uv": [0.5, 0, 2.5, 16], "texture": "#0"},
				"west": {"uv": [1, 0, 3, 16], "texture": "#0"},
				"up": {"uv": [3, 0.5, 5, 2.5], "texture": "#0"},
				"down": {"uv": [0, 0.5, 2, 2.5], "texture": "#0"}
			}
		},
		{
			"from": [7.75, 5, 21.5],
			"to": [8.25, 5.5, 24.5],
			"rotation": {"angle": 0, "axis": "y", "origin": [4, 4, 12]},
			"faces": {
				"north": {"uv": [0.5, 0, 2.5, 2], "texture": "#0"},
				"east": {"uv": [3, 2, 15, 4], "texture": "#0"},
				"south": {"uv": [0.5, 0, 2.5, 2], "texture": "#0"},
				"west": {"uv": [3, 2, 15, 4], "texture": "#0"},
				"up": {"uv": [3, 2.5, 5, 14.5], "texture": "#0"},
				"down": {"uv": [0, 2.5, 2, 14.5], "texture": "#0"}
			}
		},
		{
			"from": [7.75, 4.5, 14.5],
			"to": [8.25, 5, 22],
			"rotation": {"angle": 0, "axis": "y", "origin": [4, 4, 12]},
			"faces": {
				"north": {"uv": [0.5, 0, 2.5, 2], "texture": "#0"},
				"east": {"uv": [0, 2, 16, 4], "texture": "#0"},
				"south": {"uv": [0.5, 0, 2.5, 2], "texture": "#0"},
				"west": {"uv": [0, 2, 16, 4], "texture": "#0"},
				"up": {"uv": [3, 0, 5, 16], "texture": "#0"},
				"down": {"uv": [0, 0, 2, 16], "texture": "#0"}
			}
		},
		{
			"from": [7.75, 5.5, 24],
			"to": [8.25, 6, 26.5],
			"rotation": {"angle": 0, "axis": "y", "origin": [4, 4, 12]},
			"faces": {
				"north": {"uv": [0.5, 0, 2.5, 2], "texture": "#0"},
				"east": {"uv": [2.5, 2, 12.5, 4], "texture": "#0"},
				"south": {"uv": [0.5, 0, 2.5, 2], "texture": "#0"},
				"west": {"uv": [2.5, 2, 12.5, 4], "texture": "#0"},
				"up": {"uv": [3, 2, 5, 12], "texture": "#0"},
				"down": {"uv": [0, 2, 2, 12], "texture": "#0"}
			}
		},
		{
			"from": [7.75, 6, 26],
			"to": [8.25, 6.5, 27.5],
			"rotation": {"angle": 0, "axis": "y", "origin": [4, 4, 12]},
			"faces": {
				"north": {"uv": [0.5, 0, 2.5, 2], "texture": "#0"},
				"east": {"uv": [1.5, 2, 7.5, 4], "texture": "#0"},
				"south": {"uv": [0.5, 0, 2.5, 2], "texture": "#0"},
				"west": {"uv": [1.5, 2, 7.5, 4], "texture": "#0"},
				"up": {"uv": [3, 1, 5, 7], "texture": "#0"},
				"down": {"uv": [0, 1, 2, 7], "texture": "#0"}
			}
		},
		{
			"from": [7.75, 6.5, 27.5],
			"to": [8.25, 7.5, 28],
			"rotation": {"angle": 0, "axis": "y", "origin": [4, 4, 12]},
			"faces": {
				"north": {"uv": [2, 0, 0, 4], "texture": "#0"},
				"east": {"uv": [2.5, 2, 0.5, 6], "texture": "#0"},
				"south": {"uv": [2, 0, 0, 4], "texture": "#0"},
				"west": {"uv": [2.5, 2, 0.5, 6], "texture": "#0"},
				"up": {"uv": [3, 2, 5, 0], "texture": "#0"},
				"down": {"uv": [0, 2, 2, 0], "texture": "#0"}
			}
		},
		{
			"from": [7.75, 6.5, 27],
			"to": [8.25, 7, 27.5],
			"rotation": {"angle": 0, "axis": "y", "origin": [4, 4, 12]},
			"faces": {
				"north": {"uv": [0.5, 0, 2.5, 2], "texture": "#0"},
				"east": {"uv": [1, 2, 3, 4], "texture": "#0"},
				"south": {"uv": [0.5, 0, 2.5, 2], "texture": "#0"},
				"west": {"uv": [1, 2, 3, 4], "texture": "#0"},
				"up": {"uv": [3, 0.5, 5, 2.5], "texture": "#0"},
				"down": {"uv": [0, 0.5, 2, 2.5], "texture": "#0"}
			}
		},
		{
			"from": [7.75, 4, 1],
			"to": [8.25, 4.5, 15],
			"rotation": {"angle": 0, "axis": "y", "origin": [4, 4, 4]},
			"faces": {
				"north": {"uv": [0, 0, 2, 2], "texture": "#0"},
				"east": {"uv": [0, 2, 16, 4], "texture": "#0"},
				"south": {"uv": [0, 0, 2, 2], "texture": "#0"},
				"west": {"uv": [0, 2, 16, 4], "texture": "#0"},
				"up": {"uv": [3, 0, 5, 16], "texture": "#0"},
				"down": {"uv": [0, 0, 2, 16], "texture": "#0"}
			}
		},
		{
			"name": "-4",
			"from": [5.25, 7, -5],
			"to": [5.75, 7.0125, 21],
			"rotation": {"angle": 0, "axis": "x", "origin": [12, 4, 12]},
			"faces": {
				"north": {"uv": [2.25, 0, 0.25, 0.05], "texture": "#0"},
				"east": {"uv": [16, 0, 0, 0.05], "texture": "#0"},
				"south": {"uv": [2.25, 0, 0.25, 0.05], "texture": "#0"},
				"west": {"uv": [16, 0, 0, 0.05], "texture": "#0"},
				"up": {"uv": [0, 2, 16, 0], "rotation": 90, "texture": "#0"},
				"down": {"uv": [2, 0, 0, 16], "texture": "#0"}
			}
		},
		{
			"name": "-5",
			"from": [4.75, 7, 1.5],
			"to": [5.25, 7.0125, 14.5],
			"rotation": {"angle": 0, "axis": "x", "origin": [12, 4, 12]},
			"faces": {
				"north": {"uv": [2.25, 0, 0.25, 0.05], "texture": "#0"},
				"east": {"uv": [16, 0, 0, 0.05], "texture": "#0"},
				"south": {"uv": [2.25, 0, 0.25, 0.05], "texture": "#0"},
				"west": {"uv": [16, 0, 0, 0.05], "texture": "#0"},
				"up": {"uv": [0, 2, 16, 0], "rotation": 90, "texture": "#0"},
				"down": {"uv": [2, 0, 0, 16], "texture": "#0"}
			}
		},
		{
			"name": "-3",
			"from": [5.75, 7, -7.5],
			"to": [6.25, 7.0125, 23.5],
			"rotation": {"angle": 0, "axis": "x", "origin": [12, 4, 12]},
			"faces": {
				"north": {"uv": [2.25, 0, 0.25, 0.05], "texture": "#0"},
				"east": {"uv": [16, 0, 0, 0.05], "texture": "#0"},
				"south": {"uv": [2.25, 0, 0.25, 0.05], "texture": "#0"},
				"west": {"uv": [16, 0, 0, 0.05], "texture": "#0"},
				"up": {"uv": [0, 2, 16, 0], "rotation": 90, "texture": "#0"},
				"down": {"uv": [2, 0, 0, 16], "texture": "#0"}
			}
		},
		{
			"name": "-2",
			"from": [6.25, 7, -9.5],
			"to": [7.25, 7.0125, 25.5],
			"rotation": {"angle": 0, "axis": "x", "origin": [12, 4, 12]},
			"faces": {
				"north": {"uv": [4.25, 0, 0.25, 0.05], "texture": "#0"},
				"east": {"uv": [16, 0, 0, 0.05], "texture": "#0"},
				"south": {"uv": [4.25, 0, 0.25, 0.05], "texture": "#0"},
				"west": {"uv": [16, 0, 0, 0.05], "texture": "#0"},
				"up": {"uv": [0, 4, 16, 0], "rotation": 90, "texture": "#0"},
				"down": {"uv": [4, 0, 0, 16], "texture": "#0"}
			}
		},
		{
			"name": "-1",
			"from": [7.25, 7, -10.5],
			"to": [7.75, 7.0125, 26.5],
			"rotation": {"angle": 0, "axis": "x", "origin": [12, 4, 12]},
			"faces": {
				"north": {"uv": [2.25, 0, 0.25, 0.05], "texture": "#0"},
				"east": {"uv": [16, 0, 0, 0.05], "texture": "#0"},
				"south": {"uv": [2.25, 0, 0.25, 0.05], "texture": "#0"},
				"west": {"uv": [16, 0, 0, 0.05], "texture": "#0"},
				"up": {"uv": [0, 2, 16, 0], "rotation": 90, "texture": "#0"},
				"down": {"uv": [2, 0, 0, 16], "texture": "#0"}
			}
		},
		{
			"name": "0",
			"from": [7.75, 7, -12],
			"to": [8.25, 7.0125, 28],
			"rotation": {"angle": 0, "axis": "x", "origin": [4, 4, 12]},
			"faces": {
				"north": {"uv": [0.25, 0, 2.25, 0.05], "texture": "#0"},
				"east": {"uv": [0, 0, 16, 0.05], "texture": "#0"},
				"south": {"uv": [0.25, 0, 2.25, 0.05], "texture": "#0"},
				"west": {"uv": [0, 0, 16, 0.05], "texture": "#0"},
				"up": {"uv": [0, 0, 16, 2], "rotation": 90, "texture": "#0"},
				"down": {"uv": [0, 0, 2, 16], "texture": "#0"}
			}
		},
		{
			"name": "1",
			"from": [8.25, 7, -10.5],
			"to": [8.75, 7.0125, 26.5],
			"rotation": {"angle": 0, "axis": "x", "origin": [4, 4, 12]},
			"faces": {
				"north": {"uv": [0.25, 0, 2.25, 0.05], "texture": "#0"},
				"east": {"uv": [0, 0, 16, 0.05], "texture": "#0"},
				"south": {"uv": [0.25, 0, 2.25, 0.05], "texture": "#0"},
				"west": {"uv": [0, 0, 16, 0.05], "texture": "#0"},
				"up": {"uv": [0, 0, 16, 2], "rotation": 90, "texture": "#0"},
				"down": {"uv": [0, 0, 2, 16], "texture": "#0"}
			}
		},
		{
			"name": "2",
			"from": [8.75, 7, -9.5],
			"to": [9.75, 7.0125, 25.5],
			"rotation": {"angle": 0, "axis": "x", "origin": [4, 4, 12]},
			"faces": {
				"north": {"uv": [0.25, 0, 4.25, 0.05], "texture": "#0"},
				"east": {"uv": [0, 0, 16, 0.05], "texture": "#0"},
				"south": {"uv": [0.25, 0, 4.25, 0.05], "texture": "#0"},
				"west": {"uv": [0, 0, 16, 0.05], "texture": "#0"},
				"up": {"uv": [0, 0, 16, 4], "rotation": 90, "texture": "#0"},
				"down": {"uv": [0, 0, 4, 16], "texture": "#0"}
			}
		},
		{
			"name": "3",
			"from": [9.75, 7, -7.5],
			"to": [10.25, 7.0125, 23.5],
			"rotation": {"angle": 0, "axis": "x", "origin": [4, 4, 12]},
			"faces": {
				"north": {"uv": [0.25, 0, 2.25, 0.05], "texture": "#0"},
				"east": {"uv": [0, 0, 16, 0.05], "texture": "#0"},
				"south": {"uv": [0.25, 0, 2.25, 0.05], "texture": "#0"},
				"west": {"uv": [0, 0, 16, 0.05], "texture": "#0"},
				"up": {"uv": [0, 0, 16, 2], "rotation": 90, "texture": "#0"},
				"down": {"uv": [0, 0, 2, 16], "texture": "#0"}
			}
		},
		{
			"name": "4",
			"from": [10.25, 7, -5],
			"to": [10.75, 7.0125, 21],
			"rotation": {"angle": 0, "axis": "x", "origin": [4, 4, 12]},
			"faces": {
				"north": {"uv": [0.25, 0, 2.25, 0.05], "texture": "#0"},
				"east": {"uv": [0, 0, 16, 0.05], "texture": "#0"},
				"south": {"uv": [0.25, 0, 2.25, 0.05], "texture": "#0"},
				"west": {"uv": [0, 0, 16, 0.05], "texture": "#0"},
				"up": {"uv": [0, 0, 16, 2], "rotation": 90, "texture": "#0"},
				"down": {"uv": [0, 0, 2, 16], "texture": "#0"}
			}
		},
		{
			"name": "5",
			"from": [10.75, 7, 1.5],
			"to": [11.25, 7.0125, 14.5],
			"rotation": {"angle": 0, "axis": "x", "origin": [4, 4, 12]},
			"faces": {
				"north": {"uv": [0.25, 0, 2.25, 0.05], "texture": "#0"},
				"east": {"uv": [0, 0, 16, 0.05], "texture": "#0"},
				"south": {"uv": [0.25, 0, 2.25, 0.05], "texture": "#0"},
				"west": {"uv": [0, 0, 16, 0.05], "texture": "#0"},
				"up": {"uv": [0, 0, 16, 2], "rotation": 90, "texture": "#0"},
				"down": {"uv": [0, 0, 2, 16], "texture": "#0"}
			}
		},
		{
			"name": "1",
			"from": [7.75, 6.5, 7.75],
			"to": [8.25, 25, 8.25],
			"rotation": {"angle": 0, "axis": "x", "origin": [4, 4, 12]},
			"faces": {
				"north": {"uv": [0.5, 0, 2.5, 16], "texture": "#2"},
				"east": {"uv": [0, 0, 2, 16], "texture": "#2"},
				"south": {"uv": [0, 0, 2, 16], "texture": "#2"},
				"west": {"uv": [0, 0, 2, 16], "texture": "#2"},
				"up": {"uv": [0, 0, 2, 2], "texture": "#2"},
				"down": {"uv": [0, 0, 2, 2], "texture": "#2"}
			}
		},
		{
			"name": "1",
			"from": [7.95, 22.9, 8.25],
			"to": [8.05, 24.1, 9.75],
			"rotation": {"angle": 0, "axis": "x", "origin": [4, 4, 12]},
			"faces": {
				"north": {"uv": [0.5, 0, 0.9, 4.8], "texture": "#3"},
				"east": {"uv": [0, 0, 6, 4.8], "texture": "#3"},
				"south": {"uv": [0.5, 0, 0.9, 4.8], "texture": "#3"},
				"west": {"uv": [0, 0, 6, 4.8], "texture": "#3"},
				"up": {"uv": [0, 0, 0.4, 6], "texture": "#3"},
				"down": {"uv": [0, 0, 0.4, 6], "texture": "#3"}
			}
		},
		{
			"name": "2",
			"from": [7.7, 22.875, 7.7],
			"to": [8.3, 24.125, 8.3],
			"rotation": {"angle": 0, "axis": "x", "origin": [4, 4, 12]},
			"faces": {
				"north": {"uv": [0.5, 0, 2.9, 5], "texture": "#3"},
				"east": {"uv": [0, 0, 2.4, 5], "texture": "#3"},
				"south": {"uv": [0.5, 0, 2.9, 5], "texture": "#3"},
				"west": {"uv": [0, 0, 2.4, 5], "texture": "#3"},
				"up": {"uv": [0, 0, 2.4, 2.4], "texture": "#3"},
				"down": {"uv": [0, 0, 2.4, 2.4], "texture": "#3"}
			}
		},
		{
			"name": "2",
			"from": [7.95, 22.65, 9.75],
			"to": [8.05, 23.6, 11.25],
			"rotation": {"angle": 0, "axis": "x", "origin": [4, 4, 12]},
			"faces": {
				"north": {"uv": [0.5, 0, 0.9, 3.8], "texture": "#3"},
				"east": {"uv": [0, 0, 6, 3.8], "texture": "#3"},
				"south": {"uv": [0.5, 0, 0.9, 3.8], "texture": "#3"},
				"west": {"uv": [0, 0, 6, 3.8], "texture": "#3"},
				"up": {"uv": [0, 0, 0.4, 6], "texture": "#3"},
				"down": {"uv": [0, 0, 0.4, 6], "texture": "#3"}
			}
		},
		{
			"name": "3",
			"from": [7.95, 22.4, 11.25],
			"to": [8.05, 23.1, 12.75],
			"rotation": {"angle": 0, "axis": "x", "origin": [4, 4, 12]},
			"faces": {
				"north": {"uv": [0.5, 0, 0.9, 2.8], "texture": "#3"},
				"east": {"uv": [0, 0, 6, 2.8], "texture": "#3"},
				"south": {"uv": [0.5, 0, 0.9, 2.8], "texture": "#3"},
				"west": {"uv": [0, 0, 6, 2.8], "texture": "#3"},
				"up": {"uv": [0, 0, 0.4, 6], "texture": "#3"},
				"down": {"uv": [0, 0, 0.4, 6], "texture": "#3"}
			}
		},
		{
			"from": [5.75, 7.5, 23.5],
			"to": [10.25, 7.75, 24.75],
			"rotation": {"angle": 0, "axis": "x", "origin": [4, 4, 12]},
			"faces": {
				"north": {"uv": [0, 0, 16, 1], "texture": "#0"},
				"east": {"uv": [1.25, 1, 6.25, 2], "texture": "#0"},
				"south": {"uv": [0, 0, 16, 1], "texture": "#0"},
				"west": {"uv": [1.25, 1, 6.25, 2], "texture": "#0"},
				"up": {"uv": [0, 1, 16, 6], "texture": "#0"},
				"down": {"uv": [0, 1, 16, 6], "texture": "#0"}
			}
		},
		{
			"from": [5.25, 7.5, -7.5],
			"to": [10.75, 7.75, -6.25],
			"rotation": {"angle": 0, "axis": "x", "origin": [4, 4, 12]},
			"faces": {
				"north": {"uv": [0, 0, 16, 1], "texture": "#0"},
				"east": {"uv": [1.25, 1, 6.25, 2], "texture": "#0"},
				"south": {"uv": [0, 0, 16, 1], "texture": "#0"},
				"west": {"uv": [1.25, 1, 6.25, 2], "texture": "#0"},
				"up": {"uv": [0, 1, 16, 6], "texture": "#0"},
				"down": {"uv": [0, 1, 16, 6], "texture": "#0"}
			}
		},
		{
			"from": [5.25, 7, -3.75],
			"to": [6.75, 7.5, -2.5],
			"rotation": {"angle": 0, "axis": "x", "origin": [4, 4, 12]},
			"faces": {
				"north": {"uv": [0.25, 0, 6.25, 2], "texture": "#0"},
				"east": {"uv": [1.25, 1, 6.25, 3], "texture": "#0"},
				"south": {"uv": [0.25, 0, 6.25, 2], "texture": "#0"},
				"west": {"uv": [1.25, 1, 6.25, 3], "texture": "#0"},
				"up": {"uv": [1.5, 1, 7.5, 6], "texture": "#0"},
				"down": {"uv": [0, 1, 6, 6], "texture": "#0"}
			}
		},
		{
			"from": [9.25, 7, -3.75],
			"to": [10.75, 7.5, -2.5],
			"rotation": {"angle": 0, "axis": "x", "origin": [4, 4, 12]},
			"faces": {
				"north": {"uv": [0.25, 0, 6.25, 2], "texture": "#0"},
				"east": {"uv": [1.25, 1, 6.25, 3], "texture": "#0"},
				"south": {"uv": [0.25, 0, 6.25, 2], "texture": "#0"},
				"west": {"uv": [1.25, 1, 6.25, 3], "texture": "#0"},
				"up": {"uv": [1.5, 1, 7.5, 6], "texture": "#0"},
				"down": {"uv": [0, 1, 6, 6], "texture": "#0"}
			}
		},
		{
			"from": [5.25, 7, -0.75],
			"to": [6.75, 7.5, 0.5],
			"rotation": {"angle": 0, "axis": "x", "origin": [4, 4, 12]},
			"faces": {
				"north": {"uv": [0.25, 0, 6.25, 2], "texture": "#0"},
				"east": {"uv": [1.25, 1, 6.25, 3], "texture": "#0"},
				"south": {"uv": [0.25, 0, 6.25, 2], "texture": "#0"},
				"west": {"uv": [1.25, 1, 6.25, 3], "texture": "#0"},
				"up": {"uv": [1.5, 1, 7.5, 6], "texture": "#0"},
				"down": {"uv": [0, 1, 6, 6], "texture": "#0"}
			}
		},
		{
			"from": [9.25, 7, -0.75],
			"to": [10.75, 7.5, 0.5],
			"rotation": {"angle": 0, "axis": "x", "origin": [4, 4, 12]},
			"faces": {
				"north": {"uv": [0.25, 0, 6.25, 2], "texture": "#0"},
				"east": {"uv": [1.25, 1, 6.25, 3], "texture": "#0"},
				"south": {"uv": [0.25, 0, 6.25, 2], "texture": "#0"},
				"west": {"uv": [1.25, 1, 6.25, 3], "texture": "#0"},
				"up": {"uv": [1.5, 1, 7.5, 6], "texture": "#0"},
				"down": {"uv": [0, 1, 6, 6], "texture": "#0"}
			}
		},
		{
			"from": [5.25, 7, 2.25],
			"to": [6.75, 7.5, 3.5],
			"rotation": {"angle": 0, "axis": "x", "origin": [4, 4, 12]},
			"faces": {
				"north": {"uv": [0.25, 0, 6.25, 2], "texture": "#0"},
				"east": {"uv": [1.25, 1, 6.25, 3], "texture": "#0"},
				"south": {"uv": [0.25, 0, 6.25, 2], "texture": "#0"},
				"west": {"uv": [1.25, 1, 6.25, 3], "texture": "#0"},
				"up": {"uv": [1.5, 1, 7.5, 6], "texture": "#0"},
				"down": {"uv": [0, 1, 6, 6], "texture": "#0"}
			}
		},
		{
			"from": [9.25, 7, 2.25],
			"to": [10.75, 7.5, 3.5],
			"rotation": {"angle": 0, "axis": "x", "origin": [4, 4, 12]},
			"faces": {
				"north": {"uv": [0.25, 0, 6.25, 2], "texture": "#0"},
				"east": {"uv": [1.25, 1, 6.25, 3], "texture": "#0"},
				"south": {"uv": [0.25, 0, 6.25, 2], "texture": "#0"},
				"west": {"uv": [1.25, 1, 6.25, 3], "texture": "#0"},
				"up": {"uv": [1.5, 1, 7.5, 6], "texture": "#0"},
				"down": {"uv": [0, 1, 6, 6], "texture": "#0"}
			}
		},
		{
			"from": [5.25, 7, 12.5],
			"to": [6.75, 7.5, 13.75],
			"rotation": {"angle": 0, "axis": "x", "origin": [4, 4, 12]},
			"faces": {
				"north": {"uv": [0.25, 0, 6.25, 2], "texture": "#0"},
				"east": {"uv": [1.25, 1, 6.25, 3], "texture": "#0"},
				"south": {"uv": [0.25, 0, 6.25, 2], "texture": "#0"},
				"west": {"uv": [1.25, 1, 6.25, 3], "texture": "#0"},
				"up": {"uv": [1.5, 1, 7.5, 6], "texture": "#0"},
				"down": {"uv": [0, 1, 6, 6], "texture": "#0"}
			}
		},
		{
			"from": [9.25, 7, 12.5],
			"to": [10.75, 7.5, 13.75],
			"rotation": {"angle": 0, "axis": "x", "origin": [4, 4, 12]},
			"faces": {
				"north": {"uv": [0.25, 0, 6.25, 2], "texture": "#0"},
				"east": {"uv": [1.25, 1, 6.25, 3], "texture": "#0"},
				"south": {"uv": [0.25, 0, 6.25, 2], "texture": "#0"},
				"west": {"uv": [1.25, 1, 6.25, 3], "texture": "#0"},
				"up": {"uv": [1.5, 1, 7.5, 6], "texture": "#0"},
				"down": {"uv": [0, 1, 6, 6], "texture": "#0"}
			}
		},
		{
			"from": [5.25, 7, 15.5],
			"to": [6.75, 7.5, 16.75],
			"rotation": {"angle": 0, "axis": "x", "origin": [4, 4, 12]},
			"faces": {
				"north": {"uv": [0.25, 0, 6.25, 2], "texture": "#0"},
				"east": {"uv": [1.25, 1, 6.25, 3], "texture": "#0"},
				"south": {"uv": [0.25, 0, 6.25, 2], "texture": "#0"},
				"west": {"uv": [1.25, 1, 6.25, 3], "texture": "#0"},
				"up": {"uv": [1.5, 1, 7.5, 6], "texture": "#0"},
				"down": {"uv": [0, 1, 6, 6], "texture": "#0"}
			}
		},
		{
			"from": [9.25, 7, 15.5],
			"to": [10.75, 7.5, 16.75],
			"rotation": {"angle": 0, "axis": "x", "origin": [4, 4, 12]},
			"faces": {
				"north": {"uv": [0.25, 0, 6.25, 2], "texture": "#0"},
				"east": {"uv": [1.25, 1, 6.25, 3], "texture": "#0"},
				"south": {"uv": [0.25, 0, 6.25, 2], "texture": "#0"},
				"west": {"uv": [1.25, 1, 6.25, 3], "texture": "#0"},
				"up": {"uv": [1.5, 1, 7.5, 6], "texture": "#0"},
				"down": {"uv": [0, 1, 6, 6], "texture": "#0"}
			}
		},
		{
			"from": [5.25, 7, 18.5],
			"to": [6.75, 7.5, 19.75],
			"rotation": {"angle": 0, "axis": "x", "origin": [4, 4, 12]},
			"faces": {
				"north": {"uv": [0.25, 0, 6.25, 2], "texture": "#0"},
				"east": {"uv": [1.25, 1, 6.25, 3], "texture": "#0"},
				"south": {"uv": [0.25, 0, 6.25, 2], "texture": "#0"},
				"west": {"uv": [1.25, 1, 6.25, 3], "texture": "#0"},
				"up": {"uv": [1.5, 1, 7.5, 6], "texture": "#0"},
				"down": {"uv": [0, 1, 6, 6], "texture": "#0"}
			}
		},
		{
			"from": [9.25, 7, 18.5],
			"to": [10.75, 7.5, 19.75],
			"rotation": {"angle": 0, "axis": "x", "origin": [4, 4, 12]},
			"faces": {
				"north": {"uv": [0.25, 0, 6.25, 2], "texture": "#0"},
				"east": {"uv": [1.25, 1, 6.25, 3], "texture": "#0"},
				"south": {"uv": [0.25, 0, 6.25, 2], "texture": "#0"},
				"west": {"uv": [1.25, 1, 6.25, 3], "texture": "#0"},
				"up": {"uv": [1.5, 1, 7.5, 6], "texture": "#0"},
				"down": {"uv": [0, 1, 6, 6], "texture": "#0"}
			}
		}
	],
	"display": {
		"thirdperson_righthand": {
			"translation": [0, 1.5, 0],
			"scale": [0.2, 0.2, 0.2]
		},
		"thirdperson_lefthand": {
			"translation": [0, 1.5, 0],
			"scale": [0.2, 0.2, 0.2]
		},
		"firstperson_righthand": {
			"translation": [0, 1.5, 0],
			"scale": [0.2, 0.2, 0.2]
		},
		"firstperson_lefthand": {
			"translation": [0, 1.5, 0],
			"scale": [0.2, 0.2, 0.2]
		},
		"ground": {
			"translation": [0, 1.5, 0],
			"scale": [0.2, 0.2, 0.2]
		},
		"gui": {
			"rotation": [30, 150, 0],
			"translation": [0.75, -2, 0],
			"scale": [0.5, 0.5, 0.5]
		},
		"head": {
			"translation": [0, 1.5, 0],
			"scale": [0.2, 0.2, 0.2]
		},
		"fixed": {
			"rotation": [-90, -90, 0],
			"translation": [0, 0, -6]
		}
	},
	"groups": [
		{
			"name": "Skeid",
			"origin": [8, 8, 8],
			"color": 0,
			"children": [
				{
					"name": "Hull",
					"origin": [8, 8, 8],
					"color": 0,
					"children": [
						{
							"name": "Right",
							"origin": [8, 8, 8],
							"color": 0,
							"children": [
								{
									"name": "0",
									"origin": [0, 0, 0],
									"color": 0,
									"children": [
										{
											"name": "Front",
											"origin": [0, 0, 0],
											"color": 0,
											"children": [0, 1, 2, 3, 4, 5, 6]
										},
										{
											"name": "Back",
											"origin": [0, 0, 0],
											"color": 0,
											"children": [7, 8, 9, 10, 11, 12, 13]
										},
										{
											"name": "Mid",
											"origin": [0, 0, 0],
											"color": 0,
											"children": [14]
										}
									]
								},
								{
									"name": "0",
									"origin": [0, 0, 0],
									"color": 0,
									"children": [
										{
											"name": "Front",
											"origin": [0, 0, 0],
											"color": 0,
											"children": [15, 16, 17, 18, 19, 20]
										},
										{
											"name": "Back",
											"origin": [0, 0, 0],
											"color": 0,
											"children": [21, 22, 23, 24, 25, 26]
										},
										{
											"name": "Mid",
											"origin": [0, 0, 0],
											"color": 0,
											"children": [27]
										}
									]
								},
								{
									"name": "0",
									"origin": [0, 0, 0],
									"color": 0,
									"children": [
										{
											"name": "Front",
											"origin": [0, 0, 0],
											"color": 0,
											"children": [28, 29, 30, 31]
										},
										{
											"name": "Back",
											"origin": [0, 0, 0],
											"color": 0,
											"children": [32, 33, 34, 35]
										},
										{
											"name": "Mid",
											"origin": [0, 0, 0],
											"color": 0,
											"children": [36]
										}
									]
								},
								{
									"name": "0",
									"origin": [0, 0, 0],
									"color": 0,
									"children": [
										{
											"name": "Front",
											"origin": [0, 0, 0],
											"color": 0,
											"children": [37, 38, 39]
										},
										{
											"name": "Back",
											"origin": [0, 0, 0],
											"color": 0,
											"children": [40, 41, 42]
										},
										{
											"name": "Mid",
											"origin": [0, 0, 0],
											"color": 0,
											"children": [43]
										}
									]
								},
								{
									"name": "0",
									"origin": [0, 0, 0],
									"color": 0,
									"children": [
										{
											"name": "Front",
											"origin": [0, 0, 0],
											"color": 0,
											"children": [44, 45]
										},
										{
											"name": "Back",
											"origin": [0, 0, 0],
											"color": 0,
											"children": [46, 47]
										},
										{
											"name": "Mid",
											"origin": [0, 0, 0],
											"color": 0,
											"children": [48]
										}
									]
								},
								{
									"name": "0",
									"origin": [0, 0, 0],
									"color": 0,
									"children": [
										{
											"name": "Front",
											"origin": [0, 0, 0],
											"color": 0,
											"children": [49]
										},
										{
											"name": "Back",
											"origin": [0, 0, 0],
											"color": 0,
											"children": [50]
										},
										{
											"name": "Mid",
											"origin": [0, 0, 0],
											"color": 0,
											"children": [51]
										}
									]
								}
							]
						},
						{
							"name": "Left",
							"origin": [8, 8, 8],
							"color": 0,
							"children": [
								{
									"name": "0",
									"origin": [0, 0, 0],
									"color": 0,
									"children": [
										{
											"name": "Front",
											"origin": [0, 0, 0],
											"color": 0,
											"children": [52, 53, 54, 55, 56, 57, 58]
										},
										{
											"name": "Back",
											"origin": [0, 0, 0],
											"color": 0,
											"children": [59, 60, 61, 62, 63, 64, 65]
										},
										{
											"name": "Mid",
											"origin": [0, 0, 0],
											"color": 0,
											"children": [66]
										}
									]
								},
								{
									"name": "0",
									"origin": [0, 0, 0],
									"color": 0,
									"children": [
										{
											"name": "Front",
											"origin": [0, 0, 0],
											"color": 0,
											"children": [67, 68, 69, 70, 71, 72]
										},
										{
											"name": "Back",
											"origin": [0, 0, 0],
											"color": 0,
											"children": [73, 74, 75, 76, 77, 78]
										},
										{
											"name": "Mid",
											"origin": [0, 0, 0],
											"color": 0,
											"children": [79]
										}
									]
								},
								{
									"name": "0",
									"origin": [0, 0, 0],
									"color": 0,
									"children": [
										{
											"name": "Front",
											"origin": [0, 0, 0],
											"color": 0,
											"children": [80, 81, 82, 83]
										},
										{
											"name": "Back",
											"origin": [0, 0, 0],
											"color": 0,
											"children": [84, 85, 86, 87]
										},
										{
											"name": "Mid",
											"origin": [0, 0, 0],
											"color": 0,
											"children": [88]
										}
									]
								},
								{
									"name": "0",
									"origin": [0, 0, 0],
									"color": 0,
									"children": [
										{
											"name": "Front",
											"origin": [0, 0, 0],
											"color": 0,
											"children": [89, 90, 91]
										},
										{
											"name": "Back",
											"origin": [0, 0, 0],
											"color": 0,
											"children": [92, 93, 94]
										},
										{
											"name": "Mid",
											"origin": [0, 0, 0],
											"color": 0,
											"children": [95]
										}
									]
								},
								{
									"name": "0",
									"origin": [0, 0, 0],
									"color": 0,
									"children": [
										{
											"name": "Front",
											"origin": [0, 0, 0],
											"color": 0,
											"children": [96, 97]
										},
										{
											"name": "Back",
											"origin": [0, 0, 0],
											"color": 0,
											"children": [98, 99]
										},
										{
											"name": "Mid",
											"origin": [0, 0, 0],
											"color": 0,
											"children": [100]
										}
									]
								},
								{
									"name": "0",
									"origin": [0, 0, 0],
									"color": 0,
									"children": [
										{
											"name": "Front",
											"origin": [0, 0, 0],
											"color": 0,
											"children": [101]
										},
										{
											"name": "Back",
											"origin": [0, 0, 0],
											"color": 0,
											"children": [102]
										},
										{
											"name": "Mid",
											"origin": [0, 0, 0],
											"color": 0,
											"children": [103]
										}
									]
								}
							]
						},
						{
							"name": "0",
							"origin": [0, 0, 0],
							"color": 0,
							"children": [
								{
									"name": "Front",
									"origin": [0, 0, 0],
									"color": 0,
									"children": [104, 105, 106, 107, 108, 109, 110]
								},
								{
									"name": "Back",
									"origin": [0, 0, 0],
									"color": 0,
									"children": [111, 112, 113, 114, 115, 116, 117]
								},
								{
									"name": "Mid",
									"origin": [0, 0, 0],
									"color": 0,
									"children": [118]
								}
							]
						}
					]
				},
				{
					"name": "Floor",
					"origin": [0, 0, 16],
					"color": 0,
					"children": [119, 120, 121, 122, 123, 124, 125, 126, 127, 128, 129]
				},
				{
					"name": "Mast",
					"origin": [8, 8, 8],
					"color": 0,
					"children": [130]
				},
				{
					"name": "Flag",
					"origin": [0, 0, 16],
					"color": 0,
					"children": [131, 132, 133, 134]
				},
				{
					"name": "Seats",
					"origin": [8, 8, 8],
					"color": 0,
					"children": [
						135,
						136,
						{
							"name": "group",
							"origin": [4, 4, 12],
							"color": 0,
							"children": [137, 138, 139, 140, 141, 142, 143, 144, 145, 146, 147, 148]
						}
					]
				}
			]
		}
	]
}