{
	"format_version": "1.21.6",
	"credit": "Made with Blockbench",
	"texture_size": [8, 8],
	"textures": {
		"2": "block/oak_log",
		"3": "block/white_wool",
		"particle": "block/oak_planks"
	},
	"elements": [
		{
			"name": "A",
			"from": [-4.75, 21.5, 7.25],
			"to": [20.75, 22, 7.75],
			"rotation": {"angle": 0, "axis": "x", "origin": [4, 4, 12]},
			"faces": {
				"north": {"uv": [0, 0, 16, 1], "texture": "#2"},
				"east": {"uv": [0, 0, 1, 1], "texture": "#2"},
				"south": {"uv": [0, 0, 16, 1], "texture": "#2"},
				"west": {"uv": [0, 0, 1, 1], "texture": "#2"},
				"up": {"uv": [0, 0, 16, 1], "texture": "#2"},
				"down": {"uv": [0, 0, 16, 1], "texture": "#2"}
			}
		},
		{
			"name": "1",
			"from": [-4.75, 21.25, 7],
			"to": [20.75, 21.75, 7.25],
			"rotation": {"angle": 0, "axis": "x", "origin": [4, 4, 12]},
			"faces": {
				"north": {"uv": [0, 0, 16, 1], "texture": "#3"},
				"east": {"uv": [0, 0, 0.5, 1], "texture": "#3"},
				"south": {"uv": [0, 0, 16, 1], "texture": "#3"},
				"west": {"uv": [0, 0, 0.5, 1], "texture": "#3"},
				"up": {"uv": [0, 0, 16, 0.5], "texture": "#3"},
				"down": {"uv": [0, 0, 16, 0.5], "texture": "#3"}
			}
		},
		{
			"name": "2",
			"from": [-4.75, 21, 6.75],
			"to": [20.75, 21.5, 7],
			"rotation": {"angle": 0, "axis": "x", "origin": [4, 4, 12]},
			"faces": {
				"north": {"uv": [0, 0, 16, 1], "texture": "#3"},
				"east": {"uv": [0, 0, 0.5, 1], "texture": "#3"},
				"south": {"uv": [0, 0, 16, 1], "texture": "#3"},
				"west": {"uv": [0, 0, 0.5, 1], "texture": "#3"},
				"up": {"uv": [0, 0, 16, 0.5], "texture": "#3"},
				"down": {"uv": [0, 0, 16, 0.5], "texture": "#3"}
			}
		},
		{
			"name": "3",
			"from": [-4.75, 20.25, 6.5],
			"to": [20.75, 21.25, 6.75],
			"rotation": {"angle": 0, "axis": "x", "origin": [4, 4, 12]},
			"faces": {
				"north": {"uv": [0, 0, 16, 2], "texture": "#3"},
				"east": {"uv": [0, 0, 0.5, 2], "texture": "#3"},
				"south": {"uv": [0, 0, 16, 2], "texture": "#3"},
				"west": {"uv": [0, 0, 0.5, 2], "texture": "#3"},
				"up": {"uv": [0, 0, 16, 0.5], "texture": "#3"},
				"down": {"uv": [0, 0, 16, 0.5], "texture": "#3"}
			}
		},
		{
			"name": "4",
			"from": [-4.75, 19.75, 6.25],
			"to": [20.75, 20.75, 6.5],
			"rotation": {"angle": 0, "axis": "x", "origin": [4, 4, 12]},
			"faces": {
				"north": {"uv": [0, 0, 16, 2], "texture": "#3"},
				"east": {"uv": [0, 0, 0.5, 2], "texture": "#3"},
				"south": {"uv": [0, 0, 16, 2], "texture": "#3"},
				"west": {"uv": [0, 0, 0.5, 2], "texture": "#3"},
				"up": {"uv": [0, 0, 16, 0.5], "texture": "#3"},
				"down": {"uv": [0, 0, 16, 0.5], "texture": "#3"}
			}
		},
		{
			"name": "5",
			"from": [-4.75, 16.75, 6],
			"to": [20.75, 17.75, 6.25],
			"rotation": {"angle": 0, "axis": "x", "origin": [4, 4, 12]},
			"faces": {
				"north": {"uv": [0, 0, 16, 2], "texture": "#3"},
				"east": {"uv": [0, 0, 0.5, 2], "texture": "#3"},
				"south": {"uv": [0, 0, 16, 2], "texture": "#3"},
				"west": {"uv": [0, 0, 0.5, 2], "texture": "#3"},
				"up": {"uv": [0, 0, 16, 0.5], "texture": "#3"},
				"down": {"uv": [0, 0, 16, 0.5], "texture": "#3"}
			}
		},
		{
			"name": "6",
			"from": [-4.75, 17.25, 5.75],
			"to": [20.75, 19.75, 6],
			"rotation": {"angle": 0, "axis": "x", "origin": [4, 4, 12]},
			"faces": {
				"north": {"uv": [0, 0, 16, 5], "texture": "#3"},
				"east": {"uv": [0, 0, 0.5, 5], "texture": "#3"},
				"south": {"uv": [0, 0, 16, 5], "texture": "#3"},
				"west": {"uv": [0, 0, 0.5, 5], "texture": "#3"},
				"up": {"uv": [0, 0, 16, 0.5], "texture": "#3"},
				"down": {"uv": [0, 0, 16, 0.5], "texture": "#3"}
			}
		},
		{
			"name": "7",
			"from": [-4.75, 19.25, 6],
			"to": [20.75, 20.25, 6.25],
			"rotation": {"angle": 0, "axis": "x", "origin": [4, 4, 12]},
			"faces": {
				"north": {"uv": [0, 0, 16, 2], "texture": "#3"},
				"east": {"uv": [0, 0, 0.5, 2], "texture": "#3"},
				"south": {"uv": [0, 0, 16, 2], "texture": "#3"},
				"west": {"uv": [0, 0, 0.5, 2], "texture": "#3"},
				"up": {"uv": [0, 0, 16, 0.5], "texture": "#3"},
				"down": {"uv": [0, 0, 16, 0.5], "texture": "#3"}
			}
		},
		{
			"name": "8",
			"from": [-4.75, 16.25, 6.25],
			"to": [20.75, 17.25, 6.5],
			"rotation": {"angle": 0, "axis": "x", "origin": [4, 4, 12]},
			"faces": {
				"north": {"uv": [0, 0, 16, 2], "texture": "#3"},
				"east": {"uv": [0, 0, 0.5, 2], "texture": "#3"},
				"south": {"uv": [0, 0, 16, 2], "texture": "#3"},
				"west": {"uv": [0, 0, 0.5, 2], "texture": "#3"},
				"up": {"uv": [0, 0, 16, 0.5], "texture": "#3"},
				"down": {"uv": [0, 0, 16, 0.5], "texture": "#3"}
			}
		},
		{
			"name": "9",
			"from": [-4.25, 15.75, 6.5],
			"to": [20.25, 16.75, 6.75],
			"rotation": {"angle": 0, "axis": "x", "origin": [4, 4, 12]},
			"faces": {
				"north": {"uv": [0, 0, 16, 2], "texture": "#3"},
				"east": {"uv": [0, 0, 0.5, 2], "texture": "#3"},
				"south": {"uv": [0, 0, 16, 2], "texture": "#3"},
				"west": {"uv": [0, 0, 0.5, 2], "texture": "#3"},
				"up": {"uv": [0, 0, 16, 0.5], "texture": "#3"},
				"down": {"uv": [0, 0, 16, 0.5], "texture": "#3"}
			}
		},
		{
			"name": "10",
			"from": [-3.75, 15.5, 6.75],
			"to": [19.75, 16, 7],
			"rotation": {"angle": 0, "axis": "x", "origin": [4, 4, 12]},
			"faces": {
				"north": {"uv": [0, 0, 16, 1], "texture": "#3"},
				"east": {"uv": [0, 0, 0.5, 1], "texture": "#3"},
				"south": {"uv": [0, 0, 16, 1], "texture": "#3"},
				"west": {"uv": [0, 0, 0.5, 1], "texture": "#3"},
				"up": {"uv": [0, 0, 16, 0.5], "texture": "#3"},
				"down": {"uv": [0, 0, 16, 0.5], "texture": "#3"}
			}
		},
		{
			"name": "11",
			"from": [-2.75, 15.25, 7],
			"to": [18.75, 15.75, 7.25],
			"rotation": {"angle": 0, "axis": "x", "origin": [4, 4, 12]},
			"faces": {
				"north": {"uv": [0, 0, 16, 1], "texture": "#3"},
				"east": {"uv": [0, 0, 0.5, 1], "texture": "#3"},
				"south": {"uv": [0, 0, 16, 1], "texture": "#3"},
				"west": {"uv": [0, 0, 0.5, 1], "texture": "#3"},
				"up": {"uv": [0, 0, 16, 0.5], "texture": "#3"},
				"down": {"uv": [0, 0, 16, 0.5], "texture": "#3"}
			}
		}
	],
	"display": {
		"thirdperson_righthand": {
			"translation": [0, 1.5, 0],
			"scale": [0.2, 0.2, 0.2]
		},
		"thirdperson_lefthand": {
			"translation": [0, 1.5, 0],
			"scale": [0.2, 0.2, 0.2]
		},
		"firstperson_righthand": {
			"translation": [0, 1.5, 0],
			"scale": [0.2, 0.2, 0.2]
		},
		"firstperson_lefthand": {
			"translation": [0, 1.5, 0],
			"scale": [0.2, 0.2, 0.2]
		},
		"ground": {
			"translation": [0, 1.5, 0],
			"scale": [0.2, 0.2, 0.2]
		},
		"gui": {
			"rotation": [30, 150, 0],
			"translation": [0.75, -2, 0],
			"scale": [0.5, 0.5, 0.5]
		},
		"head": {
			"translation": [0, 1.5, 0],
			"scale": [0.2, 0.2, 0.2]
		},
		"fixed": {
			"rotation": [-90, -90, 0],
			"translation": [0, 0, -6]
		}
	},
	"groups": [
		{
			"name": "Knarr",
			"origin": [8, 8, 8],
			"color": 0,
			"children": [
				{
					"name": "Sail",
					"origin": [8, 8, 8],
					"color": 0,
					"children": [0, 1, 2, 3, 4, 5, 6, 7, 8, 9, 10, 11]
				}
			]
		}
	]
}