{
	"credit": "Made with Blockbench",
	"textures": {
		"0": "block/oak_planks"
	},
	"elements": [
		{
			"name": "leg",
			"from": [13, 0, 13],
			"to": [16, 13, 16],
			"rotation": {"angle": 0, "axis": "y", "origin": [8, 9.75, 8]},
			"faces": {
				"north": {"uv": [3, 3, 6, 16], "texture": "#0"},
				"east": {"uv": [0, 3, 3, 16], "texture": "#0"},
				"south": {"uv": [13, 3, 16, 16], "texture": "#0"},
				"west": {"uv": [10, 3, 13, 16], "texture": "#0"},
				"down": {"uv": [0, 12, 3, 15], "texture": "#0"}
			}
		},
		{
			"name": "leg",
			"from": [0, 0, 0],
			"to": [3, 13, 3],
			"rotation": {"angle": 0, "axis": "y", "origin": [8, 9.75, 8]},
			"faces": {
				"north": {"uv": [13, 3, 16, 16], "texture": "#0"},
				"east": {"uv": [10, 3, 13, 16], "texture": "#0"},
				"south": {"uv": [3, 3, 6, 16], "texture": "#0"},
				"west": {"uv": [0, 3, 3, 16], "texture": "#0"},
				"down": {"uv": [13, 0, 16, 3], "texture": "#0"}
			}
		},
		{
			"name": "leg",
			"from": [0, 0, 13],
			"to": [3, 13, 16],
			"rotation": {"angle": 0, "axis": "y", "origin": [8, 9.75, 8]},
			"faces": {
				"north": {"uv": [10, 3, 13, 16], "texture": "#0"},
				"east": {"uv": [3, 3, 6, 16], "texture": "#0"},
				"south": {"uv": [0, 3, 3, 16], "texture": "#0"},
				"west": {"uv": [13, 3, 16, 16], "texture": "#0"},
				"down": {"uv": [13, 12, 16, 15], "texture": "#0"}
			}
		},
		{
			"name": "leg",
			"from": [13, 0, 0],
			"to": [16, 13, 3],
			"rotation": {"angle": 0, "axis": "y", "origin": [8, 9.75, 8]},
			"faces": {
				"north": {"uv": [0, 3, 3, 16], "texture": "#0"},
				"east": {"uv": [13, 3, 16, 16], "texture": "#0"},
				"south": {"uv": [10, 3, 13, 16], "texture": "#0"},
				"west": {"uv": [3, 3, 6, 16], "texture": "#0"},
				"down": {"uv": [0, 0, 3, 3], "texture": "#0"}
			}
		},
		{
			"name": "Under",
			"from": [14, 12, 3],
			"to": [15, 13, 13],
			"rotation": {"angle": 0, "axis": "y", "origin": [8, 9.75, 8]},
			"faces": {
				"east": {"uv": [3, 3, 13, 4], "texture": "#0"},
				"west": {"uv": [3, 3, 13, 4], "texture": "#0"},
				"down": {"uv": [3, 7, 13, 8], "rotation": 90, "texture": "#0"}
			}
		},
		{
			"name": "Under",
			"from": [1, 12, 3],
			"to": [2, 13, 13],
			"rotation": {"angle": 0, "axis": "y", "origin": [8, 9.75, 8]},
			"faces": {
				"east": {"uv": [3, 3, 13, 4], "texture": "#0"},
				"west": {"uv": [3, 3, 13, 4], "texture": "#0"},
				"down": {"uv": [3, 7, 13, 8], "rotation": 270, "texture": "#0"}
			}
		},
		{
			"name": "Under",
			"from": [3, 12, 1],
			"to": [13, 13, 2],
			"rotation": {"angle": 0, "axis": "y", "origin": [8, 9.75, 8]},
			"faces": {
				"north": {"uv": [3, 3, 13, 4], "texture": "#0"},
				"south": {"uv": [3, 3, 13, 4], "texture": "#0"},
				"down": {"uv": [3, 7, 13, 8], "texture": "#0"}
			}
		},
		{
			"name": "Under",
			"from": [3, 12, 14],
			"to": [13, 13, 15],
			"rotation": {"angle": 0, "axis": "y", "origin": [8, 9.75, 8]},
			"faces": {
				"north": {"uv": [3, 3, 13, 4], "texture": "#0"},
				"south": {"uv": [3, 3, 13, 4], "texture": "#0"},
				"down": {"uv": [3, 15, 13, 16], "rotation": 180, "texture": "#0"}
			}
		}
	],
	"display": {
		"gui": {
            "rotation": [ 30, 45, 0 ],
            "translation": [ 0, 0, 0],
            "scale":[ 0.625, 0.625, 0.625 ]
        },
        "ground": {
            "rotation": [ 0, 0, 0 ],
            "translation": [ 0, 3, 0],
            "scale":[ 0.25, 0.25, 0.25 ]
        },
		"thirdperson_righthand": {
            "rotation": [ 75, 315, 0 ],
            "translation": [ 0, 2.5, 0],
            "scale": [ 0.375, 0.375, 0.375 ]
        },
        "firstperson_righthand": {
            "rotation": [ 0, 315, 0 ],
            "translation": [ 0, 0, 0],
            "scale": [ 0.4, 0.4, 0.4 ]
        }
	}
}