{
	"credit": "Made with Blockbench",
	"textures": {
		"0": "block/oak_planks",
		"1": "block/quartz_pillar_top",
		"particle": "block/quartz_pillar_top"
	},
	"elements": [
		{
			"name": "Seat",
			"from": [3, 8, 3],
			"to": [13, 10, 13],
			"rotation": {"angle": 0, "axis": "y", "origin": [8, 7, 8]},
			"faces": {
				"up": {"uv": [3, 3, 13, 13], "texture": "#1"},
				"down": {"uv": [3, 2, 13, 12], "texture": "#1"}
			}
		},
		{
			"name": "Seat",
			"from": [3, 8, 2],
			"to": [13, 10, 3],
			"rotation": {"angle": 0, "axis": "y", "origin": [8, 7, 8]},
			"faces": {
				"north": {"uv": [4, 10, 14, 12], "texture": "#0"},
				"up": {"uv": [1, 8, 11, 9], "texture": "#0"},
				"down": {"uv": [1, 9, 11, 10], "texture": "#0"}
			}
		},
		{
			"name": "Seat",
			"from": [3, 8, 13],
			"to": [13, 10, 14],
			"rotation": {"angle": 0, "axis": "y", "origin": [8, 7, 8]},
			"faces": {
				"south": {"uv": [6, 8, 16, 10], "texture": "#0"},
				"up": {"uv": [6, 10, 16, 11], "rotation": 180, "texture": "#0"},
				"down": {"uv": [6, 9, 16, 10], "rotation": 180, "texture": "#0"}
			}
		},
		{
			"name": "Seat",
			"from": [13, 8, 2],
			"to": [14, 10, 14],
			"rotation": {"angle": 0, "axis": "y", "origin": [8, 7, 8]},
			"faces": {
				"north": {"uv": [13, 3, 14, 5], "texture": "#0"},
				"east": {"uv": [1, 3, 13, 5], "texture": "#0"},
				"south": {"uv": [2, 4, 3, 6], "texture": "#0"},
				"up": {"uv": [1, 7, 13, 8], "rotation": 90, "texture": "#0"},
				"down": {"uv": [1, 8, 13, 9], "rotation": 90, "texture": "#0"}
			}
		},
		{
			"name": "Seat",
			"from": [2, 8, 2],
			"to": [3, 10, 14],
			"rotation": {"angle": 0, "axis": "y", "origin": [8, 7, 8]},
			"faces": {
				"north": {"uv": [11, 11, 12, 13], "texture": "#0"},
				"south": {"uv": [2, 4, 3, 6], "texture": "#0"},
				"west": {"uv": [1, 11, 13, 13], "texture": "#0"},
				"up": {"uv": [1, 7, 13, 8], "rotation": 90, "texture": "#0"},
				"down": {"uv": [1, 8, 13, 9], "rotation": 90, "texture": "#0"}
			}
		},
		{
			"name": "Leg2N",
			"from": [2, 0, 2],
			"to": [4, 8, 4],
			"rotation": {"angle": 0, "axis": "y", "origin": [8, 0, 8]},
			"faces": {
				"north": {"uv": [0, 1, 8, 3], "rotation": 90, "texture": "#0"},
				"east": {"uv": [6, 9, 14, 11], "rotation": 90, "texture": "#0"},
				"south": {"uv": [6, 8, 14, 10], "rotation": 90, "texture": "#0"},
				"west": {"uv": [0, 0, 8, 2], "rotation": 90, "texture": "#0"},
				"down": {"uv": [10, 4, 12, 6], "texture": "#0"}
			}
		},
		{
			"name": "Leg2N",
			"from": [2, 0, 12],
			"to": [4, 8, 14],
			"rotation": {"angle": 0, "axis": "y", "origin": [8, 0, 8]},
			"faces": {
				"north": {"uv": [6, 9, 14, 11], "rotation": 90, "texture": "#0"},
				"east": {"uv": [6, 8, 14, 10], "rotation": 90, "texture": "#0"},
				"south": {"uv": [8, 0, 16, 2], "rotation": 90, "texture": "#0"},
				"west": {"uv": [8, 1, 16, 3], "rotation": 90, "texture": "#0"},
				"down": {"uv": [10, 4, 12, 6], "rotation": 90, "texture": "#0"}
			}
		},
		{
			"name": "Leg2N",
			"from": [12, 0, 12],
			"to": [14, 8, 14],
			"rotation": {"angle": 0, "axis": "y", "origin": [8, 0, 8]},
			"faces": {
				"north": {"uv": [6, 8, 14, 10], "rotation": 90, "texture": "#0"},
				"east": {"uv": [0, 0, 8, 2], "rotation": 90, "texture": "#0"},
				"south": {"uv": [0, 1, 8, 3], "rotation": 90, "texture": "#0"},
				"west": {"uv": [6, 9, 14, 11], "rotation": 90, "texture": "#0"},
				"down": {"uv": [10, 4, 12, 6], "rotation": 180, "texture": "#0"}
			}
		},
		{
			"name": "Leg2N",
			"from": [12, 0, 2],
			"to": [14, 8, 4],
			"rotation": {"angle": 0, "axis": "y", "origin": [8, 0, 8]},
			"faces": {
				"north": {"uv": [8, 0, 16, 2], "rotation": 90, "texture": "#0"},
				"east": {"uv": [8, 1, 16, 3], "rotation": 90, "texture": "#0"},
				"south": {"uv": [6, 9, 14, 11], "rotation": 90, "texture": "#0"},
				"west": {"uv": [6, 8, 14, 10], "rotation": 90, "texture": "#0"},
				"down": {"uv": [10, 4, 12, 6], "rotation": 270, "texture": "#0"}
			}
		},
		{
			"name": "Back2N",
			"from": [12, 10, 12],
			"to": [14, 21, 14],
			"rotation": {"angle": 0, "axis": "y", "origin": [8, 24.5, 13]},
			"faces": {
				"north": {"uv": [1, 3, 12, 5], "rotation": 90, "texture": "#0"},
				"east": {"uv": [1, 4, 12, 6], "rotation": 90, "texture": "#0"},
				"south": {"uv": [1, 5, 12, 7], "rotation": 90, "texture": "#0"},
				"west": {"uv": [1, 2, 12, 4], "rotation": 90, "texture": "#0"},
				"up": {"uv": [4, 8, 6, 10], "texture": "#0"}
			}
		},
		{
			"name": "Back2N",
			"from": [12, 21, 12],
			"to": [14, 22, 14],
			"rotation": {"angle": 0, "axis": "y", "origin": [8, 24.5, 13]},
			"faces": {
				"north": {"uv": [12, 7, 14, 8], "texture": "#0"},
				"east": {"uv": [3, 7, 5, 8], "texture": "#0"},
				"south": {"uv": [6, 7, 8, 8], "texture": "#0"},
				"west": {"uv": [9, 7, 11, 8], "texture": "#0"},
				"up": {"uv": [7, 14, 9, 16], "texture": "#0"}
			}
		},
		{
			"name": "Back2N",
			"from": [2, 21, 12],
			"to": [4, 22, 14],
			"rotation": {"angle": 0, "axis": "y", "origin": [8, 24.5, 13]},
			"faces": {
				"north": {"uv": [1, 7, 3, 8], "texture": "#0"},
				"east": {"uv": [8, 7, 10, 8], "texture": "#0"},
				"south": {"uv": [12, 7, 14, 8], "texture": "#0"},
				"west": {"uv": [4, 7, 6, 8], "texture": "#0"},
				"up": {"uv": [6, 14, 8, 16], "texture": "#0"}
			}
		},
		{
			"name": "Back2N",
			"from": [2, 10, 12],
			"to": [4, 21, 14],
			"rotation": {"angle": 0, "axis": "y", "origin": [8, 24.5, 13]},
			"faces": {
				"north": {"uv": [0, 6, 11, 8], "rotation": 90, "texture": "#0"},
				"east": {"uv": [0, 3, 11, 5], "rotation": 90, "texture": "#0"},
				"south": {"uv": [0, 4, 11, 6], "rotation": 90, "texture": "#0"},
				"west": {"uv": [0, 5, 11, 7], "rotation": 90, "texture": "#0"},
				"up": {"uv": [4, 8, 6, 10], "rotation": 180, "texture": "#0"}
			}
		},
		{
			"name": "Back",
			"from": [4, 12, 12],
			"to": [12, 14, 14],
			"rotation": {"angle": 0, "axis": "y", "origin": [12, 20.5, 21]},
			"faces": {
				"north": {"uv": [8, 3, 16, 5], "texture": "#0"},
				"south": {"uv": [3, 9, 11, 11], "texture": "#0"},
				"up": {"uv": [2, 2, 10, 4], "rotation": 180, "texture": "#0"},
				"down": {"uv": [7, 9, 15, 11], "texture": "#0"}
			}
		},
		{
			"name": "BackB0",
			"from": [4, 22, 12],
			"to": [12, 23, 14],
			"rotation": {"angle": 0, "axis": "y", "origin": [12, 29.5, 21]},
			"faces": {
				"north": {"uv": [4, 3, 12, 4], "texture": "#0"},
				"east": {"uv": [9, 10, 11, 11], "texture": "#0"},
				"south": {"uv": [5, 10, 13, 11], "texture": "#0"},
				"west": {"uv": [5, 6, 7, 7], "texture": "#0"},
				"up": {"uv": [3, 11, 11, 13], "texture": "#0"},
				"down": {"uv": [5, 9, 13, 11], "texture": "#0"}
			}
		},
		{
			"name": "BackB1",
			"from": [4, 14, 12.5],
			"to": [12, 22, 13.5],
			"rotation": {"angle": 0, "axis": "y", "origin": [19, 20, 20.5]},
			"faces": {
				"north": {"uv": [4, 4, 12, 12], "texture": "#1"},
				"south": {"uv": [3, 3, 11, 11], "texture": "#1"}
			}
		},
		{
			"name": "Arm1",
			"from": [2, 10, 4],
			"to": [3, 13, 5],
			"rotation": {"angle": 0, "axis": "y", "origin": [-2.5, 24.5, 9.5]},
			"faces": {
				"north": {"uv": [6, 4, 7, 7], "texture": "#0"},
				"east": {"uv": [8, 4, 9, 7], "texture": "#0"},
				"south": {"uv": [3, 4, 4, 7], "texture": "#0"},
				"west": {"uv": [6, 4, 7, 7], "texture": "#0"},
				"down": {"uv": [7, 3, 8, 4], "texture": "#0"}
			}
		},
		{
			"name": "Arm3",
			"from": [2, 14, 3],
			"to": [4, 15, 5],
			"rotation": {"angle": 0, "axis": "y", "origin": [2.5, 14, -2.5]},
			"faces": {
				"north": {"uv": [5, 3, 7, 4], "texture": "#0"},
				"east": {"uv": [2, 3, 3, 5], "rotation": 90, "texture": "#0"},
				"south": {"uv": [3, 4, 5, 5], "texture": "#0"},
				"west": {"uv": [7, 6, 8, 8], "rotation": 90, "texture": "#0"},
				"up": {"uv": [0, 3, 2, 5], "texture": "#0"}
			}
		},
		{
			"name": "Arm1",
			"from": [13, 10, 4],
			"to": [14, 13, 5],
			"rotation": {"angle": 0, "axis": "y", "origin": [8.5, 24.5, 9.5]},
			"faces": {
				"north": {"uv": [6, 4, 7, 7], "texture": "#0"},
				"east": {"uv": [8, 4, 9, 7], "texture": "#0"},
				"south": {"uv": [3, 4, 4, 7], "texture": "#0"},
				"west": {"uv": [6, 4, 7, 7], "texture": "#0"},
				"down": {"uv": [7, 3, 8, 4], "texture": "#0"}
			}
		},
		{
			"name": "Arm2",
			"from": [12, 13, 3],
			"to": [14, 14, 12],
			"rotation": {"angle": 0, "axis": "y", "origin": [8, 0, 8]},
			"faces": {
				"north": {"uv": [7, 6, 8, 8], "rotation": 90, "texture": "#0"},
				"east": {"uv": [7, 9, 16, 10], "texture": "#0"},
				"west": {"uv": [2, 13, 11, 14], "texture": "#0"},
				"up": {"uv": [7, 9, 16, 11], "rotation": 90, "texture": "#0"},
				"down": {"uv": [3, 4, 12, 6], "rotation": 90, "texture": "#0"}
			}
		},
		{
			"name": "Arm3",
			"from": [2, 13, 3],
			"to": [4, 14, 12],
			"rotation": {"angle": 0, "axis": "y", "origin": [8, 0, 8]},
			"faces": {
				"north": {"uv": [11, 11, 12, 13], "rotation": 90, "texture": "#0"},
				"east": {"uv": [3, 9, 12, 10], "texture": "#0"},
				"west": {"uv": [7, 12, 16, 13], "texture": "#0"},
				"up": {"uv": [3, 9, 12, 11], "rotation": 90, "texture": "#0"},
				"down": {"uv": [4, 1, 13, 3], "rotation": 90, "texture": "#0"}
			}
		},
		{
			"name": "Arm3",
			"from": [12, 14, 3],
			"to": [14, 15, 5],
			"rotation": {"angle": 0, "axis": "y", "origin": [12.5, 14, -2.5]},
			"faces": {
				"north": {"uv": [7, 3, 9, 4], "texture": "#0"},
				"east": {"uv": [2, 3, 3, 5], "rotation": 90, "texture": "#0"},
				"south": {"uv": [3, 5, 5, 6], "texture": "#0"},
				"west": {"uv": [7, 6, 8, 8], "rotation": 90, "texture": "#0"},
				"up": {"uv": [6, 3, 8, 5], "texture": "#0"}
			}
		},
		{
			"name": "Beam",
			"from": [4, 6, 2],
			"to": [12, 7, 3],
			"rotation": {"angle": 0, "axis": "y", "origin": [8, 0, 8]},
			"faces": {
				"north": {"uv": [1, 10, 9, 11], "texture": "#0"},
				"south": {"uv": [5, 2, 13, 3], "texture": "#0"},
				"up": {"uv": [0, 6, 8, 7], "texture": "#0"},
				"down": {"uv": [7, 6, 15, 7], "texture": "#0"}
			}
		},
		{
			"name": "Beam",
			"from": [4, 6, 13],
			"to": [12, 7, 14],
			"rotation": {"angle": 0, "axis": "y", "origin": [8, 0, 8]},
			"faces": {
				"north": {"uv": [8, 12, 16, 13], "texture": "#0"},
				"south": {"uv": [2, 2, 10, 3], "texture": "#0"},
				"up": {"uv": [3, 10, 11, 11], "texture": "#0"},
				"down": {"uv": [3, 9, 11, 10], "texture": "#0"}
			}
		},
		{
			"name": "Beam",
			"from": [3, 7, 4],
			"to": [4, 8, 12],
			"rotation": {"angle": 0, "axis": "y", "origin": [8, 0, 8]},
			"faces": {
				"east": {"uv": [6, 1, 14, 2], "texture": "#0"},
				"west": {"uv": [1, 10, 9, 11], "texture": "#0"},
				"up": {"uv": [0, 9, 8, 10], "rotation": 270, "texture": "#0"},
				"down": {"uv": [7, 9, 15, 10], "rotation": 90, "texture": "#0"}
			}
		},
		{
			"name": "Beam",
			"from": [12, 7, 4],
			"to": [13, 8, 12],
			"rotation": {"angle": 0, "axis": "y", "origin": [8, 0, 8]},
			"faces": {
				"east": {"uv": [2, 2, 10, 3], "texture": "#0"},
				"west": {"uv": [3, 9, 11, 10], "texture": "#0"},
				"up": {"uv": [3, 10, 11, 11], "rotation": 270, "texture": "#0"},
				"down": {"uv": [3, 8, 11, 9], "rotation": 90, "texture": "#0"}
			}
		}
	],
	"display": {
		"thirdperson_righthand": {
			"rotation": [45, 0, 0],
			"translation": [0, 1, 0],
			"scale": [0.35, 0.35, 0.35]
		},
		"thirdperson_lefthand": {
			"rotation": [45, 0, 0],
			"translation": [0, 1, 0],
			"scale": [0.35, 0.35, 0.35]
		},
		"firstperson_righthand": {
			"rotation": [-10, 15, 0],
			"translation": [1, 0, 0],
			"scale": [0.4, 0.4, 0.4]
		},
		"firstperson_lefthand": {
			"rotation": [-10, 15, 0],
			"translation": [1, 0, 0],
			"scale": [0.4, 0.4, 0.4]
		},
		"ground": {
			"translation": [0, 1, 0],
			"scale": [0.3, 0.3, 0.3]
		},
		"gui": {
			"rotation": [35, -135, 0],
			"translation": [0, -1.5, 0],
			"scale": [0.5, 0.5, 0.5]
		},
		"head": {
			"translation": [0, 1.5, 0]
		},
		"fixed": {
			"translation": [0, -3.5, -4.1],
			"scale": [0.8, 0.8, 0.8]
		}
	}
}