{
	"credit": "Made with Blockbench",
	"textures": {
		"2": "block/red_shulker_box"
	},
	"elements": [
		{
			"name": "middle",
			"from": [6, 9.01, 6],
			"to": [10, 10.01, 10],
			"rotation": {"angle": 0, "axis": "y", "origin": [8, -1.5, 8]},
			"faces": {
				"up": {"uv": [6, 6, 10, 10], "rotation": 180, "texture": "#2"}
			}
		},
		{
			"name": "Side",
			"from": [10, 9.01, 6],
			"to": [13, 10.01, 10],
			"rotation": {"angle": 0, "axis": "y", "origin": [8, -1.5, 8]},
			"faces": {
				"up": {"uv": [13, 4, 16, 8], "texture": "#2"}
			}
		},
		{
			"name": "Side",
			"from": [6, 9.01, 3],
			"to": [10, 10.01, 6],
			"rotation": {"angle": 0, "axis": "y", "origin": [8, -1.5, 8]},
			"faces": {
				"up": {"uv": [8, 13, 12, 16], "rotation": 180, "texture": "#2"}
			}
		},
		{
			"name": "Side",
			"from": [3, 9.01, 6],
			"to": [6, 10.01, 10],
			"rotation": {"angle": 0, "axis": "y", "origin": [8, -1.5, 8]},
			"faces": {
				"up": {"uv": [13, 4, 16, 8], "rotation": 180, "texture": "#2"}
			}
		},
		{
			"name": "Corner",
			"from": [10, 9.01, 3],
			"to": [13, 10.01, 6],
			"rotation": {"angle": 0, "axis": "y", "origin": [8, -1.5, 8]},
			"faces": {
				"up": {"uv": [13, 13, 16, 16], "rotation": 270, "texture": "#2"}
			}
		},
		{
			"name": "Corner",
			"from": [3, 9.01, 3],
			"to": [6, 10.01, 6],
			"rotation": {"angle": 0, "axis": "y", "origin": [8, -1.5, 8]},
			"faces": {
				"up": {"uv": [13, 13, 16, 16], "rotation": 180, "texture": "#2"}
			}
		},
		{
			"name": "Corner",
			"from": [3, 9.01, 10],
			"to": [6, 10.01, 13],
			"rotation": {"angle": 0, "axis": "y", "origin": [8, -1.5, 8]},
			"faces": {
				"up": {"uv": [13, 13, 16, 16], "rotation": 90, "texture": "#2"}
			}
		},
		{
			"name": "Side",
			"from": [6, 9.01, 10],
			"to": [10, 10.01, 13],
			"rotation": {"angle": 0, "axis": "y", "origin": [8, -1.5, 8]},
			"faces": {
				"up": {"uv": [8, 13, 12, 16], "texture": "#2"}
			}
		},
		{
			"name": "Corner",
			"from": [10, 9.01, 10],
			"to": [13, 10.01, 13],
			"rotation": {"angle": 0, "axis": "y", "origin": [8, -1.5, 8]},
			"faces": {
				"up": {"uv": [13, 13, 16, 16], "texture": "#2"}
			}
		}
	],
	"display": {
		"thirdperson_righthand": {
			"scale": [0.85, 0.85, 0.85]
		},
		"thirdperson_lefthand": {
			"rotation": [90, 90, 0],
			"translation": [-3.93, -2, -5.29],
			"scale": [2.02, 2.01, 2.02]
		},
		"firstperson_lefthand": {
			"scale": [0.2, 0.2, 0.2]
		},
		"gui": {
			"rotation": [30, 35, 0],
			"translation": [0, -4, 0],
			"scale": [0.5, 0.5, 0.5]
		},
		"head": {
			"rotation": [0, 180, 0],
			"translation": [0, -0.5, 0]
		},
		"fixed": {
			"translation": [0, -4, 0],
			"scale": [0.5, 0.5, 0.5]
		}
	}
}